Handle,Title,Body (HTML),Vendor,Product Category,Type,Tags,Published,Option1 Name,Option1 Value,Option2 Name,Option2 Value,Option3 Name,Option3 Value,Variant SKU,Variant Grams,Variant Inventory Tracker,Variant Inventory Qty,Variant Inventory Policy,Variant Fulfillment Service,Variant Price,Variant Compare At Price,Variant Requires Shipping,Variant Taxable,Variant Barcode,Image Src,Image Position,Variant Image,Variant Weight Unit,Status
"tenis-off-white-denim-fender","Tênis Off White Denim Fender","<div class=""vtex-flex-layout-0-x-flexColChild vtex-flex-layout-0-x-flexColChild--pdp__main-content-info pb2"">
<div id=""id-0bq9rk"" class=""vtex-disclosure-layout-1-x-content vtex-disclosure-layout-1-x-content--description-and-specification vtex-disclosure-layout-1-x-content--visible vtex-disclosure-layout-1-x-content--description-and-specification--visible"">
<div class=""vtex-store-components-3-x-productDescriptionContainer"">
<div class=""vtex-store-components-3-x-productDescriptionText c-muted-1"">
<div class=""vtex-flex-layout-0-x-flexColChild vtex-flex-layout-0-x-flexColChild--pdp__main-content-info pb2"">
<div id=""id-q6svuq"" class=""vtex-disclosure-layout-1-x-content vtex-disclosure-layout-1-x-content--description-and-specification vtex-disclosure-layout-1-x-content--visible vtex-disclosure-layout-1-x-content--description-and-specification--visible"">
<div class=""vtex-store-components-3-x-productDescriptionContainer"">
<div class=""vtex-store-components-3-x-productDescriptionText c-muted-1"">
<div class=""vtex-flex-layout-0-x-flexColChild vtex-flex-layout-0-x-flexColChild--pdp__main-content-info pb2"">
<div id=""id-88bu9d"" class=""vtex-disclosure-layout-1-x-content vtex-disclosure-layout-1-x-content--description-and-specification vtex-disclosure-layout-1-x-content--visible vtex-disclosure-layout-1-x-content--description-and-specification--visible"">
<div class=""vtex-store-components-3-x-productDescriptionContainer"">
<div class=""vtex-store-components-3-x-productDescriptionText c-muted-1"">
<div class=""vtex-flex-layout-0-x-flexColChild vtex-flex-layout-0-x-flexColChild--pdp__main-content-info pb2"">
<div id=""id-88eldj"" class=""vtex-disclosure-layout-1-x-content vtex-disclosure-layout-1-x-content--description-and-specification vtex-disclosure-layout-1-x-content--visible vtex-disclosure-layout-1-x-content--description-and-specification--visible"">
<div class=""vtex-store-components-3-x-productDescriptionContainer"">
<div class=""vtex-store-components-3-x-productDescriptionText c-muted-1"">
<p class=""MsoNormal"">O tênis de Couro Off White Denim Fender é um produto casual e moderno.</p>
<p class=""MsoNormal"">Possui fechamento em cadarço de amarrar, palmilha macia de P.U, bico arredondado, cabedal com recortes no couro e detalhe com o logo da marca na lateral e língua. A língua e o colarinho são acolchoados, o forro é de tecido e a sola é feita de micro expandido.</p>
<p class=""MsoNormal"">Conceito Denim - oferece liberdade para transitar de uma reunião de trabalho para um happy hour e estar bem vestido. Contemporâneo, despojado, confortável e leve, perfeito para o uso no dia a dia.</p>
</div>
</div>
</div>
</div>
</div>
</div>
</div>
</div>
</div>
</div>
</div>
</div>
</div>
</div>
</div>
</div>","Tema Conversão","","","","true","Tamanho do calçado","37","","","","","","0","","","deny","manual","72.00","240.00","TRUE","TRUE","","https://cdn.shopify.com/s/files/1/0721/1168/5771/files/169841-1600-1600.jpg?v=1766929946","1","https://cdn.shopify.com/s/files/1/0721/1168/5771/files/169841-1600-1600.jpg?v=1766929946","","active"
"tenis-off-white-denim-fender","","","","","","","","","38","","","","","","0","","","deny","manual","72.00","240.00","TRUE","TRUE","","https://cdn.shopify.com/s/files/1/0721/1168/5771/files/169843-1600-1600.jpg?v=1766929946","2","https://cdn.shopify.com/s/files/1/0721/1168/5771/files/169841-1600-1600.jpg?v=1766929946","",""
"tenis-off-white-denim-fender","","","","","","","","","39","","","","","","0","","","deny","manual","72.00","240.00","TRUE","TRUE","","https://cdn.shopify.com/s/files/1/0721/1168/5771/files/169844-1600-1600.jpg?v=1766929946","3","https://cdn.shopify.com/s/files/1/0721/1168/5771/files/169841-1600-1600.jpg?v=1766929946","",""
"tenis-off-white-denim-fender","","","","","","","","","40","","","","","","0","","","deny","manual","72.00","240.00","TRUE","TRUE","","https://cdn.shopify.com/s/files/1/0721/1168/5771/files/169845-1600-1600.jpg?v=1766929946","4","https://cdn.shopify.com/s/files/1/0721/1168/5771/files/169841-1600-1600.jpg?v=1766929946","",""
"tenis-off-white-denim-fender","","","","","","","","","41","","","","","","0","","","deny","manual","72.00","240.00","TRUE","TRUE","","","","https://cdn.shopify.com/s/files/1/0721/1168/5771/files/169841-1600-1600.jpg?v=1766929946","",""
"tenis-off-white-denim-fender","","","","","","","","","42","","","","","","0","","","deny","manual","72.00","240.00","TRUE","TRUE","","","","https://cdn.shopify.com/s/files/1/0721/1168/5771/files/169841-1600-1600.jpg?v=1766929946","",""
"tenis-off-white-denim-fender","","","","","","","","","43","","","","","","0","","","deny","manual","72.00","240.00","TRUE","TRUE","","","","https://cdn.shopify.com/s/files/1/0721/1168/5771/files/169841-1600-1600.jpg?v=1766929946","",""
"tenis-off-white-denim-fender","","","","","","","","","44","","","","","","0","","","deny","manual","72.00","240.00","TRUE","TRUE","","","","https://cdn.shopify.com/s/files/1/0721/1168/5771/files/169841-1600-1600.jpg?v=1766929946","",""
"tenis-denim-journey-extra-soft-laminado","Tênis Denim Journey Extra Soft Laminado","<div class=""vtex-flex-layout-0-x-flexColChild vtex-flex-layout-0-x-flexColChild--pdp__main-content-info pb2"">
<div class=""vtex-disclosure-layout-1-x-content vtex-disclosure-layout-1-x-content--description-and-specification vtex-disclosure-layout-1-x-content--visible vtex-disclosure-layout-1-x-content--description-and-specification--visible"" id=""id-0bq9rk"">
<div class=""vtex-store-components-3-x-productDescriptionContainer"">
<div class=""vtex-store-components-3-x-productDescriptionText c-muted-1"">
<div class=""vtex-flex-layout-0-x-flexColChild vtex-flex-layout-0-x-flexColChild--pdp__main-content-info pb2"">
<div class=""vtex-disclosure-layout-1-x-content vtex-disclosure-layout-1-x-content--description-and-specification vtex-disclosure-layout-1-x-content--visible vtex-disclosure-layout-1-x-content--description-and-specification--visible"" id=""id-q6svuq"">
<div class=""vtex-store-components-3-x-productDescriptionContainer"">
<div class=""vtex-store-components-3-x-productDescriptionText c-muted-1"">
<div class=""vtex-flex-layout-0-x-flexColChild vtex-flex-layout-0-x-flexColChild--pdp__main-content-info pb2"">
<div class=""vtex-disclosure-layout-1-x-content vtex-disclosure-layout-1-x-content--description-and-specification vtex-disclosure-layout-1-x-content--visible vtex-disclosure-layout-1-x-content--description-and-specification--visible"" id=""id-88bu9d"">
<div class=""vtex-store-components-3-x-productDescriptionContainer"">
<div class=""vtex-store-components-3-x-productDescriptionText c-muted-1"">
<div class=""vtex-flex-layout-0-x-flexColChild vtex-flex-layout-0-x-flexColChild--pdp__main-content-info pb2"">
<div class=""vtex-disclosure-layout-1-x-content vtex-disclosure-layout-1-x-content--description-and-specification vtex-disclosure-layout-1-x-content--visible vtex-disclosure-layout-1-x-content--description-and-specification--visible"" id=""id-88eldj"">
<div class=""vtex-store-components-3-x-productDescriptionContainer"">
<div class=""vtex-store-components-3-x-productDescriptionText c-muted-1"">
<p>O <span>Tênis Denim Journey Extra Soft</span> é confeccionado em <span>couro e knit</span> na cor Laminado. Possui fechamento em elástico, facilitando o calce, detalhe em couro com o logo da marca na parte superior do cabedal e puxador de couro no calcanhar. Sua sola de PU traz a inovadora tecnologia Extra Soft. A palmilha super macia de p.u com bi-densidade possui forro de <span>tecido</span>, aliada ao solado leve e ao design inteligente, são responsáveis por proporcionar o conforto extra pensado para o pé do homem.<br></p>
<p class=""MsoNormal""><br></p>
<p>Linha Denim - Liberdade para transitar de uma reunião de trabalho para um happy hour e estar bem vestido. Contemporâneo, despojado, confortável e leve, perfeito para o uso no dia a dia.</p>
</div>
</div>
</div>
</div>
</div>
</div>
</div>
</div>
</div>
</div>
</div>
</div>
</div>
</div>
</div>
</div>","Tema Conversão","","","","true","Tamanho do calçado","37","","","","","","0","","","deny","manual","97.00","324.00","TRUE","TRUE","","https://cdn.shopify.com/s/files/1/0721/1168/5771/files/169429-1600-1600.jpg?v=1766929939","1","","","active"
"tenis-denim-journey-extra-soft-laminado","","","","","","","","","38","","","","","","0","","","deny","manual","97.00","324.00","TRUE","TRUE","","https://cdn.shopify.com/s/files/1/0721/1168/5771/files/169430-1600-1600.jpg?v=1766929939","2","","",""
"tenis-denim-journey-extra-soft-laminado","","","","","","","","","39","","","","","","0","","","deny","manual","97.00","324.00","TRUE","TRUE","","https://cdn.shopify.com/s/files/1/0721/1168/5771/files/169431-1600-1600.jpg?v=1766929940","3","","",""
"tenis-denim-journey-extra-soft-laminado","","","","","","","","","40","","","","","","0","","","deny","manual","97.00","324.00","TRUE","TRUE","","https://cdn.shopify.com/s/files/1/0721/1168/5771/files/169432-1600-1600.jpg?v=1766929939","4","","",""
"tenis-denim-journey-extra-soft-laminado","","","","","","","","","41","","","","","","0","","","deny","manual","97.00","324.00","TRUE","TRUE","","https://cdn.shopify.com/s/files/1/0721/1168/5771/files/169503-1600-1600.jpg?v=1766929939","5","","",""
"tenis-denim-journey-extra-soft-laminado","","","","","","","","","42","","","","","","0","","","deny","manual","97.00","324.00","TRUE","TRUE","","","","","",""
"tenis-denim-journey-extra-soft-laminado","","","","","","","","","43","","","","","","0","","","deny","manual","97.00","324.00","TRUE","TRUE","","","","","",""
"tenis-denim-journey-extra-soft-laminado","","","","","","","","","44","","","","","","0","","","deny","manual","97.00","324.00","TRUE","TRUE","","","","","",""
"tenis-denim-jake-tan","Tênis Denim Jake Tan","<div class=""vtex-flex-layout-0-x-flexColChild vtex-flex-layout-0-x-flexColChild--pdp__main-content-info pb2"">
<div id=""id-0bq9rk"" class=""vtex-disclosure-layout-1-x-content vtex-disclosure-layout-1-x-content--description-and-specification vtex-disclosure-layout-1-x-content--visible vtex-disclosure-layout-1-x-content--description-and-specification--visible"">
<div class=""vtex-store-components-3-x-productDescriptionContainer"">
<div class=""vtex-store-components-3-x-productDescriptionText c-muted-1"">
<div class=""vtex-flex-layout-0-x-flexColChild vtex-flex-layout-0-x-flexColChild--pdp__main-content-info pb2"">
<div id=""id-q6svuq"" class=""vtex-disclosure-layout-1-x-content vtex-disclosure-layout-1-x-content--description-and-specification vtex-disclosure-layout-1-x-content--visible vtex-disclosure-layout-1-x-content--description-and-specification--visible"">
<div class=""vtex-store-components-3-x-productDescriptionContainer"">
<div class=""vtex-store-components-3-x-productDescriptionText c-muted-1"">
<div class=""vtex-flex-layout-0-x-flexColChild vtex-flex-layout-0-x-flexColChild--pdp__main-content-info pb2"">
<div id=""id-88bu9d"" class=""vtex-disclosure-layout-1-x-content vtex-disclosure-layout-1-x-content--description-and-specification vtex-disclosure-layout-1-x-content--visible vtex-disclosure-layout-1-x-content--description-and-specification--visible"">
<div class=""vtex-store-components-3-x-productDescriptionContainer"">
<div class=""vtex-store-components-3-x-productDescriptionText c-muted-1"">
<div class=""vtex-flex-layout-0-x-flexColChild vtex-flex-layout-0-x-flexColChild--pdp__main-content-info pb2"">
<div id=""id-88eldj"" class=""vtex-disclosure-layout-1-x-content vtex-disclosure-layout-1-x-content--description-and-specification vtex-disclosure-layout-1-x-content--visible vtex-disclosure-layout-1-x-content--description-and-specification--visible"">
<div class=""vtex-store-components-3-x-productDescriptionContainer"">
<div class=""vtex-store-components-3-x-productDescriptionText c-muted-1"">
<p>O <span>Tênis de Couro Azul Jeans</span> Denim Jake é um produto robusto e moderno, se destacando pelo solado com caixa alta que possui grande durabilidade.</p>
<p>Ele possui <span>fechamento em cadarço de amarrar, palmilha macia</span>, bico arredondado, cabedal com recortes no couro e detalhe com o logo da marca na lateral e língua. A língua e o colarinho são acolchoados, e a sola é feita de micro expandido blaqueada, ajudando assim a aumentar sua durabilidade.</p>
<p>A Linha Denim oferece liberdade para transitar de uma reunião de trabalho para um happy hour e estar bem vestido. Contemporâneo, despojado, confortável e leve, perfeito para o uso no dia a dia.</p>
</div>
</div>
</div>
</div>
</div>
</div>
</div>
</div>
</div>
</div>
</div>
</div>
</div>
</div>
</div>
</div>","Tema Conversão","","","","true","Tamanho do calçado","37","","","","","","0","","","deny","manual","89.97","299.90","TRUE","TRUE","","https://cdn.shopify.com/s/files/1/0721/1168/5771/files/169589-1600-1600.jpg?v=1766929882","1","https://cdn.shopify.com/s/files/1/0721/1168/5771/files/169589-1600-1600.jpg?v=1766929882","","active"
"tenis-denim-jake-tan","","","","","","","","","38","","","","","","0","","","deny","manual","89.97","299.90","TRUE","TRUE","","https://cdn.shopify.com/s/files/1/0721/1168/5771/files/169590-1600-1600.jpg?v=1766929883","2","https://cdn.shopify.com/s/files/1/0721/1168/5771/files/169589-1600-1600.jpg?v=1766929882","",""
"tenis-denim-jake-tan","","","","","","","","","39","","","","","","0","","","deny","manual","89.97","299.90","TRUE","TRUE","","https://cdn.shopify.com/s/files/1/0721/1168/5771/files/169592-1600-1600.jpg?v=1766929880","3","https://cdn.shopify.com/s/files/1/0721/1168/5771/files/169589-1600-1600.jpg?v=1766929882","",""
"tenis-denim-jake-tan","","","","","","","","","40","","","","","","0","","","deny","manual","89.97","299.90","TRUE","TRUE","","https://cdn.shopify.com/s/files/1/0721/1168/5771/files/169593-1600-1600.jpg?v=1766929884","4","https://cdn.shopify.com/s/files/1/0721/1168/5771/files/169589-1600-1600.jpg?v=1766929882","",""
"tenis-denim-jake-tan","","","","","","","","","41","","","","","","0","","","deny","manual","89.97","299.90","TRUE","TRUE","","","","https://cdn.shopify.com/s/files/1/0721/1168/5771/files/169589-1600-1600.jpg?v=1766929882","",""
"tenis-denim-jake-tan","","","","","","","","","42","","","","","","0","","","deny","manual","89.97","299.90","TRUE","TRUE","","","","https://cdn.shopify.com/s/files/1/0721/1168/5771/files/169589-1600-1600.jpg?v=1766929882","",""
"tenis-denim-jake-tan","","","","","","","","","43","","","","","","0","","","deny","manual","89.97","299.90","TRUE","TRUE","","","","https://cdn.shopify.com/s/files/1/0721/1168/5771/files/169589-1600-1600.jpg?v=1766929882","",""
"tenis-denim-jake-tan","","","","","","","","","44","","","","","","0","","","deny","manual","89.97","299.90","TRUE","TRUE","","","","https://cdn.shopify.com/s/files/1/0721/1168/5771/files/169589-1600-1600.jpg?v=1766929882","",""
"tenis-denim-jake-creme-cadarco","Tênis Denim Jake Creme Cadarço","<div class=""vtex-flex-layout-0-x-flexColChild vtex-flex-layout-0-x-flexColChild--pdp__main-content-info pb2"">
<div id=""id-0bq9rk"" class=""vtex-disclosure-layout-1-x-content vtex-disclosure-layout-1-x-content--description-and-specification vtex-disclosure-layout-1-x-content--visible vtex-disclosure-layout-1-x-content--description-and-specification--visible"">
<div class=""vtex-store-components-3-x-productDescriptionContainer"">
<div class=""vtex-store-components-3-x-productDescriptionText c-muted-1"">
<div class=""vtex-flex-layout-0-x-flexColChild vtex-flex-layout-0-x-flexColChild--pdp__main-content-info pb2"">
<div id=""id-q6svuq"" class=""vtex-disclosure-layout-1-x-content vtex-disclosure-layout-1-x-content--description-and-specification vtex-disclosure-layout-1-x-content--visible vtex-disclosure-layout-1-x-content--description-and-specification--visible"">
<div class=""vtex-store-components-3-x-productDescriptionContainer"">
<div class=""vtex-store-components-3-x-productDescriptionText c-muted-1"">
<div class=""vtex-flex-layout-0-x-flexColChild vtex-flex-layout-0-x-flexColChild--pdp__main-content-info pb2"">
<div id=""id-88bu9d"" class=""vtex-disclosure-layout-1-x-content vtex-disclosure-layout-1-x-content--description-and-specification vtex-disclosure-layout-1-x-content--visible vtex-disclosure-layout-1-x-content--description-and-specification--visible"">
<div class=""vtex-store-components-3-x-productDescriptionContainer"">
<div class=""vtex-store-components-3-x-productDescriptionText c-muted-1"">
<div class=""vtex-flex-layout-0-x-flexColChild vtex-flex-layout-0-x-flexColChild--pdp__main-content-info pb2"">
<div id=""id-88eldj"" class=""vtex-disclosure-layout-1-x-content vtex-disclosure-layout-1-x-content--description-and-specification vtex-disclosure-layout-1-x-content--visible vtex-disclosure-layout-1-x-content--description-and-specification--visible"">
<div class=""vtex-store-components-3-x-productDescriptionContainer"">
<div class=""vtex-store-components-3-x-productDescriptionText c-muted-1"">
<p>O <span>Tênis de Couro Azul Jeans</span> Denim Jake é um produto robusto e moderno, se destacando pelo solado com caixa alta que possui grande durabilidade.</p>
<p>Ele possui <span>fechamento em cadarço de amarrar, palmilha macia</span>, bico arredondado, cabedal com recortes no couro e detalhe com o logo da marca na lateral e língua. A língua e o colarinho são acolchoados, e a sola é feita de micro expandido blaqueada, ajudando assim a aumentar sua durabilidade.</p>
<p>A Linha Denim oferece liberdade para transitar de uma reunião de trabalho para um happy hour e estar bem vestido. Contemporâneo, despojado, confortável e leve, perfeito para o uso no dia a dia.</p>
</div>
</div>
</div>
</div>
</div>
</div>
</div>
</div>
</div>
</div>
</div>
</div>
</div>
</div>
</div>
</div>","Tema Conversão","","","","true","Tamanho do calçado","37","","","","","","0","","","deny","manual","89.97","299.90","TRUE","TRUE","","https://cdn.shopify.com/s/files/1/0721/1168/5771/files/167738-1600-1600.jpg?v=1766929884","1","https://cdn.shopify.com/s/files/1/0721/1168/5771/files/167738-1600-1600.jpg?v=1766929884","","active"
"tenis-denim-jake-creme-cadarco","","","","","","","","","38","","","","","","0","","","deny","manual","89.97","299.90","TRUE","TRUE","","https://cdn.shopify.com/s/files/1/0721/1168/5771/files/167739-1600-1600.jpg?v=1766929881","2","https://cdn.shopify.com/s/files/1/0721/1168/5771/files/167738-1600-1600.jpg?v=1766929884","",""
"tenis-denim-jake-creme-cadarco","","","","","","","","","39","","","","","","0","","","deny","manual","89.97","299.90","TRUE","TRUE","","https://cdn.shopify.com/s/files/1/0721/1168/5771/files/167740-1600-1600.jpg?v=1766929886","3","https://cdn.shopify.com/s/files/1/0721/1168/5771/files/167738-1600-1600.jpg?v=1766929884","",""
"tenis-denim-jake-creme-cadarco","","","","","","","","","40","","","","","","0","","","deny","manual","89.97","299.90","TRUE","TRUE","","https://cdn.shopify.com/s/files/1/0721/1168/5771/files/167741-1600-1600.jpg?v=1766929884","4","https://cdn.shopify.com/s/files/1/0721/1168/5771/files/167738-1600-1600.jpg?v=1766929884","",""
"tenis-denim-jake-creme-cadarco","","","","","","","","","41","","","","","","0","","","deny","manual","89.97","299.90","TRUE","TRUE","","","","https://cdn.shopify.com/s/files/1/0721/1168/5771/files/167738-1600-1600.jpg?v=1766929884","",""
"tenis-denim-jake-creme-cadarco","","","","","","","","","42","","","","","","0","","","deny","manual","89.97","299.90","TRUE","TRUE","","","","https://cdn.shopify.com/s/files/1/0721/1168/5771/files/167738-1600-1600.jpg?v=1766929884","",""
"tenis-denim-jake-creme-cadarco","","","","","","","","","43","","","","","","0","","","deny","manual","89.97","299.90","TRUE","TRUE","","","","https://cdn.shopify.com/s/files/1/0721/1168/5771/files/167738-1600-1600.jpg?v=1766929884","",""
"tenis-denim-jake-creme-cadarco","","","","","","","","","44","","","","","","0","","","deny","manual","89.97","299.90","TRUE","TRUE","","","","https://cdn.shopify.com/s/files/1/0721/1168/5771/files/167738-1600-1600.jpg?v=1766929884","",""
"tenis-denim-jake-azul-jeans","Tênis Denim Jake Azul Jeans","<div class=""vtex-flex-layout-0-x-flexColChild vtex-flex-layout-0-x-flexColChild--pdp__main-content-info pb2"">
<div id=""id-0bq9rk"" class=""vtex-disclosure-layout-1-x-content vtex-disclosure-layout-1-x-content--description-and-specification vtex-disclosure-layout-1-x-content--visible vtex-disclosure-layout-1-x-content--description-and-specification--visible"">
<div class=""vtex-store-components-3-x-productDescriptionContainer"">
<div class=""vtex-store-components-3-x-productDescriptionText c-muted-1"">
<div class=""vtex-flex-layout-0-x-flexColChild vtex-flex-layout-0-x-flexColChild--pdp__main-content-info pb2"">
<div id=""id-q6svuq"" class=""vtex-disclosure-layout-1-x-content vtex-disclosure-layout-1-x-content--description-and-specification vtex-disclosure-layout-1-x-content--visible vtex-disclosure-layout-1-x-content--description-and-specification--visible"">
<div class=""vtex-store-components-3-x-productDescriptionContainer"">
<div class=""vtex-store-components-3-x-productDescriptionText c-muted-1"">
<div class=""vtex-flex-layout-0-x-flexColChild vtex-flex-layout-0-x-flexColChild--pdp__main-content-info pb2"">
<div id=""id-88bu9d"" class=""vtex-disclosure-layout-1-x-content vtex-disclosure-layout-1-x-content--description-and-specification vtex-disclosure-layout-1-x-content--visible vtex-disclosure-layout-1-x-content--description-and-specification--visible"">
<div class=""vtex-store-components-3-x-productDescriptionContainer"">
<div class=""vtex-store-components-3-x-productDescriptionText c-muted-1"">
<div class=""vtex-flex-layout-0-x-flexColChild vtex-flex-layout-0-x-flexColChild--pdp__main-content-info pb2"">
<div id=""id-88eldj"" class=""vtex-disclosure-layout-1-x-content vtex-disclosure-layout-1-x-content--description-and-specification vtex-disclosure-layout-1-x-content--visible vtex-disclosure-layout-1-x-content--description-and-specification--visible"">
<div class=""vtex-store-components-3-x-productDescriptionContainer"">
<div class=""vtex-store-components-3-x-productDescriptionText c-muted-1"">
<p>O <span>Tênis de Couro Azul Jeans</span> Denim Jake é um produto robusto e moderno, se destacando pelo solado com caixa alta que possui grande durabilidade.</p>
<p>Ele possui <span>fechamento em cadarço de amarrar, palmilha macia</span>, bico arredondado, cabedal com recortes no couro e detalhe com o logo da marca na lateral e língua. A língua e o colarinho são acolchoados, e a sola é feita de micro expandido blaqueada, ajudando assim a aumentar sua durabilidade.</p>
<p>A Linha Denim oferece liberdade para transitar de uma reunião de trabalho para um happy hour e estar bem vestido. Contemporâneo, despojado, confortável e leve, perfeito para o uso no dia a dia.</p>
</div>
</div>
</div>
</div>
</div>
</div>
</div>
</div>
</div>
</div>
</div>
</div>
</div>
</div>
</div>
</div>","Tema Conversão","","","","true","Tamanho do calçado","37","","","","","","0","","","deny","manual","89.97","299.90","TRUE","TRUE","","https://cdn.shopify.com/s/files/1/0721/1168/5771/files/167750-1600-1600.jpg?v=1766929882","1","https://cdn.shopify.com/s/files/1/0721/1168/5771/files/167750-1600-1600.jpg?v=1766929882","","active"
"tenis-denim-jake-azul-jeans","","","","","","","","","38","","","","","","0","","","deny","manual","89.97","299.90","TRUE","TRUE","","https://cdn.shopify.com/s/files/1/0721/1168/5771/files/167751-1600-1600.jpg?v=1766929882","2","https://cdn.shopify.com/s/files/1/0721/1168/5771/files/167750-1600-1600.jpg?v=1766929882","",""
"tenis-denim-jake-azul-jeans","","","","","","","","","39","","","","","","0","","","deny","manual","89.97","299.90","TRUE","TRUE","","https://cdn.shopify.com/s/files/1/0721/1168/5771/files/167752-1600-1600.jpg?v=1766929883","3","https://cdn.shopify.com/s/files/1/0721/1168/5771/files/167750-1600-1600.jpg?v=1766929882","",""
"tenis-denim-jake-azul-jeans","","","","","","","","","40","","","","","","0","","","deny","manual","89.97","299.90","TRUE","TRUE","","https://cdn.shopify.com/s/files/1/0721/1168/5771/files/167753-1600-1600.jpg?v=1766929882","4","https://cdn.shopify.com/s/files/1/0721/1168/5771/files/167750-1600-1600.jpg?v=1766929882","",""
"tenis-denim-jake-azul-jeans","","","","","","","","","41","","","","","","0","","","deny","manual","89.97","299.90","TRUE","TRUE","","","","https://cdn.shopify.com/s/files/1/0721/1168/5771/files/167750-1600-1600.jpg?v=1766929882","",""
"tenis-denim-jake-azul-jeans","","","","","","","","","42","","","","","","0","","","deny","manual","89.97","299.90","TRUE","TRUE","","","","https://cdn.shopify.com/s/files/1/0721/1168/5771/files/167750-1600-1600.jpg?v=1766929882","",""
"tenis-denim-jake-azul-jeans","","","","","","","","","43","","","","","","0","","","deny","manual","89.97","299.90","TRUE","TRUE","","","","https://cdn.shopify.com/s/files/1/0721/1168/5771/files/167750-1600-1600.jpg?v=1766929882","",""
"tenis-denim-jake-azul-jeans","","","","","","","","","44","","","","","","0","","","deny","manual","89.97","299.90","TRUE","TRUE","","","","https://cdn.shopify.com/s/files/1/0721/1168/5771/files/167750-1600-1600.jpg?v=1766929882","",""
"tenis-denim-fender-bege","Tênis Denim Fender Bege","<div class=""vtex-flex-layout-0-x-flexColChild vtex-flex-layout-0-x-flexColChild--pdp__main-content-info pb2"">
<div id=""id-0bq9rk"" class=""vtex-disclosure-layout-1-x-content vtex-disclosure-layout-1-x-content--description-and-specification vtex-disclosure-layout-1-x-content--visible vtex-disclosure-layout-1-x-content--description-and-specification--visible"">
<div class=""vtex-store-components-3-x-productDescriptionContainer"">
<div class=""vtex-store-components-3-x-productDescriptionText c-muted-1"">
<div class=""vtex-flex-layout-0-x-flexColChild vtex-flex-layout-0-x-flexColChild--pdp__main-content-info pb2"">
<div id=""id-q6svuq"" class=""vtex-disclosure-layout-1-x-content vtex-disclosure-layout-1-x-content--description-and-specification vtex-disclosure-layout-1-x-content--visible vtex-disclosure-layout-1-x-content--description-and-specification--visible"">
<div class=""vtex-store-components-3-x-productDescriptionContainer"">
<div class=""vtex-store-components-3-x-productDescriptionText c-muted-1"">
<div class=""vtex-flex-layout-0-x-flexColChild vtex-flex-layout-0-x-flexColChild--pdp__main-content-info pb2"">
<div id=""id-88bu9d"" class=""vtex-disclosure-layout-1-x-content vtex-disclosure-layout-1-x-content--description-and-specification vtex-disclosure-layout-1-x-content--visible vtex-disclosure-layout-1-x-content--description-and-specification--visible"">
<div class=""vtex-store-components-3-x-productDescriptionContainer"">
<div class=""vtex-store-components-3-x-productDescriptionText c-muted-1"">
<div class=""vtex-flex-layout-0-x-flexColChild vtex-flex-layout-0-x-flexColChild--pdp__main-content-info pb2"">
<div id=""id-88eldj"" class=""vtex-disclosure-layout-1-x-content vtex-disclosure-layout-1-x-content--description-and-specification vtex-disclosure-layout-1-x-content--visible vtex-disclosure-layout-1-x-content--description-and-specification--visible"">
<div class=""vtex-store-components-3-x-productDescriptionContainer"">
<div class=""vtex-store-components-3-x-productDescriptionText c-muted-1"">
<p class=""MsoNormal"">O tênis de Couro Bege Denim Fender é um produto casual e moderno.</p>
<p class=""MsoNormal"">Possui fechamento em cadarço de amarrar, palmilha macia de P.U, bico arredondado, cabedal com recortes no couro e detalhe com o logo da marca na lateral e língua. A língua e o colarinho são acolchoados, o forro é de tecido e a sola é feita de Micro Expandido.</p>
<p class=""MsoNormal"">Conceito Denim - oferece liberdade para transitar de uma reunião de trabalho para um happy hour e estar bem vestido. Contemporâneo, despojado, confortável e leve, perfeito para o uso no dia a dia.</p>
</div>
</div>
</div>
</div>
</div>
</div>
</div>
</div>
</div>
</div>
</div>
</div>
</div>
</div>
</div>
</div>","Tema Conversão","","","","true","Tamanho do calçado","37","","","","","","0","","","deny","manual","72.00","240.00","TRUE","TRUE","","https://cdn.shopify.com/s/files/1/0721/1168/5771/files/169836-1600-1600.jpg?v=1766929938","1","https://cdn.shopify.com/s/files/1/0721/1168/5771/files/169836-1600-1600.jpg?v=1766929938","","active"
"tenis-denim-fender-bege","","","","","","","","","38","","","","","","0","","","deny","manual","72.00","240.00","TRUE","TRUE","","https://cdn.shopify.com/s/files/1/0721/1168/5771/files/169837-1600-1600.jpg?v=1766929937","2","https://cdn.shopify.com/s/files/1/0721/1168/5771/files/169836-1600-1600.jpg?v=1766929938","",""
"tenis-denim-fender-bege","","","","","","","","","39","","","","","","0","","","deny","manual","72.00","240.00","TRUE","TRUE","","https://cdn.shopify.com/s/files/1/0721/1168/5771/files/169838-1600-1600.jpg?v=1766929938","3","https://cdn.shopify.com/s/files/1/0721/1168/5771/files/169836-1600-1600.jpg?v=1766929938","",""
"tenis-denim-fender-bege","","","","","","","","","40","","","","","","0","","","deny","manual","72.00","240.00","TRUE","TRUE","","https://cdn.shopify.com/s/files/1/0721/1168/5771/files/169840-1600-1600.jpg?v=1766929937","4","https://cdn.shopify.com/s/files/1/0721/1168/5771/files/169836-1600-1600.jpg?v=1766929938","",""
"tenis-denim-fender-bege","","","","","","","","","41","","","","","","0","","","deny","manual","72.00","240.00","TRUE","TRUE","","","","https://cdn.shopify.com/s/files/1/0721/1168/5771/files/169836-1600-1600.jpg?v=1766929938","",""
"tenis-denim-fender-bege","","","","","","","","","42","","","","","","0","","","deny","manual","72.00","240.00","TRUE","TRUE","","","","https://cdn.shopify.com/s/files/1/0721/1168/5771/files/169836-1600-1600.jpg?v=1766929938","",""
"tenis-denim-fender-bege","","","","","","","","","43","","","","","","0","","","deny","manual","72.00","240.00","TRUE","TRUE","","","","https://cdn.shopify.com/s/files/1/0721/1168/5771/files/169836-1600-1600.jpg?v=1766929938","",""
"tenis-denim-fender-bege","","","","","","","","","44","","","","","","0","","","deny","manual","72.00","240.00","TRUE","TRUE","","","","https://cdn.shopify.com/s/files/1/0721/1168/5771/files/169836-1600-1600.jpg?v=1766929938","",""
"tenis-denim-fender-azul","Tênis Denim Fender Azul","<div class=""vtex-flex-layout-0-x-flexColChild vtex-flex-layout-0-x-flexColChild--pdp__main-content-info pb2"">
<div id=""id-0bq9rk"" class=""vtex-disclosure-layout-1-x-content vtex-disclosure-layout-1-x-content--description-and-specification vtex-disclosure-layout-1-x-content--visible vtex-disclosure-layout-1-x-content--description-and-specification--visible"">
<div class=""vtex-store-components-3-x-productDescriptionContainer"">
<div class=""vtex-store-components-3-x-productDescriptionText c-muted-1"">
<div class=""vtex-flex-layout-0-x-flexColChild vtex-flex-layout-0-x-flexColChild--pdp__main-content-info pb2"">
<div id=""id-q6svuq"" class=""vtex-disclosure-layout-1-x-content vtex-disclosure-layout-1-x-content--description-and-specification vtex-disclosure-layout-1-x-content--visible vtex-disclosure-layout-1-x-content--description-and-specification--visible"">
<div class=""vtex-store-components-3-x-productDescriptionContainer"">
<div class=""vtex-store-components-3-x-productDescriptionText c-muted-1"">
<div class=""vtex-flex-layout-0-x-flexColChild vtex-flex-layout-0-x-flexColChild--pdp__main-content-info pb2"">
<div id=""id-88bu9d"" class=""vtex-disclosure-layout-1-x-content vtex-disclosure-layout-1-x-content--description-and-specification vtex-disclosure-layout-1-x-content--visible vtex-disclosure-layout-1-x-content--description-and-specification--visible"">
<div class=""vtex-store-components-3-x-productDescriptionContainer"">
<div class=""vtex-store-components-3-x-productDescriptionText c-muted-1"">
<div class=""vtex-flex-layout-0-x-flexColChild vtex-flex-layout-0-x-flexColChild--pdp__main-content-info pb2"">
<div id=""id-88eldj"" class=""vtex-disclosure-layout-1-x-content vtex-disclosure-layout-1-x-content--description-and-specification vtex-disclosure-layout-1-x-content--visible vtex-disclosure-layout-1-x-content--description-and-specification--visible"">
<div class=""vtex-store-components-3-x-productDescriptionContainer"">
<div class=""vtex-store-components-3-x-productDescriptionText c-muted-1"">
<p class=""MsoNormal"">O tênis de Couro Azul Denim Fender é um produto casual e moderno.</p>
<p class=""MsoNormal"">Possui fechamento em cadarço de amarrar, palmilha macia de P.U, bico arredondado, cabedal com recortes no couro e detalhe com o logo da marca na lateral e língua. A língua e o colarinho são acolchoados, o forro é de tecido e a sola é feita de micro expandido.</p>
<p class=""MsoNormal"">Conceito Denim - oferece liberdade para transitar de uma reunião de trabalho para um happy hour e estar bem vestido. Contemporâneo, despojado, confortável e leve, perfeito para o uso no dia a dia.</p>
</div>
</div>
</div>
</div>
</div>
</div>
</div>
</div>
</div>
</div>
</div>
</div>
</div>
</div>
</div>
</div>","Tema Conversão","","","","true","Tamanho do calçado","37","","","","","","0","","","deny","manual","72.00","240.00","TRUE","TRUE","","https://cdn.shopify.com/s/files/1/0721/1168/5771/files/169832-1600-1600.jpg?v=1766929938","1","https://cdn.shopify.com/s/files/1/0721/1168/5771/files/169832-1600-1600.jpg?v=1766929938","","active"
"tenis-denim-fender-azul","","","","","","","","","38","","","","","","0","","","deny","manual","72.00","240.00","TRUE","TRUE","","https://cdn.shopify.com/s/files/1/0721/1168/5771/files/169833-1600-1600.jpg?v=1766929939","2","https://cdn.shopify.com/s/files/1/0721/1168/5771/files/169832-1600-1600.jpg?v=1766929938","",""
"tenis-denim-fender-azul","","","","","","","","","39","","","","","","0","","","deny","manual","72.00","240.00","TRUE","TRUE","","https://cdn.shopify.com/s/files/1/0721/1168/5771/files/169834-1600-1600.jpg?v=1766929939","3","https://cdn.shopify.com/s/files/1/0721/1168/5771/files/169832-1600-1600.jpg?v=1766929938","",""
"tenis-denim-fender-azul","","","","","","","","","40","","","","","","0","","","deny","manual","72.00","240.00","TRUE","TRUE","","https://cdn.shopify.com/s/files/1/0721/1168/5771/files/169835-1600-1600.jpg?v=1766929938","4","https://cdn.shopify.com/s/files/1/0721/1168/5771/files/169832-1600-1600.jpg?v=1766929938","",""
"tenis-denim-fender-azul","","","","","","","","","41","","","","","","0","","","deny","manual","72.00","240.00","TRUE","TRUE","","","","https://cdn.shopify.com/s/files/1/0721/1168/5771/files/169832-1600-1600.jpg?v=1766929938","",""
"tenis-denim-fender-azul","","","","","","","","","42","","","","","","0","","","deny","manual","72.00","240.00","TRUE","TRUE","","","","https://cdn.shopify.com/s/files/1/0721/1168/5771/files/169832-1600-1600.jpg?v=1766929938","",""
"tenis-denim-fender-azul","","","","","","","","","43","","","","","","0","","","deny","manual","72.00","240.00","TRUE","TRUE","","","","https://cdn.shopify.com/s/files/1/0721/1168/5771/files/169832-1600-1600.jpg?v=1766929938","",""
"tenis-denim-fender-azul","","","","","","","","","44","","","","","","0","","","deny","manual","72.00","240.00","TRUE","TRUE","","","","https://cdn.shopify.com/s/files/1/0721/1168/5771/files/169832-1600-1600.jpg?v=1766929938","",""
"tenis-denim-drake-pulse-preto","Tênis Denim Drake Pulse Preto","<div class=""vtex-flex-layout-0-x-flexColChild vtex-flex-layout-0-x-flexColChild--pdp__main-content-info pb2"">
<div id=""id-0bq9rk"" class=""vtex-disclosure-layout-1-x-content vtex-disclosure-layout-1-x-content--description-and-specification vtex-disclosure-layout-1-x-content--visible vtex-disclosure-layout-1-x-content--description-and-specification--visible"">
<div class=""vtex-store-components-3-x-productDescriptionContainer"">
<div class=""vtex-store-components-3-x-productDescriptionText c-muted-1"">
<div class=""vtex-flex-layout-0-x-flexColChild vtex-flex-layout-0-x-flexColChild--pdp__main-content-info pb2"">
<div id=""id-q6svuq"" class=""vtex-disclosure-layout-1-x-content vtex-disclosure-layout-1-x-content--description-and-specification vtex-disclosure-layout-1-x-content--visible vtex-disclosure-layout-1-x-content--description-and-specification--visible"">
<div class=""vtex-store-components-3-x-productDescriptionContainer"">
<div class=""vtex-store-components-3-x-productDescriptionText c-muted-1"">
<div class=""vtex-flex-layout-0-x-flexColChild vtex-flex-layout-0-x-flexColChild--pdp__main-content-info pb2"">
<div id=""id-88bu9d"" class=""vtex-disclosure-layout-1-x-content vtex-disclosure-layout-1-x-content--description-and-specification vtex-disclosure-layout-1-x-content--visible vtex-disclosure-layout-1-x-content--description-and-specification--visible"">
<div class=""vtex-store-components-3-x-productDescriptionContainer"">
<div class=""vtex-store-components-3-x-productDescriptionText c-muted-1"">
<div class=""vtex-flex-layout-0-x-flexColChild vtex-flex-layout-0-x-flexColChild--pdp__main-content-info pb2"">
<div id=""id-88eldj"" class=""vtex-disclosure-layout-1-x-content vtex-disclosure-layout-1-x-content--description-and-specification vtex-disclosure-layout-1-x-content--visible vtex-disclosure-layout-1-x-content--description-and-specification--visible"">
<div class=""vtex-store-components-3-x-productDescriptionContainer"">
<div class=""vtex-store-components-3-x-productDescriptionText c-muted-1"">
<p class=""MsoNormal"">O tênis Knit Preto Denim Drake Pulse é um produto leve e confortável.</p>
<p class=""MsoNormal"">Confeccionado em knit na cor preto, o  fechamento é de elástico facilitando ao calçar. Contém detalhe da logo da marca na lateral e no solado. Possui puxador no calcanhar e na língua. A palmilha é composta de P.U. e o solado é feito de T.P.U garantindo leveza e conforto.</p>
<p class=""MsoNormal"">Este produto contém a tecnologia Pulse.</p>
<p class=""MsoNormal"">Conceito Denim - Liberdade para transitar de uma reunião de trabalho para um happy hour e estar bem vestido. Contemporâneo, despojado, confortável e leve, perfeito para o uso no dia a dia. </p>
</div>
</div>
</div>
</div>
</div>
</div>
</div>
</div>
</div>
</div>
</div>
</div>
</div>
</div>
</div>
</div>","Tema Conversão","","","","true","Tamanho do calçado","37","","","","","","0","","","deny","manual","114.00","380.00","TRUE","TRUE","","https://cdn.shopify.com/s/files/1/0721/1168/5771/files/170183-1600-1600.jpg?v=1766929808","1","https://cdn.shopify.com/s/files/1/0721/1168/5771/files/170183-1600-1600.jpg?v=1766929808","","active"
"tenis-denim-drake-pulse-preto","","","","","","","","","38","","","","","","0","","","deny","manual","114.00","380.00","TRUE","TRUE","","https://cdn.shopify.com/s/files/1/0721/1168/5771/files/170217-1600-1600.jpg?v=1766929809","2","https://cdn.shopify.com/s/files/1/0721/1168/5771/files/170183-1600-1600.jpg?v=1766929808","",""
"tenis-denim-drake-pulse-preto","","","","","","","","","39","","","","","","0","","","deny","manual","114.00","380.00","TRUE","TRUE","","https://cdn.shopify.com/s/files/1/0721/1168/5771/files/170218-1600-1600.jpg?v=1766929816","3","https://cdn.shopify.com/s/files/1/0721/1168/5771/files/170183-1600-1600.jpg?v=1766929808","",""
"tenis-denim-drake-pulse-preto","","","","","","","","","40","","","","","","0","","","deny","manual","114.00","380.00","TRUE","TRUE","","https://cdn.shopify.com/s/files/1/0721/1168/5771/files/170219-1600-1600.jpg?v=1766929810","4","https://cdn.shopify.com/s/files/1/0721/1168/5771/files/170183-1600-1600.jpg?v=1766929808","",""
"tenis-denim-drake-pulse-preto","","","","","","","","","41","","","","","","0","","","deny","manual","114.00","380.00","TRUE","TRUE","","https://cdn.shopify.com/s/files/1/0721/1168/5771/files/170220-1600-1600.jpg?v=1766929809","5","https://cdn.shopify.com/s/files/1/0721/1168/5771/files/170183-1600-1600.jpg?v=1766929808","",""
"tenis-denim-drake-pulse-preto","","","","","","","","","42","","","","","","0","","","deny","manual","114.00","380.00","TRUE","TRUE","","","","https://cdn.shopify.com/s/files/1/0721/1168/5771/files/170183-1600-1600.jpg?v=1766929808","",""
"tenis-denim-drake-pulse-preto","","","","","","","","","43","","","","","","0","","","deny","manual","114.00","380.00","TRUE","TRUE","","","","https://cdn.shopify.com/s/files/1/0721/1168/5771/files/170183-1600-1600.jpg?v=1766929808","",""
"tenis-denim-drake-pulse-preto","","","","","","","","","44","","","","","","0","","","deny","manual","114.00","380.00","TRUE","TRUE","","","","https://cdn.shopify.com/s/files/1/0721/1168/5771/files/170183-1600-1600.jpg?v=1766929808","",""
"tenis-denim-drake-pulse-marrom","Tênis Denim Drake Pulse Marrom","<div class=""vtex-flex-layout-0-x-flexColChild vtex-flex-layout-0-x-flexColChild--pdp__main-content-info pb2"">
<div id=""id-0bq9rk"" class=""vtex-disclosure-layout-1-x-content vtex-disclosure-layout-1-x-content--description-and-specification vtex-disclosure-layout-1-x-content--visible vtex-disclosure-layout-1-x-content--description-and-specification--visible"">
<div class=""vtex-store-components-3-x-productDescriptionContainer"">
<div class=""vtex-store-components-3-x-productDescriptionText c-muted-1"">
<div class=""vtex-flex-layout-0-x-flexColChild vtex-flex-layout-0-x-flexColChild--pdp__main-content-info pb2"">
<div id=""id-q6svuq"" class=""vtex-disclosure-layout-1-x-content vtex-disclosure-layout-1-x-content--description-and-specification vtex-disclosure-layout-1-x-content--visible vtex-disclosure-layout-1-x-content--description-and-specification--visible"">
<div class=""vtex-store-components-3-x-productDescriptionContainer"">
<div class=""vtex-store-components-3-x-productDescriptionText c-muted-1"">
<div class=""vtex-flex-layout-0-x-flexColChild vtex-flex-layout-0-x-flexColChild--pdp__main-content-info pb2"">
<div id=""id-88bu9d"" class=""vtex-disclosure-layout-1-x-content vtex-disclosure-layout-1-x-content--description-and-specification vtex-disclosure-layout-1-x-content--visible vtex-disclosure-layout-1-x-content--description-and-specification--visible"">
<div class=""vtex-store-components-3-x-productDescriptionContainer"">
<div class=""vtex-store-components-3-x-productDescriptionText c-muted-1"">
<div class=""vtex-flex-layout-0-x-flexColChild vtex-flex-layout-0-x-flexColChild--pdp__main-content-info pb2"">
<div id=""id-88eldj"" class=""vtex-disclosure-layout-1-x-content vtex-disclosure-layout-1-x-content--description-and-specification vtex-disclosure-layout-1-x-content--visible vtex-disclosure-layout-1-x-content--description-and-specification--visible"">
<div class=""vtex-store-components-3-x-productDescriptionContainer"">
<div class=""vtex-store-components-3-x-productDescriptionText c-muted-1"">
<p class=""MsoNormal"">O tênis Knit Marrom Denim Drake Pulse é um produto leve e confortável.</p>
<p class=""MsoNormal"">Confeccionado em knit na cor marrom, o  fechamento é de elástico facilitando ao calçar. Contém detalhe da logo da marca na lateral e no solado. Possui puxador no calcanhar e na língua. A palmilha é composta de P.U. e o solado é feito de T.P.U garantindo leveza e conforto.</p>
<p class=""MsoNormal"">Este produto contém a tecnologia Pulse.</p>
<p class=""MsoNormal"">Conceito Denim - Liberdade para transitar de uma reunião de trabalho para um happy hour e estar bem vestido. Contemporâneo, despojado, confortável e leve, perfeito para o uso no dia a dia. </p>
</div>
</div>
</div>
</div>
</div>
</div>
</div>
</div>
</div>
</div>
</div>
</div>
</div>
</div>
</div>
</div>","Tema Conversão","","","","true","Tamanho do calçado","37","","","","","","0","","","deny","manual","114.00","380.00","TRUE","TRUE","","https://cdn.shopify.com/s/files/1/0721/1168/5771/files/170184-1600-1600.jpg?v=1766929810","1","https://cdn.shopify.com/s/files/1/0721/1168/5771/files/170184-1600-1600.jpg?v=1766929810","","active"
"tenis-denim-drake-pulse-marrom","","","","","","","","","38","","","","","","0","","","deny","manual","114.00","380.00","TRUE","TRUE","","https://cdn.shopify.com/s/files/1/0721/1168/5771/files/170221-1600-1600.jpg?v=1766929817","2","https://cdn.shopify.com/s/files/1/0721/1168/5771/files/170184-1600-1600.jpg?v=1766929810","",""
"tenis-denim-drake-pulse-marrom","","","","","","","","","39","","","","","","0","","","deny","manual","114.00","380.00","TRUE","TRUE","","https://cdn.shopify.com/s/files/1/0721/1168/5771/files/170222-1600-1600.jpg?v=1766929810","3","https://cdn.shopify.com/s/files/1/0721/1168/5771/files/170184-1600-1600.jpg?v=1766929810","",""
"tenis-denim-drake-pulse-marrom","","","","","","","","","40","","","","","","0","","","deny","manual","114.00","380.00","TRUE","TRUE","","https://cdn.shopify.com/s/files/1/0721/1168/5771/files/170301-1600-1600.jpg?v=1766929812","4","https://cdn.shopify.com/s/files/1/0721/1168/5771/files/170184-1600-1600.jpg?v=1766929810","",""
"tenis-denim-drake-pulse-marrom","","","","","","","","","41","","","","","","0","","","deny","manual","114.00","380.00","TRUE","TRUE","","https://cdn.shopify.com/s/files/1/0721/1168/5771/files/170302-1600-1600.jpg?v=1766929811","5","https://cdn.shopify.com/s/files/1/0721/1168/5771/files/170184-1600-1600.jpg?v=1766929810","",""
"tenis-denim-drake-pulse-marrom","","","","","","","","","42","","","","","","0","","","deny","manual","114.00","380.00","TRUE","TRUE","","","","https://cdn.shopify.com/s/files/1/0721/1168/5771/files/170184-1600-1600.jpg?v=1766929810","",""
"tenis-denim-drake-pulse-marrom","","","","","","","","","43","","","","","","0","","","deny","manual","114.00","380.00","TRUE","TRUE","","","","https://cdn.shopify.com/s/files/1/0721/1168/5771/files/170184-1600-1600.jpg?v=1766929810","",""
"tenis-denim-drake-pulse-marrom","","","","","","","","","44","","","","","","0","","","deny","manual","114.00","380.00","TRUE","TRUE","","","","https://cdn.shopify.com/s/files/1/0721/1168/5771/files/170184-1600-1600.jpg?v=1766929810","",""
"tenis-denim-drake-pulse-creme","Tênis Denim Drake Pulse Creme","<div class=""vtex-flex-layout-0-x-flexColChild vtex-flex-layout-0-x-flexColChild--pdp__main-content-info pb2"">
<div id=""id-0bq9rk"" class=""vtex-disclosure-layout-1-x-content vtex-disclosure-layout-1-x-content--description-and-specification vtex-disclosure-layout-1-x-content--visible vtex-disclosure-layout-1-x-content--description-and-specification--visible"">
<div class=""vtex-store-components-3-x-productDescriptionContainer"">
<div class=""vtex-store-components-3-x-productDescriptionText c-muted-1"">
<div class=""vtex-flex-layout-0-x-flexColChild vtex-flex-layout-0-x-flexColChild--pdp__main-content-info pb2"">
<div id=""id-q6svuq"" class=""vtex-disclosure-layout-1-x-content vtex-disclosure-layout-1-x-content--description-and-specification vtex-disclosure-layout-1-x-content--visible vtex-disclosure-layout-1-x-content--description-and-specification--visible"">
<div class=""vtex-store-components-3-x-productDescriptionContainer"">
<div class=""vtex-store-components-3-x-productDescriptionText c-muted-1"">
<div class=""vtex-flex-layout-0-x-flexColChild vtex-flex-layout-0-x-flexColChild--pdp__main-content-info pb2"">
<div id=""id-88bu9d"" class=""vtex-disclosure-layout-1-x-content vtex-disclosure-layout-1-x-content--description-and-specification vtex-disclosure-layout-1-x-content--visible vtex-disclosure-layout-1-x-content--description-and-specification--visible"">
<div class=""vtex-store-components-3-x-productDescriptionContainer"">
<div class=""vtex-store-components-3-x-productDescriptionText c-muted-1"">
<div class=""vtex-flex-layout-0-x-flexColChild vtex-flex-layout-0-x-flexColChild--pdp__main-content-info pb2"">
<div id=""id-88eldj"" class=""vtex-disclosure-layout-1-x-content vtex-disclosure-layout-1-x-content--description-and-specification vtex-disclosure-layout-1-x-content--visible vtex-disclosure-layout-1-x-content--description-and-specification--visible"">
<div class=""vtex-store-components-3-x-productDescriptionContainer"">
<div class=""vtex-store-components-3-x-productDescriptionText c-muted-1"">
<p class=""MsoNormal"">O tênis Knit Creme Denim Drake Pulse é um produto leve e confortável.</p>
<p class=""MsoNormal"">Confeccionado em knit na cor creme, o fechamento é de elástico facilitando ao calçar. Contém detalhe da logo da marca na lateral e no solado. Possui puxador no calcanhar e na língua. A palmilha é composta de P.U. e o solado é feito de T.P.U garantindo leveza e conforto.</p>
<p class=""MsoNormal"">Este produto contém a tecnologia Pulse.</p>
<p class=""MsoNormal"">Conceito Denim - Liberdade para transitar de uma reunião de trabalho para um happy hour e estar bem vestido. Contemporâneo, despojado, confortável e leve, perfeito para o uso no dia a dia.</p>
</div>
</div>
</div>
</div>
</div>
</div>
</div>
</div>
</div>
</div>
</div>
</div>
</div>
</div>
</div>
</div>","Tema Conversão","","","","true","Tamanho do calçado","37","","","","","","0","","","deny","manual","114.00","380.00","TRUE","TRUE","","https://cdn.shopify.com/s/files/1/0721/1168/5771/files/170185-1600-1600.jpg?v=1766929812","1","https://cdn.shopify.com/s/files/1/0721/1168/5771/files/170185-1600-1600.jpg?v=1766929812","","active"
"tenis-denim-drake-pulse-creme","","","","","","","","","38","","","","","","0","","","deny","manual","114.00","380.00","TRUE","TRUE","","https://cdn.shopify.com/s/files/1/0721/1168/5771/files/170225-1600-1600.jpg?v=1766929880","2","https://cdn.shopify.com/s/files/1/0721/1168/5771/files/170185-1600-1600.jpg?v=1766929812","",""
"tenis-denim-drake-pulse-creme","","","","","","","","","39","","","","","","0","","","deny","manual","114.00","380.00","TRUE","TRUE","","https://cdn.shopify.com/s/files/1/0721/1168/5771/files/170227-1600-1600.jpg?v=1766929811","3","https://cdn.shopify.com/s/files/1/0721/1168/5771/files/170185-1600-1600.jpg?v=1766929812","",""
"tenis-denim-drake-pulse-creme","","","","","","","","","40","","","","","","0","","","deny","manual","114.00","380.00","TRUE","TRUE","","https://cdn.shopify.com/s/files/1/0721/1168/5771/files/170303-1600-1600.jpg?v=1766929876","4","https://cdn.shopify.com/s/files/1/0721/1168/5771/files/170185-1600-1600.jpg?v=1766929812","",""
"tenis-denim-drake-pulse-creme","","","","","","","","","41","","","","","","0","","","deny","manual","114.00","380.00","TRUE","TRUE","","https://cdn.shopify.com/s/files/1/0721/1168/5771/files/170304-1600-1600.jpg?v=1766929813","5","https://cdn.shopify.com/s/files/1/0721/1168/5771/files/170185-1600-1600.jpg?v=1766929812","",""
"tenis-denim-drake-pulse-creme","","","","","","","","","42","","","","","","0","","","deny","manual","114.00","380.00","TRUE","TRUE","","https://cdn.shopify.com/s/files/1/0721/1168/5771/files/170305-1600-1600.jpg?v=1766929813","6","https://cdn.shopify.com/s/files/1/0721/1168/5771/files/170185-1600-1600.jpg?v=1766929812","",""
"tenis-denim-drake-pulse-creme","","","","","","","","","43","","","","","","0","","","deny","manual","114.00","380.00","TRUE","TRUE","","","","https://cdn.shopify.com/s/files/1/0721/1168/5771/files/170185-1600-1600.jpg?v=1766929812","",""
"tenis-denim-drake-pulse-creme","","","","","","","","","44","","","","","","0","","","deny","manual","114.00","380.00","TRUE","TRUE","","","","https://cdn.shopify.com/s/files/1/0721/1168/5771/files/170185-1600-1600.jpg?v=1766929812","",""
"tenis-denim-drake-branco-pulse","Tênis Denim Drake Branco Pulse","<div class=""vtex-flex-layout-0-x-flexColChild vtex-flex-layout-0-x-flexColChild--pdp__main-content-info pb2"">
<div id=""id-0bq9rk"" class=""vtex-disclosure-layout-1-x-content vtex-disclosure-layout-1-x-content--description-and-specification vtex-disclosure-layout-1-x-content--visible vtex-disclosure-layout-1-x-content--description-and-specification--visible"">
<div class=""vtex-store-components-3-x-productDescriptionContainer"">
<div class=""vtex-store-components-3-x-productDescriptionText c-muted-1"">
<div class=""vtex-flex-layout-0-x-flexColChild vtex-flex-layout-0-x-flexColChild--pdp__main-content-info pb2"">
<div id=""id-q6svuq"" class=""vtex-disclosure-layout-1-x-content vtex-disclosure-layout-1-x-content--description-and-specification vtex-disclosure-layout-1-x-content--visible vtex-disclosure-layout-1-x-content--description-and-specification--visible"">
<div class=""vtex-store-components-3-x-productDescriptionContainer"">
<div class=""vtex-store-components-3-x-productDescriptionText c-muted-1"">
<div class=""vtex-flex-layout-0-x-flexColChild vtex-flex-layout-0-x-flexColChild--pdp__main-content-info pb2"">
<div id=""id-88bu9d"" class=""vtex-disclosure-layout-1-x-content vtex-disclosure-layout-1-x-content--description-and-specification vtex-disclosure-layout-1-x-content--visible vtex-disclosure-layout-1-x-content--description-and-specification--visible"">
<div class=""vtex-store-components-3-x-productDescriptionContainer"">
<div class=""vtex-store-components-3-x-productDescriptionText c-muted-1"">
<div class=""vtex-flex-layout-0-x-flexColChild vtex-flex-layout-0-x-flexColChild--pdp__main-content-info pb2"">
<div id=""id-88eldj"" class=""vtex-disclosure-layout-1-x-content vtex-disclosure-layout-1-x-content--description-and-specification vtex-disclosure-layout-1-x-content--visible vtex-disclosure-layout-1-x-content--description-and-specification--visible"">
<div class=""vtex-store-components-3-x-productDescriptionContainer"">
<div class=""vtex-store-components-3-x-productDescriptionText c-muted-1"">
<p class=""MsoNormal"">O tênis de couro Branco Denim Drake Pulse é um produto confortável e leve.</p>
<p class=""MsoNormal"">Confeccionado em couro na cor branco, fechamento de cadarço de amarrar, contém detalhes perfurado e em pesponto no couro. O bico é arredondado e a palmilha é feita de P.U.</p>
<p class=""MsoNormal"">Possui detalhe da logo da marca no calcanhar. O solado é feito de T.P.U, garantindo leveza e conforto.</p>
<p class=""MsoNormal"">Este modelo contém a tecnologia Pulse.<span></span></p>
<p class=""MsoNormal"">Conceito Denim - Liberdade para transitar de uma reunião de trabalho para um happy hour e estar bem vestido. Contemporâneo, despojado, confortável e leve, perfeito para o uso no dia a dia.</p>
</div>
</div>
</div>
</div>
</div>
</div>
</div>
</div>
</div>
</div>
</div>
</div>
</div>
</div>
</div>
</div>","Tema Conversão","","","","true","Tamanho do calçado","37","","","","","","0","","","deny","manual","114.00","380.00","TRUE","TRUE","","https://cdn.shopify.com/s/files/1/0721/1168/5771/files/170181-1600-1600.jpg?v=1766929888","1","https://cdn.shopify.com/s/files/1/0721/1168/5771/files/170181-1600-1600.jpg?v=1766929888","","active"
"tenis-denim-drake-branco-pulse","","","","","","","","","38","","","","","","0","","","deny","manual","114.00","380.00","TRUE","TRUE","","https://cdn.shopify.com/s/files/1/0721/1168/5771/files/170213-1600-1600.jpg?v=1766929827","2","https://cdn.shopify.com/s/files/1/0721/1168/5771/files/170181-1600-1600.jpg?v=1766929888","",""
"tenis-denim-drake-branco-pulse","","","","","","","","","39","","","","","","0","","","deny","manual","114.00","380.00","TRUE","TRUE","","https://cdn.shopify.com/s/files/1/0721/1168/5771/files/170214-1600-1600.jpg?v=1766929811","3","https://cdn.shopify.com/s/files/1/0721/1168/5771/files/170181-1600-1600.jpg?v=1766929888","",""
"tenis-denim-drake-branco-pulse","","","","","","","","","40","","","","","","0","","","deny","manual","114.00","380.00","TRUE","TRUE","","https://cdn.shopify.com/s/files/1/0721/1168/5771/files/170295-1600-1600.jpg?v=1766929810","4","https://cdn.shopify.com/s/files/1/0721/1168/5771/files/170181-1600-1600.jpg?v=1766929888","",""
"tenis-denim-drake-branco-pulse","","","","","","","","","41","","","","","","0","","","deny","manual","114.00","380.00","TRUE","TRUE","","https://cdn.shopify.com/s/files/1/0721/1168/5771/files/170296-1600-1600.jpg?v=1766929813","5","https://cdn.shopify.com/s/files/1/0721/1168/5771/files/170181-1600-1600.jpg?v=1766929888","",""
"tenis-denim-drake-branco-pulse","","","","","","","","","42","","","","","","0","","","deny","manual","114.00","380.00","TRUE","TRUE","","","","https://cdn.shopify.com/s/files/1/0721/1168/5771/files/170181-1600-1600.jpg?v=1766929888","",""
"tenis-denim-drake-branco-pulse","","","","","","","","","43","","","","","","0","","","deny","manual","114.00","380.00","TRUE","TRUE","","","","https://cdn.shopify.com/s/files/1/0721/1168/5771/files/170181-1600-1600.jpg?v=1766929888","",""
"tenis-denim-drake-branco-pulse","","","","","","","","","44","","","","","","0","","","deny","manual","114.00","380.00","TRUE","TRUE","","","","https://cdn.shopify.com/s/files/1/0721/1168/5771/files/170181-1600-1600.jpg?v=1766929888","",""
"tenis-denim-dave-off-white","Tênis Denim Dave Off White","<div class=""vtex-flex-layout-0-x-flexColChild vtex-flex-layout-0-x-flexColChild--pdp__main-content-info pb2"">
<div class=""vtex-disclosure-layout-1-x-content vtex-disclosure-layout-1-x-content--description-and-specification vtex-disclosure-layout-1-x-content--visible vtex-disclosure-layout-1-x-content--description-and-specification--visible"" id=""id-0bq9rk"">
<div class=""vtex-store-components-3-x-productDescriptionContainer"">
<div class=""vtex-store-components-3-x-productDescriptionText c-muted-1"">
<div class=""vtex-flex-layout-0-x-flexColChild vtex-flex-layout-0-x-flexColChild--pdp__main-content-info pb2"">
<div class=""vtex-disclosure-layout-1-x-content vtex-disclosure-layout-1-x-content--description-and-specification vtex-disclosure-layout-1-x-content--visible vtex-disclosure-layout-1-x-content--description-and-specification--visible"" id=""id-q6svuq"">
<div class=""vtex-store-components-3-x-productDescriptionContainer"">
<div class=""vtex-store-components-3-x-productDescriptionText c-muted-1"">
<div class=""vtex-flex-layout-0-x-flexColChild vtex-flex-layout-0-x-flexColChild--pdp__main-content-info pb2"">
<div class=""vtex-disclosure-layout-1-x-content vtex-disclosure-layout-1-x-content--description-and-specification vtex-disclosure-layout-1-x-content--visible vtex-disclosure-layout-1-x-content--description-and-specification--visible"" id=""id-88bu9d"">
<div class=""vtex-store-components-3-x-productDescriptionContainer"">
<div class=""vtex-store-components-3-x-productDescriptionText c-muted-1"">
<div class=""vtex-flex-layout-0-x-flexColChild vtex-flex-layout-0-x-flexColChild--pdp__main-content-info pb2"">
<div class=""vtex-disclosure-layout-1-x-content vtex-disclosure-layout-1-x-content--description-and-specification vtex-disclosure-layout-1-x-content--visible vtex-disclosure-layout-1-x-content--description-and-specification--visible"" id=""id-88eldj"">
<div class=""vtex-store-components-3-x-productDescriptionContainer"">
<div class=""vtex-store-components-3-x-productDescriptionText c-muted-1"">
<p class=""MsoNormal"">O tênis de couro Off White Denim Dave é um produto robusto e moderno.</p>
<p class=""MsoNormal"">Confeccionado em couro na cor off white, fechamento em cadarço de amarrar, possui puxador na língua e detalhe da logo da marca na lateral.</p>
<p class=""MsoNormal"">O solado é feito de Micro Expandido e a palmilha é macia feita de P.U com forro de tecido. O cabedal contem recortes no couro e o bico é arredondado.</p>
<p class=""MsoNormal"">Conceito Denim - Liberdade para transitar de uma reunião de trabalho para um happy hour e estar bem vestido. Contemporâneo, despojado, confortável e leve, perfeito para o uso no dia a dia.</p>
</div>
</div>
</div>
</div>
</div>
</div>
</div>
</div>
</div>
</div>
</div>
</div>
</div>
</div>
</div>
</div>","Tema Conversão","","","","true","Tamanho do calçado","37","","","","","","0","","","deny","manual","72.00","240.00","TRUE","TRUE","","https://cdn.shopify.com/s/files/1/0721/1168/5771/files/169778-1600-1600.jpg?v=1766929943","1","https://cdn.shopify.com/s/files/1/0721/1168/5771/files/169778-1600-1600.jpg?v=1766929943","","active"
"tenis-denim-dave-off-white","","","","","","","","","38","","","","","","0","","","deny","manual","72.00","240.00","TRUE","TRUE","","https://cdn.shopify.com/s/files/1/0721/1168/5771/files/169779-1600-1600.jpg?v=1766929943","2","https://cdn.shopify.com/s/files/1/0721/1168/5771/files/169778-1600-1600.jpg?v=1766929943","",""
"tenis-denim-dave-off-white","","","","","","","","","39","","","","","","0","","","deny","manual","72.00","240.00","TRUE","TRUE","","https://cdn.shopify.com/s/files/1/0721/1168/5771/files/169780-1600-1600.jpg?v=1766929944","3","https://cdn.shopify.com/s/files/1/0721/1168/5771/files/169778-1600-1600.jpg?v=1766929943","",""
"tenis-denim-dave-off-white","","","","","","","","","40","","","","","","0","","","deny","manual","72.00","240.00","TRUE","TRUE","","https://cdn.shopify.com/s/files/1/0721/1168/5771/files/169781-1600-1600.jpg?v=1766929943","4","https://cdn.shopify.com/s/files/1/0721/1168/5771/files/169778-1600-1600.jpg?v=1766929943","",""
"tenis-denim-dave-off-white","","","","","","","","","41","","","","","","0","","","deny","manual","72.00","240.00","TRUE","TRUE","","","","https://cdn.shopify.com/s/files/1/0721/1168/5771/files/169778-1600-1600.jpg?v=1766929943","",""
"tenis-denim-dave-off-white","","","","","","","","","42","","","","","","0","","","deny","manual","72.00","240.00","TRUE","TRUE","","","","https://cdn.shopify.com/s/files/1/0721/1168/5771/files/169778-1600-1600.jpg?v=1766929943","",""
"tenis-denim-dave-off-white","","","","","","","","","43","","","","","","0","","","deny","manual","72.00","240.00","TRUE","TRUE","","","","https://cdn.shopify.com/s/files/1/0721/1168/5771/files/169778-1600-1600.jpg?v=1766929943","",""
"tenis-denim-dave-off-white","","","","","","","","","44","","","","","","0","","","deny","manual","72.00","240.00","TRUE","TRUE","","","","https://cdn.shopify.com/s/files/1/0721/1168/5771/files/169778-1600-1600.jpg?v=1766929943","",""
"tenis-denim-dave-marrom","Tênis Denim Dave Marrom","<div class=""vtex-flex-layout-0-x-flexColChild vtex-flex-layout-0-x-flexColChild--pdp__main-content-info pb2"">
<div id=""id-0bq9rk"" class=""vtex-disclosure-layout-1-x-content vtex-disclosure-layout-1-x-content--description-and-specification vtex-disclosure-layout-1-x-content--visible vtex-disclosure-layout-1-x-content--description-and-specification--visible"">
<div class=""vtex-store-components-3-x-productDescriptionContainer"">
<div class=""vtex-store-components-3-x-productDescriptionText c-muted-1"">
<div class=""vtex-flex-layout-0-x-flexColChild vtex-flex-layout-0-x-flexColChild--pdp__main-content-info pb2"">
<div id=""id-q6svuq"" class=""vtex-disclosure-layout-1-x-content vtex-disclosure-layout-1-x-content--description-and-specification vtex-disclosure-layout-1-x-content--visible vtex-disclosure-layout-1-x-content--description-and-specification--visible"">
<div class=""vtex-store-components-3-x-productDescriptionContainer"">
<div class=""vtex-store-components-3-x-productDescriptionText c-muted-1"">
<div class=""vtex-flex-layout-0-x-flexColChild vtex-flex-layout-0-x-flexColChild--pdp__main-content-info pb2"">
<div id=""id-88bu9d"" class=""vtex-disclosure-layout-1-x-content vtex-disclosure-layout-1-x-content--description-and-specification vtex-disclosure-layout-1-x-content--visible vtex-disclosure-layout-1-x-content--description-and-specification--visible"">
<div class=""vtex-store-components-3-x-productDescriptionContainer"">
<div class=""vtex-store-components-3-x-productDescriptionText c-muted-1"">
<div class=""vtex-flex-layout-0-x-flexColChild vtex-flex-layout-0-x-flexColChild--pdp__main-content-info pb2"">
<div id=""id-88eldj"" class=""vtex-disclosure-layout-1-x-content vtex-disclosure-layout-1-x-content--description-and-specification vtex-disclosure-layout-1-x-content--visible vtex-disclosure-layout-1-x-content--description-and-specification--visible"">
<div class=""vtex-store-components-3-x-productDescriptionContainer"">
<div class=""vtex-store-components-3-x-productDescriptionText c-muted-1"">
<p class=""MsoNormal"">O tênis de couro Marrom Denim Dave é um produto robusto e moderno.</p>
<p class=""MsoNormal"">Confeccionado em couro na cor marrom, fechamento em cadarço de amarrar, possui puxador na língua e detalhe da logo da marca na lateral.</p>
<p class=""MsoNormal"">O solado é feito de Micro Expandido e a palmilha é macia feita de P.U com forro de tecido. O cabedal contem recortes no couro e o bico é arredondado.</p>
<p class=""MsoNormal"">Conceito Denim - Liberdade para transitar de uma reunião de trabalho para um happy hour e estar bem vestido. Contemporâneo, despojado, confortável e leve, perfeito para o uso no dia a dia.</p>
</div>
</div>
</div>
</div>
<div class=""vtex-flex-layout-0-x-flexColChild vtex-flex-layout-0-x-flexColChild--pdp__main-content-info pb0"">
<div class=""vtex-store-components-3-x-shareContainer db"">
<div class=""vtex-store-components-3-x-shareLabel c-muted-2 t-small mb3"">Compartilhar</div>
<div class=""vtex-store-components-3-x-shareButtons flex flex-row""></div>
</div>
</div>
</div>
</div>
</div>
</div>
</div>
</div>
</div>
</div>
</div>
</div>
</div>
</div>","Tema Conversão","","","","true","Tamanho do calçado","37","","","","","","0","","","deny","manual","75.00","250.00","TRUE","TRUE","","https://cdn.shopify.com/s/files/1/0721/1168/5771/files/169770-1600-1600.jpg?v=1766929955","1","https://cdn.shopify.com/s/files/1/0721/1168/5771/files/169770-1600-1600.jpg?v=1766929955","","active"
"tenis-denim-dave-marrom","","","","","","","","","38","","","","","","0","","","deny","manual","75.00","250.00","TRUE","TRUE","","https://cdn.shopify.com/s/files/1/0721/1168/5771/files/169771-1600-1600.jpg?v=1766929955","2","https://cdn.shopify.com/s/files/1/0721/1168/5771/files/169770-1600-1600.jpg?v=1766929955","",""
"tenis-denim-dave-marrom","","","","","","","","","39","","","","","","0","","","deny","manual","75.00","250.00","TRUE","TRUE","","https://cdn.shopify.com/s/files/1/0721/1168/5771/files/169772-1600-1600.jpg?v=1766929955","3","https://cdn.shopify.com/s/files/1/0721/1168/5771/files/169770-1600-1600.jpg?v=1766929955","",""
"tenis-denim-dave-marrom","","","","","","","","","40","","","","","","0","","","deny","manual","75.00","250.00","TRUE","TRUE","","https://cdn.shopify.com/s/files/1/0721/1168/5771/files/169773-1600-1600.jpg?v=1766929955","4","https://cdn.shopify.com/s/files/1/0721/1168/5771/files/169770-1600-1600.jpg?v=1766929955","",""
"tenis-denim-dave-marrom","","","","","","","","","41","","","","","","0","","","deny","manual","75.00","250.00","TRUE","TRUE","","","","https://cdn.shopify.com/s/files/1/0721/1168/5771/files/169770-1600-1600.jpg?v=1766929955","",""
"tenis-denim-dave-marrom","","","","","","","","","42","","","","","","0","","","deny","manual","75.00","250.00","TRUE","TRUE","","","","https://cdn.shopify.com/s/files/1/0721/1168/5771/files/169770-1600-1600.jpg?v=1766929955","",""
"tenis-denim-dave-marrom","","","","","","","","","43","","","","","","0","","","deny","manual","75.00","250.00","TRUE","TRUE","","","","https://cdn.shopify.com/s/files/1/0721/1168/5771/files/169770-1600-1600.jpg?v=1766929955","",""
"tenis-denim-dave-marrom","","","","","","","","","44","","","","","","0","","","deny","manual","75.00","250.00","TRUE","TRUE","","","","https://cdn.shopify.com/s/files/1/0721/1168/5771/files/169770-1600-1600.jpg?v=1766929955","",""
"tenis-denim-dave-cinza","Tênis Denim Dave Cinza","<div class=""vtex-flex-layout-0-x-flexColChild vtex-flex-layout-0-x-flexColChild--pdp__main-content-info pb2"">
<div id=""id-0bq9rk"" class=""vtex-disclosure-layout-1-x-content vtex-disclosure-layout-1-x-content--description-and-specification vtex-disclosure-layout-1-x-content--visible vtex-disclosure-layout-1-x-content--description-and-specification--visible"">
<div class=""vtex-store-components-3-x-productDescriptionContainer"">
<div class=""vtex-store-components-3-x-productDescriptionText c-muted-1"">
<div class=""vtex-flex-layout-0-x-flexColChild vtex-flex-layout-0-x-flexColChild--pdp__main-content-info pb2"">
<div id=""id-q6svuq"" class=""vtex-disclosure-layout-1-x-content vtex-disclosure-layout-1-x-content--description-and-specification vtex-disclosure-layout-1-x-content--visible vtex-disclosure-layout-1-x-content--description-and-specification--visible"">
<div class=""vtex-store-components-3-x-productDescriptionContainer"">
<div class=""vtex-store-components-3-x-productDescriptionText c-muted-1"">
<div class=""vtex-flex-layout-0-x-flexColChild vtex-flex-layout-0-x-flexColChild--pdp__main-content-info pb2"">
<div id=""id-88bu9d"" class=""vtex-disclosure-layout-1-x-content vtex-disclosure-layout-1-x-content--description-and-specification vtex-disclosure-layout-1-x-content--visible vtex-disclosure-layout-1-x-content--description-and-specification--visible"">
<div class=""vtex-store-components-3-x-productDescriptionContainer"">
<div class=""vtex-store-components-3-x-productDescriptionText c-muted-1"">
<div class=""vtex-flex-layout-0-x-flexColChild vtex-flex-layout-0-x-flexColChild--pdp__main-content-info pb2"">
<div id=""id-88eldj"" class=""vtex-disclosure-layout-1-x-content vtex-disclosure-layout-1-x-content--description-and-specification vtex-disclosure-layout-1-x-content--visible vtex-disclosure-layout-1-x-content--description-and-specification--visible"">
<div class=""vtex-store-components-3-x-productDescriptionContainer"">
<div class=""vtex-store-components-3-x-productDescriptionText c-muted-1"">
<p class=""MsoNormal"">O tênis de couro Cinza Denim Dave é um produto robusto e moderno.</p>
<p class=""MsoNormal"">Confeccionado em couro na cor cinza, fechamento em cadarço de amarrar, possui puxador na língua e detalhe da logo da marca na lateral.</p>
<p class=""MsoNormal"">O solado é feito de Micro Expandido e a palmilha é macia feita de P.U com forro de tecido. O cabedal contem recortes no couro e o bico é arredondado.</p>
<p class=""MsoNormal"">Conceito Denim - Liberdade para transitar de uma reunião de trabalho para um happy hour e estar bem vestido. Contemporâneo, despojado, confortável e leve, perfeito para o uso no dia a dia.</p>
</div>
</div>
</div>
</div>
</div>
</div>
</div>
</div>
</div>
</div>
</div>
</div>
</div>
</div>
</div>
</div>","Tema Conversão","","","","true","Tamanho do calçado","37","","","","","","0","","","deny","manual","72.00","240.00","TRUE","TRUE","","https://cdn.shopify.com/s/files/1/0721/1168/5771/files/169774-1600-1600.jpg?v=1766929953","1","https://cdn.shopify.com/s/files/1/0721/1168/5771/files/169774-1600-1600.jpg?v=1766929953","","active"
"tenis-denim-dave-cinza","","","","","","","","","38","","","","","","0","","","deny","manual","72.00","240.00","TRUE","TRUE","","https://cdn.shopify.com/s/files/1/0721/1168/5771/files/169775-1600-1600.jpg?v=1766929953","2","https://cdn.shopify.com/s/files/1/0721/1168/5771/files/169774-1600-1600.jpg?v=1766929953","",""
"tenis-denim-dave-cinza","","","","","","","","","39","","","","","","0","","","deny","manual","72.00","240.00","TRUE","TRUE","","https://cdn.shopify.com/s/files/1/0721/1168/5771/files/169776-1600-1600.jpg?v=1766929954","3","https://cdn.shopify.com/s/files/1/0721/1168/5771/files/169774-1600-1600.jpg?v=1766929953","",""
"tenis-denim-dave-cinza","","","","","","","","","40","","","","","","0","","","deny","manual","72.00","240.00","TRUE","TRUE","","https://cdn.shopify.com/s/files/1/0721/1168/5771/files/169777-1600-1600.jpg?v=1766929953","4","https://cdn.shopify.com/s/files/1/0721/1168/5771/files/169774-1600-1600.jpg?v=1766929953","",""
"tenis-denim-dave-cinza","","","","","","","","","41","","","","","","0","","","deny","manual","72.00","240.00","TRUE","TRUE","","","","https://cdn.shopify.com/s/files/1/0721/1168/5771/files/169774-1600-1600.jpg?v=1766929953","",""
"tenis-denim-dave-cinza","","","","","","","","","42","","","","","","0","","","deny","manual","72.00","240.00","TRUE","TRUE","","","","https://cdn.shopify.com/s/files/1/0721/1168/5771/files/169774-1600-1600.jpg?v=1766929953","",""
"tenis-denim-dave-cinza","","","","","","","","","43","","","","","","0","","","deny","manual","72.00","240.00","TRUE","TRUE","","","","https://cdn.shopify.com/s/files/1/0721/1168/5771/files/169774-1600-1600.jpg?v=1766929953","",""
"tenis-denim-dave-cinza","","","","","","","","","44","","","","","","0","","","deny","manual","72.00","240.00","TRUE","TRUE","","","","https://cdn.shopify.com/s/files/1/0721/1168/5771/files/169774-1600-1600.jpg?v=1766929953","",""
"tenis-denim-bora-preto","Tênis Denim Bora Preto","<div class=""vtex-flex-layout-0-x-flexColChild vtex-flex-layout-0-x-flexColChild--pdp__main-content-info pb2"">
<div id=""id-0bq9rk"" class=""vtex-disclosure-layout-1-x-content vtex-disclosure-layout-1-x-content--description-and-specification vtex-disclosure-layout-1-x-content--visible vtex-disclosure-layout-1-x-content--description-and-specification--visible"">
<div class=""vtex-store-components-3-x-productDescriptionContainer"">
<div class=""vtex-store-components-3-x-productDescriptionText c-muted-1"">
<div class=""vtex-flex-layout-0-x-flexColChild vtex-flex-layout-0-x-flexColChild--pdp__main-content-info pb2"">
<div id=""id-q6svuq"" class=""vtex-disclosure-layout-1-x-content vtex-disclosure-layout-1-x-content--description-and-specification vtex-disclosure-layout-1-x-content--visible vtex-disclosure-layout-1-x-content--description-and-specification--visible"">
<div class=""vtex-store-components-3-x-productDescriptionContainer"">
<div class=""vtex-store-components-3-x-productDescriptionText c-muted-1"">
<div class=""vtex-flex-layout-0-x-flexColChild vtex-flex-layout-0-x-flexColChild--pdp__main-content-info pb2"">
<div id=""id-88bu9d"" class=""vtex-disclosure-layout-1-x-content vtex-disclosure-layout-1-x-content--description-and-specification vtex-disclosure-layout-1-x-content--visible vtex-disclosure-layout-1-x-content--description-and-specification--visible"">
<div class=""vtex-store-components-3-x-productDescriptionContainer"">
<div class=""vtex-store-components-3-x-productDescriptionText c-muted-1"">
<div class=""vtex-flex-layout-0-x-flexColChild vtex-flex-layout-0-x-flexColChild--pdp__main-content-info pb2"">
<div id=""id-88eldj"" class=""vtex-disclosure-layout-1-x-content vtex-disclosure-layout-1-x-content--description-and-specification vtex-disclosure-layout-1-x-content--visible vtex-disclosure-layout-1-x-content--description-and-specification--visible"">
<div class=""vtex-store-components-3-x-productDescriptionContainer"">
<div class=""vtex-store-components-3-x-productDescriptionText c-muted-1"">
<p class=""MsoNormal"">O <span>Sapatênis de Couro Denim Bora</span>, é um produto versátil e moderno, ideal para te acompanhar em seu dia a dia.</p>
<p class=""MsoNormal"">Ele possui fechamento em cadarço de amarrar, palmilha em P.U., bico arredondado, cabedal em couro e detalhe com o logo da marca na língua. A língua e o colarinho são acolchoados e a sola é feita de micro expandido blaqueada, proporcionando maior durabilidade e conforto.</p>
<p class=""MsoNormal"">A Linha Denim oferece liberdade para transitar de uma reunião de trabalho para um happy hour e estar bem vestido. Contemporâneo, despojado, confortável e leve, perfeito para o uso no dia a dia.</p>
</div>
</div>
</div>
</div>
</div>
</div>
</div>
</div>
</div>
</div>
</div>
</div>
</div>
</div>
</div>
</div>","Tema Conversão","","","","true","Tamanho do calçado","37","","","","","","0","","","deny","manual","87.00","290.00","TRUE","TRUE","","https://cdn.shopify.com/s/files/1/0721/1168/5771/files/170513-1600-1600.jpg?v=1766929898","1","","","active"
"tenis-denim-bora-preto","","","","","","","","","38","","","","","","0","","","deny","manual","87.00","290.00","TRUE","TRUE","","https://cdn.shopify.com/s/files/1/0721/1168/5771/files/170514-1600-1600.jpg?v=1766929898","2","","",""
"tenis-denim-bora-preto","","","","","","","","","39","","","","","","0","","","deny","manual","87.00","290.00","TRUE","TRUE","","https://cdn.shopify.com/s/files/1/0721/1168/5771/files/170515-1600-1600.jpg?v=1766929898","3","","",""
"tenis-denim-bora-preto","","","","","","","","","40","","","","","","0","","","deny","manual","87.00","290.00","TRUE","TRUE","","https://cdn.shopify.com/s/files/1/0721/1168/5771/files/170516-1600-1600.jpg?v=1766929898","4","","",""
"tenis-denim-bora-preto","","","","","","","","","41","","","","","","0","","","deny","manual","87.00","290.00","TRUE","TRUE","","","","","",""
"tenis-denim-bora-preto","","","","","","","","","42","","","","","","0","","","deny","manual","87.00","290.00","TRUE","TRUE","","","","","",""
"tenis-denim-bora-preto","","","","","","","","","43","","","","","","0","","","deny","manual","87.00","290.00","TRUE","TRUE","","","","","",""
"tenis-denim-bora-preto","","","","","","","","","44","","","","","","0","","","deny","manual","87.00","290.00","TRUE","TRUE","","","","","",""
"tenis-denim-bora-marrom","Tênis Denim Bora Marrom","<div class=""vtex-flex-layout-0-x-flexColChild vtex-flex-layout-0-x-flexColChild--pdp__main-content-info pb2"">
<div id=""id-0bq9rk"" class=""vtex-disclosure-layout-1-x-content vtex-disclosure-layout-1-x-content--description-and-specification vtex-disclosure-layout-1-x-content--visible vtex-disclosure-layout-1-x-content--description-and-specification--visible"">
<div class=""vtex-store-components-3-x-productDescriptionContainer"">
<div class=""vtex-store-components-3-x-productDescriptionText c-muted-1"">
<div class=""vtex-flex-layout-0-x-flexColChild vtex-flex-layout-0-x-flexColChild--pdp__main-content-info pb2"">
<div id=""id-q6svuq"" class=""vtex-disclosure-layout-1-x-content vtex-disclosure-layout-1-x-content--description-and-specification vtex-disclosure-layout-1-x-content--visible vtex-disclosure-layout-1-x-content--description-and-specification--visible"">
<div class=""vtex-store-components-3-x-productDescriptionContainer"">
<div class=""vtex-store-components-3-x-productDescriptionText c-muted-1"">
<div class=""vtex-flex-layout-0-x-flexColChild vtex-flex-layout-0-x-flexColChild--pdp__main-content-info pb2"">
<div id=""id-88bu9d"" class=""vtex-disclosure-layout-1-x-content vtex-disclosure-layout-1-x-content--description-and-specification vtex-disclosure-layout-1-x-content--visible vtex-disclosure-layout-1-x-content--description-and-specification--visible"">
<div class=""vtex-store-components-3-x-productDescriptionContainer"">
<div class=""vtex-store-components-3-x-productDescriptionText c-muted-1"">
<div class=""vtex-flex-layout-0-x-flexColChild vtex-flex-layout-0-x-flexColChild--pdp__main-content-info pb2"">
<div id=""id-88eldj"" class=""vtex-disclosure-layout-1-x-content vtex-disclosure-layout-1-x-content--description-and-specification vtex-disclosure-layout-1-x-content--visible vtex-disclosure-layout-1-x-content--description-and-specification--visible"">
<div class=""vtex-store-components-3-x-productDescriptionContainer"">
<div class=""vtex-store-components-3-x-productDescriptionText c-muted-1"">
<p class=""MsoNormal"">O <span>Sapatênis de Couro Denim Bora</span>, é um produto versátil e moderno, ideal para te acompanhar em seu dia a dia.</p>
<p class=""MsoNormal"">Ele possui fechamento em cadarço de amarrar, palmilha em P.U., bico arredondado, cabedal em couro e detalhe com o logo da marca na língua. A língua e o colarinho são acolchoados e a sola é feita de micro expandido blaqueada, proporcionando maior durabilidade e conforto.</p>
<p class=""MsoNormal"">A Linha Denim oferece liberdade para transitar de uma reunião de trabalho para um happy hour e estar bem vestido. Contemporâneo, despojado, confortável e leve, perfeito para o uso no dia a dia.</p>
</div>
</div>
</div>
</div>
</div>
</div>
</div>
</div>
</div>
</div>
</div>
</div>
</div>
</div>
</div>
</div>","Tema Conversão","","","","true","Tamanho do calçado","37","","","","","","0","","","deny","manual","87.00","290.00","TRUE","TRUE","","https://cdn.shopify.com/s/files/1/0721/1168/5771/files/170509-1600-1600.jpg?v=1766929898","1","https://cdn.shopify.com/s/files/1/0721/1168/5771/files/170510-1600-1600.jpg?v=1766929898","","active"
"tenis-denim-bora-marrom","","","","","","","","","38","","","","","","0","","","deny","manual","87.00","290.00","TRUE","TRUE","","https://cdn.shopify.com/s/files/1/0721/1168/5771/files/170510-1600-1600.jpg?v=1766929898","2","https://cdn.shopify.com/s/files/1/0721/1168/5771/files/170510-1600-1600.jpg?v=1766929898","",""
"tenis-denim-bora-marrom","","","","","","","","","39","","","","","","0","","","deny","manual","87.00","290.00","TRUE","TRUE","","https://cdn.shopify.com/s/files/1/0721/1168/5771/files/170511-1600-1600.jpg?v=1766929900","3","https://cdn.shopify.com/s/files/1/0721/1168/5771/files/170510-1600-1600.jpg?v=1766929898","",""
"tenis-denim-bora-marrom","","","","","","","","","40","","","","","","0","","","deny","manual","87.00","290.00","TRUE","TRUE","","https://cdn.shopify.com/s/files/1/0721/1168/5771/files/170512-1600-1600.jpg?v=1766929899","4","https://cdn.shopify.com/s/files/1/0721/1168/5771/files/170510-1600-1600.jpg?v=1766929898","",""
"tenis-denim-bora-marrom","","","","","","","","","41","","","","","","0","","","deny","manual","87.00","290.00","TRUE","TRUE","","","","https://cdn.shopify.com/s/files/1/0721/1168/5771/files/170510-1600-1600.jpg?v=1766929898","",""
"tenis-denim-bora-marrom","","","","","","","","","42","","","","","","0","","","deny","manual","87.00","290.00","TRUE","TRUE","","","","https://cdn.shopify.com/s/files/1/0721/1168/5771/files/170510-1600-1600.jpg?v=1766929898","",""
"tenis-denim-bora-marrom","","","","","","","","","43","","","","","","0","","","deny","manual","87.00","290.00","TRUE","TRUE","","","","https://cdn.shopify.com/s/files/1/0721/1168/5771/files/170510-1600-1600.jpg?v=1766929898","",""
"tenis-denim-bora-marrom","","","","","","","","","44","","","","","","0","","","deny","manual","87.00","290.00","TRUE","TRUE","","","","https://cdn.shopify.com/s/files/1/0721/1168/5771/files/170510-1600-1600.jpg?v=1766929898","",""
"tenis-denim-bora-creme","Tênis Denim Bora Creme","<div class=""vtex-flex-layout-0-x-flexColChild vtex-flex-layout-0-x-flexColChild--pdp__main-content-info pb2"">
<div id=""id-0bq9rk"" class=""vtex-disclosure-layout-1-x-content vtex-disclosure-layout-1-x-content--description-and-specification vtex-disclosure-layout-1-x-content--visible vtex-disclosure-layout-1-x-content--description-and-specification--visible"">
<div class=""vtex-store-components-3-x-productDescriptionContainer"">
<div class=""vtex-store-components-3-x-productDescriptionText c-muted-1"">
<div class=""vtex-flex-layout-0-x-flexColChild vtex-flex-layout-0-x-flexColChild--pdp__main-content-info pb2"">
<div id=""id-q6svuq"" class=""vtex-disclosure-layout-1-x-content vtex-disclosure-layout-1-x-content--description-and-specification vtex-disclosure-layout-1-x-content--visible vtex-disclosure-layout-1-x-content--description-and-specification--visible"">
<div class=""vtex-store-components-3-x-productDescriptionContainer"">
<div class=""vtex-store-components-3-x-productDescriptionText c-muted-1"">
<div class=""vtex-flex-layout-0-x-flexColChild vtex-flex-layout-0-x-flexColChild--pdp__main-content-info pb2"">
<div id=""id-88bu9d"" class=""vtex-disclosure-layout-1-x-content vtex-disclosure-layout-1-x-content--description-and-specification vtex-disclosure-layout-1-x-content--visible vtex-disclosure-layout-1-x-content--description-and-specification--visible"">
<div class=""vtex-store-components-3-x-productDescriptionContainer"">
<div class=""vtex-store-components-3-x-productDescriptionText c-muted-1"">
<div class=""vtex-flex-layout-0-x-flexColChild vtex-flex-layout-0-x-flexColChild--pdp__main-content-info pb2"">
<div id=""id-88eldj"" class=""vtex-disclosure-layout-1-x-content vtex-disclosure-layout-1-x-content--description-and-specification vtex-disclosure-layout-1-x-content--visible vtex-disclosure-layout-1-x-content--description-and-specification--visible"">
<div class=""vtex-store-components-3-x-productDescriptionContainer"">
<div class=""vtex-store-components-3-x-productDescriptionText c-muted-1"">
<p class=""MsoNormal"">O <span>Sapatênis de Couro Denim Bora</span>, é um produto versátil e moderno, ideal para te acompanhar em seu dia a dia.</p>
<p class=""MsoNormal"">Ele possui fechamento em cadarço de amarrar, palmilha em P.U., bico arredondado, cabedal em couro e detalhe com o logo da marca na língua. A língua e o colarinho são acolchoados e a sola é feita de micro expandido blaqueada, proporcionando maior durabilidade e conforto.</p>
<p class=""MsoNormal"">A Linha Denim oferece liberdade para transitar de uma reunião de trabalho para um happy hour e estar bem vestido. Contemporâneo, despojado, confortável e leve, perfeito para o uso no dia a dia.</p>
</div>
</div>
</div>
</div>
</div>
</div>
</div>
</div>
</div>
</div>
</div>
</div>
</div>
</div>
</div>
</div>","Tema Conversão","","","","true","Tamanho do calçado","37","","","","","","0","","","deny","manual","86.97","289.90","TRUE","TRUE","","https://cdn.shopify.com/s/files/1/0721/1168/5771/files/170505-1600-1600.jpg?v=1766929896","1","https://cdn.shopify.com/s/files/1/0721/1168/5771/files/170505-1600-1600.jpg?v=1766929896","","active"
"tenis-denim-bora-creme","","","","","","","","","38","","","","","","0","","","deny","manual","86.97","289.90","TRUE","TRUE","","https://cdn.shopify.com/s/files/1/0721/1168/5771/files/170506-1600-1600.jpg?v=1766929894","2","https://cdn.shopify.com/s/files/1/0721/1168/5771/files/170505-1600-1600.jpg?v=1766929896","",""
"tenis-denim-bora-creme","","","","","","","","","39","","","","","","0","","","deny","manual","86.97","289.90","TRUE","TRUE","","https://cdn.shopify.com/s/files/1/0721/1168/5771/files/170507-1600-1600.jpg?v=1766929894","3","https://cdn.shopify.com/s/files/1/0721/1168/5771/files/170505-1600-1600.jpg?v=1766929896","",""
"tenis-denim-bora-creme","","","","","","","","","40","","","","","","0","","","deny","manual","86.97","289.90","TRUE","TRUE","","https://cdn.shopify.com/s/files/1/0721/1168/5771/files/170508-1600-1600.jpg?v=1766929893","4","https://cdn.shopify.com/s/files/1/0721/1168/5771/files/170505-1600-1600.jpg?v=1766929896","",""
"tenis-denim-bora-creme","","","","","","","","","41","","","","","","0","","","deny","manual","86.97","289.90","TRUE","TRUE","","","","https://cdn.shopify.com/s/files/1/0721/1168/5771/files/170505-1600-1600.jpg?v=1766929896","",""
"tenis-denim-bora-creme","","","","","","","","","42","","","","","","0","","","deny","manual","86.97","289.90","TRUE","TRUE","","","","https://cdn.shopify.com/s/files/1/0721/1168/5771/files/170505-1600-1600.jpg?v=1766929896","",""
"tenis-denim-bora-creme","","","","","","","","","43","","","","","","0","","","deny","manual","86.97","289.90","TRUE","TRUE","","","","https://cdn.shopify.com/s/files/1/0721/1168/5771/files/170505-1600-1600.jpg?v=1766929896","",""
"tenis-denim-bora-creme","","","","","","","","","44","","","","","","0","","","deny","manual","86.97","289.90","TRUE","TRUE","","","","https://cdn.shopify.com/s/files/1/0721/1168/5771/files/170505-1600-1600.jpg?v=1766929896","",""
"tenis-denim-bora-cinza","Tênis Denim Bora Cinza","<div class=""vtex-flex-layout-0-x-flexColChild vtex-flex-layout-0-x-flexColChild--pdp__main-content-info pb2"">
<div id=""id-0bq9rk"" class=""vtex-disclosure-layout-1-x-content vtex-disclosure-layout-1-x-content--description-and-specification vtex-disclosure-layout-1-x-content--visible vtex-disclosure-layout-1-x-content--description-and-specification--visible"">
<div class=""vtex-store-components-3-x-productDescriptionContainer"">
<div class=""vtex-store-components-3-x-productDescriptionText c-muted-1"">
<div class=""vtex-flex-layout-0-x-flexColChild vtex-flex-layout-0-x-flexColChild--pdp__main-content-info pb2"">
<div id=""id-q6svuq"" class=""vtex-disclosure-layout-1-x-content vtex-disclosure-layout-1-x-content--description-and-specification vtex-disclosure-layout-1-x-content--visible vtex-disclosure-layout-1-x-content--description-and-specification--visible"">
<div class=""vtex-store-components-3-x-productDescriptionContainer"">
<div class=""vtex-store-components-3-x-productDescriptionText c-muted-1"">
<div class=""vtex-flex-layout-0-x-flexColChild vtex-flex-layout-0-x-flexColChild--pdp__main-content-info pb2"">
<div id=""id-88bu9d"" class=""vtex-disclosure-layout-1-x-content vtex-disclosure-layout-1-x-content--description-and-specification vtex-disclosure-layout-1-x-content--visible vtex-disclosure-layout-1-x-content--description-and-specification--visible"">
<div class=""vtex-store-components-3-x-productDescriptionContainer"">
<div class=""vtex-store-components-3-x-productDescriptionText c-muted-1"">
<div class=""vtex-flex-layout-0-x-flexColChild vtex-flex-layout-0-x-flexColChild--pdp__main-content-info pb2"">
<div id=""id-88eldj"" class=""vtex-disclosure-layout-1-x-content vtex-disclosure-layout-1-x-content--description-and-specification vtex-disclosure-layout-1-x-content--visible vtex-disclosure-layout-1-x-content--description-and-specification--visible"">
<div class=""vtex-store-components-3-x-productDescriptionContainer"">
<div class=""vtex-store-components-3-x-productDescriptionText c-muted-1"">
<p class=""MsoNormal"">O <span>Sapatênis de Couro Denim Bora</span>, é um produto versátil e moderno, ideal para te acompanhar em seu dia a dia.</p>
<p class=""MsoNormal"">Ele possui fechamento em cadarço de amarrar, palmilha em P.U., bico arredondado, cabedal em couro e detalhe com o logo da marca na língua. A língua e o colarinho são acolchoados e a sola é feita de micro expandido blaqueada, proporcionando maior durabilidade e conforto.</p>
<p class=""MsoNormal"">A Linha Denim oferece liberdade para transitar de uma reunião de trabalho para um happy hour e estar bem vestido. Contemporâneo, despojado, confortável e leve, perfeito para o uso no dia a dia.</p>
</div>
</div>
</div>
</div>
</div>
</div>
</div>
</div>
</div>
</div>
</div>
</div>
</div>
</div>
</div>
</div>","Tema Conversão","","","","true","Tamanho do calçado","37","","","","","","0","","","deny","manual","87.00","290.00","TRUE","TRUE","","https://cdn.shopify.com/s/files/1/0721/1168/5771/files/170550-1600-1600.jpg?v=1766929898","1","https://cdn.shopify.com/s/files/1/0721/1168/5771/files/170550-1600-1600.jpg?v=1766929898","","active"
"tenis-denim-bora-cinza","","","","","","","","","38","","","","","","0","","","deny","manual","87.00","290.00","TRUE","TRUE","","https://cdn.shopify.com/s/files/1/0721/1168/5771/files/170551-1600-1600.jpg?v=1766929897","2","https://cdn.shopify.com/s/files/1/0721/1168/5771/files/170550-1600-1600.jpg?v=1766929898","",""
"tenis-denim-bora-cinza","","","","","","","","","39","","","","","","0","","","deny","manual","87.00","290.00","TRUE","TRUE","","https://cdn.shopify.com/s/files/1/0721/1168/5771/files/170552-1600-1600.jpg?v=1766929896","3","https://cdn.shopify.com/s/files/1/0721/1168/5771/files/170550-1600-1600.jpg?v=1766929898","",""
"tenis-denim-bora-cinza","","","","","","","","","40","","","","","","0","","","deny","manual","87.00","290.00","TRUE","TRUE","","https://cdn.shopify.com/s/files/1/0721/1168/5771/files/170553-1600-1600.jpg?v=1766929899","4","https://cdn.shopify.com/s/files/1/0721/1168/5771/files/170550-1600-1600.jpg?v=1766929898","",""
"tenis-denim-bora-cinza","","","","","","","","","41","","","","","","0","","","deny","manual","87.00","290.00","TRUE","TRUE","","","","https://cdn.shopify.com/s/files/1/0721/1168/5771/files/170550-1600-1600.jpg?v=1766929898","",""
"tenis-denim-bora-cinza","","","","","","","","","42","","","","","","0","","","deny","manual","87.00","290.00","TRUE","TRUE","","","","https://cdn.shopify.com/s/files/1/0721/1168/5771/files/170550-1600-1600.jpg?v=1766929898","",""
"tenis-denim-bora-cinza","","","","","","","","","43","","","","","","0","","","deny","manual","87.00","290.00","TRUE","TRUE","","","","https://cdn.shopify.com/s/files/1/0721/1168/5771/files/170550-1600-1600.jpg?v=1766929898","",""
"tenis-denim-bora-cinza","","","","","","","","","44","","","","","","0","","","deny","manual","87.00","290.00","TRUE","TRUE","","","","https://cdn.shopify.com/s/files/1/0721/1168/5771/files/170550-1600-1600.jpg?v=1766929898","",""
"tenis-denim-bora-branco","Tênis Denim Bora Branco","<div class=""vtex-flex-layout-0-x-flexColChild vtex-flex-layout-0-x-flexColChild--pdp__main-content-info pb2"">
<div id=""id-0bq9rk"" class=""vtex-disclosure-layout-1-x-content vtex-disclosure-layout-1-x-content--description-and-specification vtex-disclosure-layout-1-x-content--visible vtex-disclosure-layout-1-x-content--description-and-specification--visible"">
<div class=""vtex-store-components-3-x-productDescriptionContainer"">
<div class=""vtex-store-components-3-x-productDescriptionText c-muted-1"">
<div class=""vtex-flex-layout-0-x-flexColChild vtex-flex-layout-0-x-flexColChild--pdp__main-content-info pb2"">
<div id=""id-q6svuq"" class=""vtex-disclosure-layout-1-x-content vtex-disclosure-layout-1-x-content--description-and-specification vtex-disclosure-layout-1-x-content--visible vtex-disclosure-layout-1-x-content--description-and-specification--visible"">
<div class=""vtex-store-components-3-x-productDescriptionContainer"">
<div class=""vtex-store-components-3-x-productDescriptionText c-muted-1"">
<div class=""vtex-flex-layout-0-x-flexColChild vtex-flex-layout-0-x-flexColChild--pdp__main-content-info pb2"">
<div id=""id-88bu9d"" class=""vtex-disclosure-layout-1-x-content vtex-disclosure-layout-1-x-content--description-and-specification vtex-disclosure-layout-1-x-content--visible vtex-disclosure-layout-1-x-content--description-and-specification--visible"">
<div class=""vtex-store-components-3-x-productDescriptionContainer"">
<div class=""vtex-store-components-3-x-productDescriptionText c-muted-1"">
<div class=""vtex-flex-layout-0-x-flexColChild vtex-flex-layout-0-x-flexColChild--pdp__main-content-info pb2"">
<div id=""id-88eldj"" class=""vtex-disclosure-layout-1-x-content vtex-disclosure-layout-1-x-content--description-and-specification vtex-disclosure-layout-1-x-content--visible vtex-disclosure-layout-1-x-content--description-and-specification--visible"">
<div class=""vtex-store-components-3-x-productDescriptionContainer"">
<div class=""vtex-store-components-3-x-productDescriptionText c-muted-1"">
<p class=""MsoNormal"">O <span>Sapatênis de Couro Denim Bora</span>, é um produto versátil e moderno, ideal para te acompanhar em seu dia a dia.</p>
<p class=""MsoNormal"">Ele possui fechamento em cadarço de amarrar, palmilha em P.U., bico arredondado, cabedal em couro e detalhe com o logo da marca na língua. A língua e o colarinho são acolchoados e a sola é feita de micro expandido blaqueada, proporcionando maior durabilidade e conforto.</p>
<p class=""MsoNormal"">A Linha Denim oferece liberdade para transitar de uma reunião de trabalho para um happy hour e estar bem vestido. Contemporâneo, despojado, confortável e leve, perfeito para o uso no dia a dia.</p>
</div>
</div>
</div>
</div>
</div>
</div>
</div>
</div>
</div>
</div>
</div>
</div>
</div>
</div>
</div>
</div>","Tema Conversão","","","","true","Tamanho do calçado","37","","","","","","0","","","deny","manual","86.97","289.90","TRUE","TRUE","","https://cdn.shopify.com/s/files/1/0721/1168/5771/files/170501-1600-1600.jpg?v=1766929898","1","https://cdn.shopify.com/s/files/1/0721/1168/5771/files/170501-1600-1600.jpg?v=1766929898","","active"
"tenis-denim-bora-branco","","","","","","","","","38","","","","","","0","","","deny","manual","86.97","289.90","TRUE","TRUE","","https://cdn.shopify.com/s/files/1/0721/1168/5771/files/170502-1600-1600.jpg?v=1766929895","2","https://cdn.shopify.com/s/files/1/0721/1168/5771/files/170501-1600-1600.jpg?v=1766929898","",""
"tenis-denim-bora-branco","","","","","","","","","39","","","","","","0","","","deny","manual","86.97","289.90","TRUE","TRUE","","https://cdn.shopify.com/s/files/1/0721/1168/5771/files/170503-1600-1600.jpg?v=1766929895","3","https://cdn.shopify.com/s/files/1/0721/1168/5771/files/170501-1600-1600.jpg?v=1766929898","",""
"tenis-denim-bora-branco","","","","","","","","","40","","","","","","0","","","deny","manual","86.97","289.90","TRUE","TRUE","","https://cdn.shopify.com/s/files/1/0721/1168/5771/files/170504-1600-1600.jpg?v=1766929895","4","https://cdn.shopify.com/s/files/1/0721/1168/5771/files/170501-1600-1600.jpg?v=1766929898","",""
"tenis-denim-bora-branco","","","","","","","","","41","","","","","","0","","","deny","manual","86.97","289.90","TRUE","TRUE","","","","https://cdn.shopify.com/s/files/1/0721/1168/5771/files/170501-1600-1600.jpg?v=1766929898","",""
"tenis-denim-bora-branco","","","","","","","","","42","","","","","","0","","","deny","manual","86.97","289.90","TRUE","TRUE","","","","https://cdn.shopify.com/s/files/1/0721/1168/5771/files/170501-1600-1600.jpg?v=1766929898","",""
"tenis-denim-bora-branco","","","","","","","","","43","","","","","","0","","","deny","manual","86.97","289.90","TRUE","TRUE","","","","https://cdn.shopify.com/s/files/1/0721/1168/5771/files/170501-1600-1600.jpg?v=1766929898","",""
"tenis-denim-bora-branco","","","","","","","","","44","","","","","","0","","","deny","manual","86.97","289.90","TRUE","TRUE","","","","https://cdn.shopify.com/s/files/1/0721/1168/5771/files/170501-1600-1600.jpg?v=1766929898","",""
"tenis-denim-bora-azul-jeans","Tênis Denim Bora Azul Jeans","<div class=""vtex-flex-layout-0-x-flexColChild vtex-flex-layout-0-x-flexColChild--pdp__main-content-info pb2"">
<div id=""id-0bq9rk"" class=""vtex-disclosure-layout-1-x-content vtex-disclosure-layout-1-x-content--description-and-specification vtex-disclosure-layout-1-x-content--visible vtex-disclosure-layout-1-x-content--description-and-specification--visible"">
<div class=""vtex-store-components-3-x-productDescriptionContainer"">
<div class=""vtex-store-components-3-x-productDescriptionText c-muted-1"">
<div class=""vtex-flex-layout-0-x-flexColChild vtex-flex-layout-0-x-flexColChild--pdp__main-content-info pb2"">
<div id=""id-q6svuq"" class=""vtex-disclosure-layout-1-x-content vtex-disclosure-layout-1-x-content--description-and-specification vtex-disclosure-layout-1-x-content--visible vtex-disclosure-layout-1-x-content--description-and-specification--visible"">
<div class=""vtex-store-components-3-x-productDescriptionContainer"">
<div class=""vtex-store-components-3-x-productDescriptionText c-muted-1"">
<div class=""vtex-flex-layout-0-x-flexColChild vtex-flex-layout-0-x-flexColChild--pdp__main-content-info pb2"">
<div id=""id-88bu9d"" class=""vtex-disclosure-layout-1-x-content vtex-disclosure-layout-1-x-content--description-and-specification vtex-disclosure-layout-1-x-content--visible vtex-disclosure-layout-1-x-content--description-and-specification--visible"">
<div class=""vtex-store-components-3-x-productDescriptionContainer"">
<div class=""vtex-store-components-3-x-productDescriptionText c-muted-1"">
<div class=""vtex-flex-layout-0-x-flexColChild vtex-flex-layout-0-x-flexColChild--pdp__main-content-info pb2"">
<div id=""id-88eldj"" class=""vtex-disclosure-layout-1-x-content vtex-disclosure-layout-1-x-content--description-and-specification vtex-disclosure-layout-1-x-content--visible vtex-disclosure-layout-1-x-content--description-and-specification--visible"">
<div class=""vtex-store-components-3-x-productDescriptionContainer"">
<div class=""vtex-store-components-3-x-productDescriptionText c-muted-1"">
<p class=""MsoNormal"">O <span>Sapatênis de Couro Denim Bora</span>, é um produto versátil e moderno, ideal para te acompanhar em seu dia a dia.</p>
<p class=""MsoNormal"">Ele possui fechamento em cadarço de amarrar, palmilha em P.U., bico arredondado, cabedal em couro e detalhe com o logo da marca na língua. A língua e o colarinho são acolchoados e a sola é feita de micro expandido blaqueada, proporcionando maior durabilidade e conforto.</p>
<p class=""MsoNormal"">A Linha Denim oferece liberdade para transitar de uma reunião de trabalho para um happy hour e estar bem vestido. Contemporâneo, despojado, confortável e leve, perfeito para o uso no dia a dia.</p>
</div>
</div>
</div>
</div>
</div>
</div>
</div>
</div>
</div>
</div>
</div>
</div>
</div>
</div>
</div>
</div>","Tema Conversão","","","","true","Tamanho do calçado","37","","","","","","0","","","deny","manual","86.97","289.90","TRUE","TRUE","","https://cdn.shopify.com/s/files/1/0721/1168/5771/files/170441-1600-1600.jpg?v=1766929895","1","https://cdn.shopify.com/s/files/1/0721/1168/5771/files/170441-1600-1600.jpg?v=1766929895","","active"
"tenis-denim-bora-azul-jeans","","","","","","","","","38","","","","","","0","","","deny","manual","86.97","289.90","TRUE","TRUE","","https://cdn.shopify.com/s/files/1/0721/1168/5771/files/170442-1600-1600.jpg?v=1766929895","2","https://cdn.shopify.com/s/files/1/0721/1168/5771/files/170441-1600-1600.jpg?v=1766929895","",""
"tenis-denim-bora-azul-jeans","","","","","","","","","39","","","","","","0","","","deny","manual","86.97","289.90","TRUE","TRUE","","https://cdn.shopify.com/s/files/1/0721/1168/5771/files/170443-1600-1600.jpg?v=1766929894","3","https://cdn.shopify.com/s/files/1/0721/1168/5771/files/170441-1600-1600.jpg?v=1766929895","",""
"tenis-denim-bora-azul-jeans","","","","","","","","","40","","","","","","0","","","deny","manual","86.97","289.90","TRUE","TRUE","","https://cdn.shopify.com/s/files/1/0721/1168/5771/files/170444-1600-1600.jpg?v=1766929895","4","https://cdn.shopify.com/s/files/1/0721/1168/5771/files/170441-1600-1600.jpg?v=1766929895","",""
"tenis-denim-bora-azul-jeans","","","","","","","","","41","","","","","","0","","","deny","manual","86.97","289.90","TRUE","TRUE","","","","https://cdn.shopify.com/s/files/1/0721/1168/5771/files/170441-1600-1600.jpg?v=1766929895","",""
"tenis-denim-bora-azul-jeans","","","","","","","","","42","","","","","","0","","","deny","manual","86.97","289.90","TRUE","TRUE","","","","https://cdn.shopify.com/s/files/1/0721/1168/5771/files/170441-1600-1600.jpg?v=1766929895","",""
"tenis-denim-bora-azul-jeans","","","","","","","","","43","","","","","","0","","","deny","manual","86.97","289.90","TRUE","TRUE","","","","https://cdn.shopify.com/s/files/1/0721/1168/5771/files/170441-1600-1600.jpg?v=1766929895","",""
"tenis-denim-bora-azul-jeans","","","","","","","","","44","","","","","","0","","","deny","manual","86.97","289.90","TRUE","TRUE","","","","https://cdn.shopify.com/s/files/1/0721/1168/5771/files/170441-1600-1600.jpg?v=1766929895","",""
"sider-garage-deck-tan-carvalho","Sider Garage Deck Tan/Carvalho","<div class=""vtex-flex-layout-0-x-flexColChild vtex-flex-layout-0-x-flexColChild--pdp__main-content-info pb2"">
<div id=""id-0bq9rk"" class=""vtex-disclosure-layout-1-x-content vtex-disclosure-layout-1-x-content--description-and-specification vtex-disclosure-layout-1-x-content--visible vtex-disclosure-layout-1-x-content--description-and-specification--visible"">
<div class=""vtex-store-components-3-x-productDescriptionContainer"">
<div class=""vtex-store-components-3-x-productDescriptionText c-muted-1"">
<div class=""vtex-flex-layout-0-x-flexColChild vtex-flex-layout-0-x-flexColChild--pdp__main-content-info pb2"">
<div id=""id-q6svuq"" class=""vtex-disclosure-layout-1-x-content vtex-disclosure-layout-1-x-content--description-and-specification vtex-disclosure-layout-1-x-content--visible vtex-disclosure-layout-1-x-content--description-and-specification--visible"">
<div class=""vtex-store-components-3-x-productDescriptionContainer"">
<div class=""vtex-store-components-3-x-productDescriptionText c-muted-1"">
<div class=""vtex-flex-layout-0-x-flexColChild vtex-flex-layout-0-x-flexColChild--pdp__main-content-info pb2"">
<div id=""id-88bu9d"" class=""vtex-disclosure-layout-1-x-content vtex-disclosure-layout-1-x-content--description-and-specification vtex-disclosure-layout-1-x-content--visible vtex-disclosure-layout-1-x-content--description-and-specification--visible"">
<div class=""vtex-store-components-3-x-productDescriptionContainer"">
<div class=""vtex-store-components-3-x-productDescriptionText c-muted-1"">
<div class=""vtex-flex-layout-0-x-flexColChild vtex-flex-layout-0-x-flexColChild--pdp__main-content-info pb2"">
<div id=""id-88eldj"" class=""vtex-disclosure-layout-1-x-content vtex-disclosure-layout-1-x-content--description-and-specification vtex-disclosure-layout-1-x-content--visible vtex-disclosure-layout-1-x-content--description-and-specification--visible"">
<div class=""vtex-store-components-3-x-productDescriptionContainer"">
<div class=""vtex-store-components-3-x-productDescriptionText c-muted-1"">
<p><span>Linha Garage.</span></p>
<p><span>Força, design, personalidade e conforto – principais atributos da linha criada para homens de vanguarda, que se distinguem e se destacam entre os demais. Rústicos e elegantes.<br></span><span><br>Sider produzido em couro, na cor tan/carvalho. Fechamento em tira de couro com ilhós nos passantes, forro em tecido, tira de couro marrom decorativa em volta do colarinho na parte externa, frente do cabedal costurada a mão. Sola de micro expandido blaqueada com uma pequena faixa de cor café em volta, palmilha macia e bico arredondado.</span></p>
</div>
</div>
</div>
</div>
</div>
</div>
</div>
</div>
</div>
</div>
</div>
</div>
</div>
</div>
</div>
</div>","Tema Conversão","","","","true","Tamanho do calçado","37","","","","","","0","","","deny","manual","83.97","279.90","TRUE","TRUE","","https://cdn.shopify.com/s/files/1/0721/1168/5771/files/167332-1600-1600.jpg?v=1766929878","1","https://cdn.shopify.com/s/files/1/0721/1168/5771/files/167332-1600-1600.jpg?v=1766929878","","active"
"sider-garage-deck-tan-carvalho","","","","","","","","","38","","","","","","0","","","deny","manual","83.97","279.90","TRUE","TRUE","","https://cdn.shopify.com/s/files/1/0721/1168/5771/files/167333-1600-1600.jpg?v=1766929876","2","https://cdn.shopify.com/s/files/1/0721/1168/5771/files/167332-1600-1600.jpg?v=1766929878","",""
"sider-garage-deck-tan-carvalho","","","","","","","","","39","","","","","","0","","","deny","manual","83.97","279.90","TRUE","TRUE","","https://cdn.shopify.com/s/files/1/0721/1168/5771/files/167334-1600-1600.jpg?v=1766929873","3","https://cdn.shopify.com/s/files/1/0721/1168/5771/files/167332-1600-1600.jpg?v=1766929878","",""
"sider-garage-deck-tan-carvalho","","","","","","","","","40","","","","","","0","","","deny","manual","83.97","279.90","TRUE","TRUE","","https://cdn.shopify.com/s/files/1/0721/1168/5771/files/167335-1600-1600.jpg?v=1766929874","4","https://cdn.shopify.com/s/files/1/0721/1168/5771/files/167332-1600-1600.jpg?v=1766929878","",""
"sider-garage-deck-tan-carvalho","","","","","","","","","41","","","","","","0","","","deny","manual","83.97","279.90","TRUE","TRUE","","","","https://cdn.shopify.com/s/files/1/0721/1168/5771/files/167332-1600-1600.jpg?v=1766929878","",""
"sider-garage-deck-tan-carvalho","","","","","","","","","42","","","","","","0","","","deny","manual","83.97","279.90","TRUE","TRUE","","","","https://cdn.shopify.com/s/files/1/0721/1168/5771/files/167332-1600-1600.jpg?v=1766929878","",""
"sider-garage-deck-tan-carvalho","","","","","","","","","43","","","","","","0","","","deny","manual","83.97","279.90","TRUE","TRUE","","","","https://cdn.shopify.com/s/files/1/0721/1168/5771/files/167332-1600-1600.jpg?v=1766929878","",""
"sider-garage-deck-tan-carvalho","","","","","","","","","44","","","","","","0","","","deny","manual","83.97","279.90","TRUE","TRUE","","","","https://cdn.shopify.com/s/files/1/0721/1168/5771/files/167332-1600-1600.jpg?v=1766929878","",""
"sider-denim-bora-marrom","Sider Denim Bora Marrom","<div class=""vtex-flex-layout-0-x-flexColChild vtex-flex-layout-0-x-flexColChild--pdp__main-content-info pb2"">
<div id=""id-0bq9rk"" class=""vtex-disclosure-layout-1-x-content vtex-disclosure-layout-1-x-content--description-and-specification vtex-disclosure-layout-1-x-content--visible vtex-disclosure-layout-1-x-content--description-and-specification--visible"">
<div class=""vtex-store-components-3-x-productDescriptionContainer"">
<div class=""vtex-store-components-3-x-productDescriptionText c-muted-1"">
<div class=""vtex-flex-layout-0-x-flexColChild vtex-flex-layout-0-x-flexColChild--pdp__main-content-info pb2"">
<div id=""id-q6svuq"" class=""vtex-disclosure-layout-1-x-content vtex-disclosure-layout-1-x-content--description-and-specification vtex-disclosure-layout-1-x-content--visible vtex-disclosure-layout-1-x-content--description-and-specification--visible"">
<div class=""vtex-store-components-3-x-productDescriptionContainer"">
<div class=""vtex-store-components-3-x-productDescriptionText c-muted-1"">
<div class=""vtex-flex-layout-0-x-flexColChild vtex-flex-layout-0-x-flexColChild--pdp__main-content-info pb2"">
<div id=""id-88bu9d"" class=""vtex-disclosure-layout-1-x-content vtex-disclosure-layout-1-x-content--description-and-specification vtex-disclosure-layout-1-x-content--visible vtex-disclosure-layout-1-x-content--description-and-specification--visible"">
<div class=""vtex-store-components-3-x-productDescriptionContainer"">
<div class=""vtex-store-components-3-x-productDescriptionText c-muted-1"">
<div class=""vtex-flex-layout-0-x-flexColChild vtex-flex-layout-0-x-flexColChild--pdp__main-content-info pb2"">
<div id=""id-88eldj"" class=""vtex-disclosure-layout-1-x-content vtex-disclosure-layout-1-x-content--description-and-specification vtex-disclosure-layout-1-x-content--visible vtex-disclosure-layout-1-x-content--description-and-specification--visible"">
<div class=""vtex-store-components-3-x-productDescriptionContainer"">
<div class=""vtex-store-components-3-x-productDescriptionText c-muted-1"">
<p class=""MsoNormal"">O<span> </span><b>Sapatênis de Couro Denim Bora</b>, é um produto versátil e moderno, ideal para te acompanhar em seu dia a dia.</p>
<p class=""MsoNormal"">Ele possui calce fácil, palmilha em P.U., bico arredondado, cabedal em couro e detalhe com o logo da marca na língua. A língua e o colarinho são acolchoados e a sola é feita de micro expandido blaqueada, proporcionando maior durabilidade e conforto.</p>
<p class=""MsoNormal""><span>A Linha Denim oferece liberdade para transitar de uma reunião de trabalho para um happy hour e estar bem vestido. Contemporâneo, despojado, confortável e leve, perfeito para o uso no dia a dia.</span><br></p>
</div>
</div>
</div>
</div>
</div>
</div>
</div>
</div>
</div>
</div>
</div>
</div>
</div>
</div>
</div>
</div>","Tema Conversão","","","","true","Tamanho do calçado","37","","","","","","0","","","deny","manual","86.97","289.90","TRUE","TRUE","","https://cdn.shopify.com/s/files/1/0721/1168/5771/files/170497-1600-1600.jpg?v=1766929894","1","https://cdn.shopify.com/s/files/1/0721/1168/5771/files/170497-1600-1600.jpg?v=1766929894","","active"
"sider-denim-bora-marrom","","","","","","","","","38","","","","","","0","","","deny","manual","86.97","289.90","TRUE","TRUE","","https://cdn.shopify.com/s/files/1/0721/1168/5771/files/170498-1600-1600.jpg?v=1766929891","2","https://cdn.shopify.com/s/files/1/0721/1168/5771/files/170497-1600-1600.jpg?v=1766929894","",""
"sider-denim-bora-marrom","","","","","","","","","39","","","","","","0","","","deny","manual","86.97","289.90","TRUE","TRUE","","https://cdn.shopify.com/s/files/1/0721/1168/5771/files/170499-1600-1600.jpg?v=1766929892","3","https://cdn.shopify.com/s/files/1/0721/1168/5771/files/170497-1600-1600.jpg?v=1766929894","",""
"sider-denim-bora-marrom","","","","","","","","","40","","","","","","0","","","deny","manual","86.97","289.90","TRUE","TRUE","","https://cdn.shopify.com/s/files/1/0721/1168/5771/files/170500-1600-1600.jpg?v=1766929893","4","https://cdn.shopify.com/s/files/1/0721/1168/5771/files/170497-1600-1600.jpg?v=1766929894","",""
"sider-denim-bora-marrom","","","","","","","","","41","","","","","","0","","","deny","manual","86.97","289.90","TRUE","TRUE","","","","https://cdn.shopify.com/s/files/1/0721/1168/5771/files/170497-1600-1600.jpg?v=1766929894","",""
"sider-denim-bora-marrom","","","","","","","","","42","","","","","","0","","","deny","manual","86.97","289.90","TRUE","TRUE","","","","https://cdn.shopify.com/s/files/1/0721/1168/5771/files/170497-1600-1600.jpg?v=1766929894","",""
"sider-denim-bora-marrom","","","","","","","","","43","","","","","","0","","","deny","manual","86.97","289.90","TRUE","TRUE","","","","https://cdn.shopify.com/s/files/1/0721/1168/5771/files/170497-1600-1600.jpg?v=1766929894","",""
"sider-denim-bora-marrom","","","","","","","","","44","","","","","","0","","","deny","manual","86.97","289.90","TRUE","TRUE","","","","https://cdn.shopify.com/s/files/1/0721/1168/5771/files/170497-1600-1600.jpg?v=1766929894","",""
"sider-denim-bora-cinza-1","Sider Denim Bora Cinza","<div class=""vtex-flex-layout-0-x-flexColChild vtex-flex-layout-0-x-flexColChild--pdp__main-content-info pb2"">
<div id=""id-0bq9rk"" class=""vtex-disclosure-layout-1-x-content vtex-disclosure-layout-1-x-content--description-and-specification vtex-disclosure-layout-1-x-content--visible vtex-disclosure-layout-1-x-content--description-and-specification--visible"">
<div class=""vtex-store-components-3-x-productDescriptionContainer"">
<div class=""vtex-store-components-3-x-productDescriptionText c-muted-1"">
<div class=""vtex-flex-layout-0-x-flexColChild vtex-flex-layout-0-x-flexColChild--pdp__main-content-info pb2"">
<div id=""id-q6svuq"" class=""vtex-disclosure-layout-1-x-content vtex-disclosure-layout-1-x-content--description-and-specification vtex-disclosure-layout-1-x-content--visible vtex-disclosure-layout-1-x-content--description-and-specification--visible"">
<div class=""vtex-store-components-3-x-productDescriptionContainer"">
<div class=""vtex-store-components-3-x-productDescriptionText c-muted-1"">
<div class=""vtex-flex-layout-0-x-flexColChild vtex-flex-layout-0-x-flexColChild--pdp__main-content-info pb2"">
<div id=""id-88bu9d"" class=""vtex-disclosure-layout-1-x-content vtex-disclosure-layout-1-x-content--description-and-specification vtex-disclosure-layout-1-x-content--visible vtex-disclosure-layout-1-x-content--description-and-specification--visible"">
<div class=""vtex-store-components-3-x-productDescriptionContainer"">
<div class=""vtex-store-components-3-x-productDescriptionText c-muted-1"">
<div class=""vtex-flex-layout-0-x-flexColChild vtex-flex-layout-0-x-flexColChild--pdp__main-content-info pb2"">
<div id=""id-88eldj"" class=""vtex-disclosure-layout-1-x-content vtex-disclosure-layout-1-x-content--description-and-specification vtex-disclosure-layout-1-x-content--visible vtex-disclosure-layout-1-x-content--description-and-specification--visible"">
<div class=""vtex-store-components-3-x-productDescriptionContainer"">
<div class=""vtex-store-components-3-x-productDescriptionText c-muted-1"">
<p class=""MsoNormal"">O <span>Sapatênis de Couro Denim Bora</span>, é um produto versátil e moderno, ideal para te acompanhar em seu dia a dia.</p>
<p class=""MsoNormal"">Ele possui calce fácil, palmilha em P.U., bico arredondado, cabedal em couro e detalhe com o logo da marca na língua. A língua e o colarinho são acolchoados e a sola é feita de micro expandido blaqueada, proporcionando maior durabilidade e conforto.</p>
<p class=""MsoNormal""><span>A Linha Denim oferece liberdade para transitar de uma reunião de trabalho para um happy hour e estar bem vestido. Contemporâneo, despojado, confortável e leve, perfeito para o uso no dia a dia.</span><br></p>
</div>
</div>
</div>
</div>
</div>
</div>
</div>
</div>
</div>
</div>
</div>
</div>
</div>
</div>
</div>
</div>","Tema Conversão","","","","true","Tamanho do calçado","37","","","","","","0","","","deny","manual","86.97","289.90","TRUE","TRUE","","https://cdn.shopify.com/s/files/1/0721/1168/5771/files/170489-1600-1600_12711429-e876-45cb-8085-9ba7832bd218.jpg?v=1766929879","1","https://cdn.shopify.com/s/files/1/0721/1168/5771/files/170489-1600-1600_12711429-e876-45cb-8085-9ba7832bd218.jpg?v=1766929879","","active"
"sider-denim-bora-cinza-1","","","","","","","","","38","","","","","","0","","","deny","manual","86.97","289.90","TRUE","TRUE","","https://cdn.shopify.com/s/files/1/0721/1168/5771/files/170490-1600-1600_c975e101-fcff-4e22-814f-6125ad7c5072.jpg?v=1766929881","2","https://cdn.shopify.com/s/files/1/0721/1168/5771/files/170489-1600-1600_12711429-e876-45cb-8085-9ba7832bd218.jpg?v=1766929879","",""
"sider-denim-bora-cinza-1","","","","","","","","","39","","","","","","0","","","deny","manual","86.97","289.90","TRUE","TRUE","","https://cdn.shopify.com/s/files/1/0721/1168/5771/files/170491-1600-1600_8ee38cdc-5b88-4b7a-98cf-6173c97a5b1f.jpg?v=1766929879","3","https://cdn.shopify.com/s/files/1/0721/1168/5771/files/170489-1600-1600_12711429-e876-45cb-8085-9ba7832bd218.jpg?v=1766929879","",""
"sider-denim-bora-cinza-1","","","","","","","","","40","","","","","","0","","","deny","manual","86.97","289.90","TRUE","TRUE","","https://cdn.shopify.com/s/files/1/0721/1168/5771/files/170492-1600-1600_dd0491cb-00ca-400f-b924-e74ad0eb30d6.jpg?v=1766929877","4","https://cdn.shopify.com/s/files/1/0721/1168/5771/files/170489-1600-1600_12711429-e876-45cb-8085-9ba7832bd218.jpg?v=1766929879","",""
"sider-denim-bora-cinza-1","","","","","","","","","41","","","","","","0","","","deny","manual","86.97","289.90","TRUE","TRUE","","","","https://cdn.shopify.com/s/files/1/0721/1168/5771/files/170489-1600-1600_12711429-e876-45cb-8085-9ba7832bd218.jpg?v=1766929879","",""
"sider-denim-bora-cinza-1","","","","","","","","","42","","","","","","0","","","deny","manual","86.97","289.90","TRUE","TRUE","","","","https://cdn.shopify.com/s/files/1/0721/1168/5771/files/170489-1600-1600_12711429-e876-45cb-8085-9ba7832bd218.jpg?v=1766929879","",""
"sider-denim-bora-cinza-1","","","","","","","","","43","","","","","","0","","","deny","manual","86.97","289.90","TRUE","TRUE","","","","https://cdn.shopify.com/s/files/1/0721/1168/5771/files/170489-1600-1600_12711429-e876-45cb-8085-9ba7832bd218.jpg?v=1766929879","",""
"sider-denim-bora-cinza-1","","","","","","","","","44","","","","","","0","","","deny","manual","86.97","289.90","TRUE","TRUE","","","","https://cdn.shopify.com/s/files/1/0721/1168/5771/files/170489-1600-1600_12711429-e876-45cb-8085-9ba7832bd218.jpg?v=1766929879","",""
"sider-denim-bora-cinza","Sider Denim Bora Cinza","<div class=""vtex-flex-layout-0-x-flexColChild vtex-flex-layout-0-x-flexColChild--pdp__main-content-info pb2"">
<div id=""id-0bq9rk"" class=""vtex-disclosure-layout-1-x-content vtex-disclosure-layout-1-x-content--description-and-specification vtex-disclosure-layout-1-x-content--visible vtex-disclosure-layout-1-x-content--description-and-specification--visible"">
<div class=""vtex-store-components-3-x-productDescriptionContainer"">
<div class=""vtex-store-components-3-x-productDescriptionText c-muted-1"">
<div class=""vtex-flex-layout-0-x-flexColChild vtex-flex-layout-0-x-flexColChild--pdp__main-content-info pb2"">
<div id=""id-q6svuq"" class=""vtex-disclosure-layout-1-x-content vtex-disclosure-layout-1-x-content--description-and-specification vtex-disclosure-layout-1-x-content--visible vtex-disclosure-layout-1-x-content--description-and-specification--visible"">
<div class=""vtex-store-components-3-x-productDescriptionContainer"">
<div class=""vtex-store-components-3-x-productDescriptionText c-muted-1"">
<div class=""vtex-flex-layout-0-x-flexColChild vtex-flex-layout-0-x-flexColChild--pdp__main-content-info pb2"">
<div id=""id-88bu9d"" class=""vtex-disclosure-layout-1-x-content vtex-disclosure-layout-1-x-content--description-and-specification vtex-disclosure-layout-1-x-content--visible vtex-disclosure-layout-1-x-content--description-and-specification--visible"">
<div class=""vtex-store-components-3-x-productDescriptionContainer"">
<div class=""vtex-store-components-3-x-productDescriptionText c-muted-1"">
<div class=""vtex-flex-layout-0-x-flexColChild vtex-flex-layout-0-x-flexColChild--pdp__main-content-info pb2"">
<div id=""id-88eldj"" class=""vtex-disclosure-layout-1-x-content vtex-disclosure-layout-1-x-content--description-and-specification vtex-disclosure-layout-1-x-content--visible vtex-disclosure-layout-1-x-content--description-and-specification--visible"">
<div class=""vtex-store-components-3-x-productDescriptionContainer"">
<div class=""vtex-store-components-3-x-productDescriptionText c-muted-1"">
<p class=""MsoNormal"">O<span> </span><b>Sapatênis de Couro Denim Bora</b>, é um produto versátil e moderno, ideal para te acompanhar em seu dia a dia.</p>
<p class=""MsoNormal"">Ele possui calce fácil, palmilha em P.U., bico arredondado, cabedal em couro e detalhe com o logo da marca na língua. A língua e o colarinho são acolchoados e a sola é feita de micro expandido blaqueada, proporcionando maior durabilidade e conforto.</p>
<p class=""MsoNormal""><span>A Linha Denim oferece liberdade para transitar de uma reunião de trabalho para um happy hour e estar bem vestido. Contemporâneo, despojado, confortável e leve, perfeito para o uso no dia a dia.</span><br></p>
</div>
</div>
</div>
</div>
</div>
</div>
</div>
</div>
</div>
</div>
</div>
</div>
</div>
</div>
</div>
</div>","Tema Conversão","","","","true","Tamanho do calçado","37","","","","","","0","","","deny","manual","86.97","289.90","TRUE","TRUE","","https://cdn.shopify.com/s/files/1/0721/1168/5771/files/170489-1600-1600.jpg?v=1766929892","1","https://cdn.shopify.com/s/files/1/0721/1168/5771/files/170489-1600-1600.jpg?v=1766929892","","active"
"sider-denim-bora-cinza","","","","","","","","","38","","","","","","0","","","deny","manual","86.97","289.90","TRUE","TRUE","","https://cdn.shopify.com/s/files/1/0721/1168/5771/files/170490-1600-1600.jpg?v=1766929893","2","https://cdn.shopify.com/s/files/1/0721/1168/5771/files/170489-1600-1600.jpg?v=1766929892","",""
"sider-denim-bora-cinza","","","","","","","","","39","","","","","","0","","","deny","manual","86.97","289.90","TRUE","TRUE","","https://cdn.shopify.com/s/files/1/0721/1168/5771/files/170491-1600-1600.jpg?v=1766929891","3","https://cdn.shopify.com/s/files/1/0721/1168/5771/files/170489-1600-1600.jpg?v=1766929892","",""
"sider-denim-bora-cinza","","","","","","","","","40","","","","","","0","","","deny","manual","86.97","289.90","TRUE","TRUE","","https://cdn.shopify.com/s/files/1/0721/1168/5771/files/170492-1600-1600.jpg?v=1766929891","4","https://cdn.shopify.com/s/files/1/0721/1168/5771/files/170489-1600-1600.jpg?v=1766929892","",""
"sider-denim-bora-cinza","","","","","","","","","41","","","","","","0","","","deny","manual","86.97","289.90","TRUE","TRUE","","","","https://cdn.shopify.com/s/files/1/0721/1168/5771/files/170489-1600-1600.jpg?v=1766929892","",""
"sider-denim-bora-cinza","","","","","","","","","42","","","","","","0","","","deny","manual","86.97","289.90","TRUE","TRUE","","","","https://cdn.shopify.com/s/files/1/0721/1168/5771/files/170489-1600-1600.jpg?v=1766929892","",""
"sider-denim-bora-cinza","","","","","","","","","43","","","","","","0","","","deny","manual","86.97","289.90","TRUE","TRUE","","","","https://cdn.shopify.com/s/files/1/0721/1168/5771/files/170489-1600-1600.jpg?v=1766929892","",""
"sider-denim-bora-cinza","","","","","","","","","44","","","","","","0","","","deny","manual","86.97","289.90","TRUE","TRUE","","","","https://cdn.shopify.com/s/files/1/0721/1168/5771/files/170489-1600-1600.jpg?v=1766929892","",""
"sider-denim-bora-azul","Sider Denim Bora Azul","<div class=""vtex-flex-layout-0-x-flexColChild vtex-flex-layout-0-x-flexColChild--pdp__main-content-info pb2"">
<div class=""vtex-disclosure-layout-1-x-content vtex-disclosure-layout-1-x-content--description-and-specification vtex-disclosure-layout-1-x-content--visible vtex-disclosure-layout-1-x-content--description-and-specification--visible"" id=""id-0bq9rk"">
<div class=""vtex-store-components-3-x-productDescriptionContainer"">
<div class=""vtex-store-components-3-x-productDescriptionText c-muted-1"">
<div class=""vtex-flex-layout-0-x-flexColChild vtex-flex-layout-0-x-flexColChild--pdp__main-content-info pb2"">
<div class=""vtex-disclosure-layout-1-x-content vtex-disclosure-layout-1-x-content--description-and-specification vtex-disclosure-layout-1-x-content--visible vtex-disclosure-layout-1-x-content--description-and-specification--visible"" id=""id-q6svuq"">
<div class=""vtex-store-components-3-x-productDescriptionContainer"">
<div class=""vtex-store-components-3-x-productDescriptionText c-muted-1"">
<div class=""vtex-flex-layout-0-x-flexColChild vtex-flex-layout-0-x-flexColChild--pdp__main-content-info pb2"">
<div class=""vtex-disclosure-layout-1-x-content vtex-disclosure-layout-1-x-content--description-and-specification vtex-disclosure-layout-1-x-content--visible vtex-disclosure-layout-1-x-content--description-and-specification--visible"" id=""id-88bu9d"">
<div class=""vtex-store-components-3-x-productDescriptionContainer"">
<div class=""vtex-store-components-3-x-productDescriptionText c-muted-1"">
<div class=""vtex-flex-layout-0-x-flexColChild vtex-flex-layout-0-x-flexColChild--pdp__main-content-info pb2"">
<div class=""vtex-disclosure-layout-1-x-content vtex-disclosure-layout-1-x-content--description-and-specification vtex-disclosure-layout-1-x-content--visible vtex-disclosure-layout-1-x-content--description-and-specification--visible"" id=""id-88eldj"">
<div class=""vtex-store-components-3-x-productDescriptionContainer"">
<div class=""vtex-store-components-3-x-productDescriptionText c-muted-1"">
<p class=""MsoNormal"">O <span>Sapatênis de Couro Denim Bora</span>, é um produto versátil e moderno, ideal para te acompanhar em seu dia a dia.</p>
<p class=""MsoNormal"">Ele possui calce fácil, palmilha em P.U., bico arredondado, cabedal em couro e detalhe com o logo da marca na língua. A língua e o colarinho são acolchoados e a sola é feita de micro expandido blaqueada, proporcionando maior durabilidade e conforto.</p>
<p class=""MsoNormal""><span>A Linha Denim oferece liberdade para transitar de uma reunião de trabalho para um happy hour e estar bem vestido. Contemporâneo, despojado, confortável e leve, perfeito para o uso no dia a dia.</span><br></p>
</div>
</div>
</div>
</div>
</div>
</div>
</div>
</div>
</div>
</div>
</div>
</div>
</div>
</div>
</div>
</div>","Tema Conversão","","","","true","Tamanho do calçado","37","","","","","","0","","","deny","manual","86.97","289.90","TRUE","TRUE","","https://cdn.shopify.com/s/files/1/0721/1168/5771/files/170493-1600-1600.jpg?v=1766929894","1","https://cdn.shopify.com/s/files/1/0721/1168/5771/files/170493-1600-1600.jpg?v=1766929894","","active"
"sider-denim-bora-azul","","","","","","","","","38","","","","","","0","","","deny","manual","86.97","289.90","TRUE","TRUE","","https://cdn.shopify.com/s/files/1/0721/1168/5771/files/170494-1600-1600.jpg?v=1766929892","2","https://cdn.shopify.com/s/files/1/0721/1168/5771/files/170493-1600-1600.jpg?v=1766929894","",""
"sider-denim-bora-azul","","","","","","","","","39","","","","","","0","","","deny","manual","86.97","289.90","TRUE","TRUE","","https://cdn.shopify.com/s/files/1/0721/1168/5771/files/170495-1600-1600.jpg?v=1766929893","3","https://cdn.shopify.com/s/files/1/0721/1168/5771/files/170493-1600-1600.jpg?v=1766929894","",""
"sider-denim-bora-azul","","","","","","","","","40","","","","","","0","","","deny","manual","86.97","289.90","TRUE","TRUE","","https://cdn.shopify.com/s/files/1/0721/1168/5771/files/170496-1600-1600.jpg?v=1766929892","4","https://cdn.shopify.com/s/files/1/0721/1168/5771/files/170493-1600-1600.jpg?v=1766929894","",""
"sider-denim-bora-azul","","","","","","","","","41","","","","","","0","","","deny","manual","86.97","289.90","TRUE","TRUE","","","","https://cdn.shopify.com/s/files/1/0721/1168/5771/files/170493-1600-1600.jpg?v=1766929894","",""
"sider-denim-bora-azul","","","","","","","","","42","","","","","","0","","","deny","manual","86.97","289.90","TRUE","TRUE","","","","https://cdn.shopify.com/s/files/1/0721/1168/5771/files/170493-1600-1600.jpg?v=1766929894","",""
"sider-denim-bora-azul","","","","","","","","","43","","","","","","0","","","deny","manual","86.97","289.90","TRUE","TRUE","","","","https://cdn.shopify.com/s/files/1/0721/1168/5771/files/170493-1600-1600.jpg?v=1766929894","",""
"sider-denim-bora-azul","","","","","","","","","44","","","","","","0","","","deny","manual","86.97","289.90","TRUE","TRUE","","","","https://cdn.shopify.com/s/files/1/0721/1168/5771/files/170493-1600-1600.jpg?v=1766929894","",""
"sapato-type-metropolitan-preto","Sapato Type Metropolitan Preto","<div class=""vtex-flex-layout-0-x-flexColChild vtex-flex-layout-0-x-flexColChild--pdp__main-content-info pb2"">
<div id=""id-0bq9rk"" class=""vtex-disclosure-layout-1-x-content vtex-disclosure-layout-1-x-content--description-and-specification vtex-disclosure-layout-1-x-content--visible vtex-disclosure-layout-1-x-content--description-and-specification--visible"">
<div class=""vtex-store-components-3-x-productDescriptionContainer"">
<div class=""vtex-store-components-3-x-productDescriptionText c-muted-1"">
<div class=""vtex-flex-layout-0-x-flexColChild vtex-flex-layout-0-x-flexColChild--pdp__main-content-info pb2"">
<div id=""id-q6svuq"" class=""vtex-disclosure-layout-1-x-content vtex-disclosure-layout-1-x-content--description-and-specification vtex-disclosure-layout-1-x-content--visible vtex-disclosure-layout-1-x-content--description-and-specification--visible"">
<div class=""vtex-store-components-3-x-productDescriptionContainer"">
<div class=""vtex-store-components-3-x-productDescriptionText c-muted-1"">
<div class=""vtex-flex-layout-0-x-flexColChild vtex-flex-layout-0-x-flexColChild--pdp__main-content-info pb2"">
<div id=""id-88bu9d"" class=""vtex-disclosure-layout-1-x-content vtex-disclosure-layout-1-x-content--description-and-specification vtex-disclosure-layout-1-x-content--visible vtex-disclosure-layout-1-x-content--description-and-specification--visible"">
<div class=""vtex-store-components-3-x-productDescriptionContainer"">
<div class=""vtex-store-components-3-x-productDescriptionText c-muted-1"">
<div class=""vtex-flex-layout-0-x-flexColChild vtex-flex-layout-0-x-flexColChild--pdp__main-content-info pb2"">
<div id=""id-88eldj"" class=""vtex-disclosure-layout-1-x-content vtex-disclosure-layout-1-x-content--description-and-specification vtex-disclosure-layout-1-x-content--visible vtex-disclosure-layout-1-x-content--description-and-specification--visible"">
<div class=""vtex-store-components-3-x-productDescriptionContainer"">
<div class=""vtex-store-components-3-x-productDescriptionText c-muted-1"">
<p>O <span>Sapato de <a href=""https://www.democrata.com.br/couro"">Couro</a></span> Type Metropolitan Preto traz em destaque o conforto e design moderno.</p>
<p><br>Ele possui cabedal com recortes no couro e puxador no calcanhar, forro de tecido, fechamento por cadarço de amarrar, possui recorte nas laterais facilitando o calce. Conta com sola de micro expandido. A <span>palmilha é de  EVA fixa ao calçado</span>, que oferece absoluto conforto para os seus pés.</p>
</div>
</div>
</div>
</div>
</div>
</div>
</div>
</div>
</div>
</div>
</div>
</div>
</div>
</div>
</div>
</div>","Tema Conversão","","","","true","Tamanho do calçado","37","","","","","","0","","","deny","manual","90.00","300.00","TRUE","TRUE","","https://cdn.shopify.com/s/files/1/0721/1168/5771/files/168999-1600-1600.jpg?v=1766929924","1","https://cdn.shopify.com/s/files/1/0721/1168/5771/files/168999-1600-1600.jpg?v=1766929924","","active"
"sapato-type-metropolitan-preto","","","","","","","","","38","","","","","","0","","","deny","manual","90.00","300.00","TRUE","TRUE","","https://cdn.shopify.com/s/files/1/0721/1168/5771/files/169000-1600-1600.jpg?v=1766929923","2","https://cdn.shopify.com/s/files/1/0721/1168/5771/files/168999-1600-1600.jpg?v=1766929924","",""
"sapato-type-metropolitan-preto","","","","","","","","","39","","","","","","0","","","deny","manual","90.00","300.00","TRUE","TRUE","","https://cdn.shopify.com/s/files/1/0721/1168/5771/files/169001-1600-1600.jpg?v=1766929923","3","https://cdn.shopify.com/s/files/1/0721/1168/5771/files/168999-1600-1600.jpg?v=1766929924","",""
"sapato-type-metropolitan-preto","","","","","","","","","40","","","","","","0","","","deny","manual","90.00","300.00","TRUE","TRUE","","https://cdn.shopify.com/s/files/1/0721/1168/5771/files/169002-1600-1600.jpg?v=1766929923","4","https://cdn.shopify.com/s/files/1/0721/1168/5771/files/168999-1600-1600.jpg?v=1766929924","",""
"sapato-type-metropolitan-preto","","","","","","","","","41","","","","","","0","","","deny","manual","90.00","300.00","TRUE","TRUE","","","","https://cdn.shopify.com/s/files/1/0721/1168/5771/files/168999-1600-1600.jpg?v=1766929924","",""
"sapato-type-metropolitan-preto","","","","","","","","","42","","","","","","0","","","deny","manual","90.00","300.00","TRUE","TRUE","","","","https://cdn.shopify.com/s/files/1/0721/1168/5771/files/168999-1600-1600.jpg?v=1766929924","",""
"sapato-type-metropolitan-preto","","","","","","","","","43","","","","","","0","","","deny","manual","90.00","300.00","TRUE","TRUE","","","","https://cdn.shopify.com/s/files/1/0721/1168/5771/files/168999-1600-1600.jpg?v=1766929924","",""
"sapato-type-metropolitan-preto","","","","","","","","","44","","","","","","0","","","deny","manual","90.00","300.00","TRUE","TRUE","","","","https://cdn.shopify.com/s/files/1/0721/1168/5771/files/168999-1600-1600.jpg?v=1766929924","",""
"sapato-type-metropolitan-conhaque","Sapato Type Metropolitan Conhaque","<div class=""vtex-flex-layout-0-x-flexColChild vtex-flex-layout-0-x-flexColChild--pdp__main-content-info pb2"">
<div class=""vtex-disclosure-layout-1-x-content vtex-disclosure-layout-1-x-content--description-and-specification vtex-disclosure-layout-1-x-content--visible vtex-disclosure-layout-1-x-content--description-and-specification--visible"" id=""id-0bq9rk"">
<div class=""vtex-store-components-3-x-productDescriptionContainer"">
<div class=""vtex-store-components-3-x-productDescriptionText c-muted-1"">
<div class=""vtex-flex-layout-0-x-flexColChild vtex-flex-layout-0-x-flexColChild--pdp__main-content-info pb2"">
<div class=""vtex-disclosure-layout-1-x-content vtex-disclosure-layout-1-x-content--description-and-specification vtex-disclosure-layout-1-x-content--visible vtex-disclosure-layout-1-x-content--description-and-specification--visible"" id=""id-q6svuq"">
<div class=""vtex-store-components-3-x-productDescriptionContainer"">
<div class=""vtex-store-components-3-x-productDescriptionText c-muted-1"">
<div class=""vtex-flex-layout-0-x-flexColChild vtex-flex-layout-0-x-flexColChild--pdp__main-content-info pb2"">
<div class=""vtex-disclosure-layout-1-x-content vtex-disclosure-layout-1-x-content--description-and-specification vtex-disclosure-layout-1-x-content--visible vtex-disclosure-layout-1-x-content--description-and-specification--visible"" id=""id-88bu9d"">
<div class=""vtex-store-components-3-x-productDescriptionContainer"">
<div class=""vtex-store-components-3-x-productDescriptionText c-muted-1"">
<div class=""vtex-flex-layout-0-x-flexColChild vtex-flex-layout-0-x-flexColChild--pdp__main-content-info pb2"">
<div class=""vtex-disclosure-layout-1-x-content vtex-disclosure-layout-1-x-content--description-and-specification vtex-disclosure-layout-1-x-content--visible vtex-disclosure-layout-1-x-content--description-and-specification--visible"" id=""id-88eldj"">
<div class=""vtex-store-components-3-x-productDescriptionContainer"">
<div class=""vtex-store-components-3-x-productDescriptionText c-muted-1"">
<p>O <span>Sapato de <a href=""https://www.democrata.com.br/couro"">Couro</a></span> Type Metropolitan Conhaque traz em destaque o conforto e design moderno.</p>
<p><br><span>Ele possui cabedal com recortes no couro e puxador no calcanhar, forro de tecido, possui recorte nas laterais facilitando o calce. Conta com sola de micro expandido. A </span><span>palmilha é de  EVA fixa ao calçado</span><span>, que oferece absoluto conforto para os seus pés.</span></p>
</div>
</div>
</div>
</div>
</div>
</div>
</div>
</div>
</div>
</div>
</div>
</div>
</div>
</div>
</div>
</div>","Tema Conversão","","","","true","Tamanho do calçado","37","","","","","","0","","","deny","manual","90.00","300.00","TRUE","TRUE","","https://cdn.shopify.com/s/files/1/0721/1168/5771/files/168987-1600-1600.jpg?v=1766929921","1","https://cdn.shopify.com/s/files/1/0721/1168/5771/files/168987-1600-1600.jpg?v=1766929921","","active"
"sapato-type-metropolitan-conhaque","","","","","","","","","38","","","","","","0","","","deny","manual","90.00","300.00","TRUE","TRUE","","https://cdn.shopify.com/s/files/1/0721/1168/5771/files/168988-1600-1600.jpg?v=1766929921","2","https://cdn.shopify.com/s/files/1/0721/1168/5771/files/168987-1600-1600.jpg?v=1766929921","",""
"sapato-type-metropolitan-conhaque","","","","","","","","","39","","","","","","0","","","deny","manual","90.00","300.00","TRUE","TRUE","","https://cdn.shopify.com/s/files/1/0721/1168/5771/files/168989-1600-1600.jpg?v=1766929922","3","https://cdn.shopify.com/s/files/1/0721/1168/5771/files/168987-1600-1600.jpg?v=1766929921","",""
"sapato-type-metropolitan-conhaque","","","","","","","","","40","","","","","","0","","","deny","manual","90.00","300.00","TRUE","TRUE","","https://cdn.shopify.com/s/files/1/0721/1168/5771/files/168990-1600-1600.jpg?v=1766929922","4","https://cdn.shopify.com/s/files/1/0721/1168/5771/files/168987-1600-1600.jpg?v=1766929921","",""
"sapato-type-metropolitan-conhaque","","","","","","","","","41","","","","","","0","","","deny","manual","90.00","300.00","TRUE","TRUE","","","","https://cdn.shopify.com/s/files/1/0721/1168/5771/files/168987-1600-1600.jpg?v=1766929921","",""
"sapato-type-metropolitan-conhaque","","","","","","","","","42","","","","","","0","","","deny","manual","90.00","300.00","TRUE","TRUE","","","","https://cdn.shopify.com/s/files/1/0721/1168/5771/files/168987-1600-1600.jpg?v=1766929921","",""
"sapato-type-metropolitan-conhaque","","","","","","","","","43","","","","","","0","","","deny","manual","90.00","300.00","TRUE","TRUE","","","","https://cdn.shopify.com/s/files/1/0721/1168/5771/files/168987-1600-1600.jpg?v=1766929921","",""
"sapato-type-metropolitan-conhaque","","","","","","","","","44","","","","","","0","","","deny","manual","90.00","300.00","TRUE","TRUE","","","","https://cdn.shopify.com/s/files/1/0721/1168/5771/files/168987-1600-1600.jpg?v=1766929921","",""
"sapato-smart-comfort-pointer-hi-soft-32-preto","Sapato Smart Comfort Pointer Hi-Soft 32 Preto","<div class=""vtex-flex-layout-0-x-flexColChild vtex-flex-layout-0-x-flexColChild--pdp__main-content-info pb2"">
<div class=""vtex-disclosure-layout-1-x-content vtex-disclosure-layout-1-x-content--description-and-specification vtex-disclosure-layout-1-x-content--visible vtex-disclosure-layout-1-x-content--description-and-specification--visible"" id=""id-0bq9rk"">
<div class=""vtex-store-components-3-x-productDescriptionContainer"">
<div class=""vtex-store-components-3-x-productDescriptionText c-muted-1"">
<div class=""vtex-flex-layout-0-x-flexColChild vtex-flex-layout-0-x-flexColChild--pdp__main-content-info pb2"">
<div class=""vtex-disclosure-layout-1-x-content vtex-disclosure-layout-1-x-content--description-and-specification vtex-disclosure-layout-1-x-content--visible vtex-disclosure-layout-1-x-content--description-and-specification--visible"" id=""id-q6svuq"">
<div class=""vtex-store-components-3-x-productDescriptionContainer"">
<div class=""vtex-store-components-3-x-productDescriptionText c-muted-1"">
<div class=""vtex-flex-layout-0-x-flexColChild vtex-flex-layout-0-x-flexColChild--pdp__main-content-info pb2"">
<div class=""vtex-disclosure-layout-1-x-content vtex-disclosure-layout-1-x-content--description-and-specification vtex-disclosure-layout-1-x-content--visible vtex-disclosure-layout-1-x-content--description-and-specification--visible"" id=""id-88bu9d"">
<div class=""vtex-store-components-3-x-productDescriptionContainer"">
<div class=""vtex-store-components-3-x-productDescriptionText c-muted-1"">
<div class=""vtex-flex-layout-0-x-flexColChild vtex-flex-layout-0-x-flexColChild--pdp__main-content-info pb2"">
<div class=""vtex-disclosure-layout-1-x-content vtex-disclosure-layout-1-x-content--description-and-specification vtex-disclosure-layout-1-x-content--visible vtex-disclosure-layout-1-x-content--description-and-specification--visible"" id=""id-88eldj"">
<div class=""vtex-store-components-3-x-productDescriptionContainer"">
<div class=""vtex-store-components-3-x-productDescriptionText c-muted-1"">
<p>O<span> </span><strong>Sapato de Couro Preto</strong><span> </span>Smart Comfort da linha Pointer se destaca pelo conforto absoluto.</p>
<p>Ele possui elástico nas laterais, facilitando o calce, tira de couro sobre o cabedal, forro feito de tecido sintético e sola de borracha. Também conta com<span> </span><strong>palmilha em PU e com a tecnologia hi-soft 32</strong>, que oferece absoluto conforto para os seus pés.</p>
<p>A Linha Smart conta com calçados que possuem tecnologias modernas, funcionais e exclusivas, oferecendo maior conforto e bem-estar para o seu dia a dia.</p>
</div>
</div>
</div>
</div>
</div>
</div>
</div>
</div>
</div>
</div>
</div>
</div>
</div>
</div>
</div>
</div>","Tema Conversão","","","","true","Tamanho do calçado","37","","","","","","0","","","deny","manual","87.00","290.00","TRUE","TRUE","","https://cdn.shopify.com/s/files/1/0721/1168/5771/files/164613-1600-1600.jpg?v=1766929907","1","https://cdn.shopify.com/s/files/1/0721/1168/5771/files/164613-1600-1600.jpg?v=1766929907","","active"
"sapato-smart-comfort-pointer-hi-soft-32-preto","","","","","","","","","38","","","","","","0","","","deny","manual","87.00","290.00","TRUE","TRUE","","https://cdn.shopify.com/s/files/1/0721/1168/5771/files/164614-1600-1600.jpg?v=1766929906","2","https://cdn.shopify.com/s/files/1/0721/1168/5771/files/164613-1600-1600.jpg?v=1766929907","",""
"sapato-smart-comfort-pointer-hi-soft-32-preto","","","","","","","","","39","","","","","","0","","","deny","manual","87.00","290.00","TRUE","TRUE","","https://cdn.shopify.com/s/files/1/0721/1168/5771/files/164615-1600-1600.jpg?v=1766929906","3","https://cdn.shopify.com/s/files/1/0721/1168/5771/files/164613-1600-1600.jpg?v=1766929907","",""
"sapato-smart-comfort-pointer-hi-soft-32-preto","","","","","","","","","40","","","","","","0","","","deny","manual","87.00","290.00","TRUE","TRUE","","https://cdn.shopify.com/s/files/1/0721/1168/5771/files/164616-1600-1600.jpg?v=1766929906","4","https://cdn.shopify.com/s/files/1/0721/1168/5771/files/164613-1600-1600.jpg?v=1766929907","",""
"sapato-smart-comfort-pointer-hi-soft-32-preto","","","","","","","","","41","","","","","","0","","","deny","manual","87.00","290.00","TRUE","TRUE","","","","https://cdn.shopify.com/s/files/1/0721/1168/5771/files/164613-1600-1600.jpg?v=1766929907","",""
"sapato-smart-comfort-pointer-hi-soft-32-preto","","","","","","","","","42","","","","","","0","","","deny","manual","87.00","290.00","TRUE","TRUE","","","","https://cdn.shopify.com/s/files/1/0721/1168/5771/files/164613-1600-1600.jpg?v=1766929907","",""
"sapato-smart-comfort-pointer-hi-soft-32-preto","","","","","","","","","43","","","","","","0","","","deny","manual","87.00","290.00","TRUE","TRUE","","","","https://cdn.shopify.com/s/files/1/0721/1168/5771/files/164613-1600-1600.jpg?v=1766929907","",""
"sapato-smart-comfort-pointer-hi-soft-32-preto","","","","","","","","","44","","","","","","0","","","deny","manual","87.00","290.00","TRUE","TRUE","","","","https://cdn.shopify.com/s/files/1/0721/1168/5771/files/164613-1600-1600.jpg?v=1766929907","",""
"sapato-smart-comfort-madison-hi-soft-32-preto","Sapato Smart Comfort Madison Hi-Soft 32 Preto","<div class=""vtex-flex-layout-0-x-flexColChild vtex-flex-layout-0-x-flexColChild--pdp__main-content-info pb2"">
<div id=""id-0bq9rk"" class=""vtex-disclosure-layout-1-x-content vtex-disclosure-layout-1-x-content--description-and-specification vtex-disclosure-layout-1-x-content--visible vtex-disclosure-layout-1-x-content--description-and-specification--visible"">
<div class=""vtex-store-components-3-x-productDescriptionContainer"">
<div class=""vtex-store-components-3-x-productDescriptionText c-muted-1"">
<div class=""vtex-flex-layout-0-x-flexColChild vtex-flex-layout-0-x-flexColChild--pdp__main-content-info pb2"">
<div id=""id-q6svuq"" class=""vtex-disclosure-layout-1-x-content vtex-disclosure-layout-1-x-content--description-and-specification vtex-disclosure-layout-1-x-content--visible vtex-disclosure-layout-1-x-content--description-and-specification--visible"">
<div class=""vtex-store-components-3-x-productDescriptionContainer"">
<div class=""vtex-store-components-3-x-productDescriptionText c-muted-1"">
<div class=""vtex-flex-layout-0-x-flexColChild vtex-flex-layout-0-x-flexColChild--pdp__main-content-info pb2"">
<div id=""id-88bu9d"" class=""vtex-disclosure-layout-1-x-content vtex-disclosure-layout-1-x-content--description-and-specification vtex-disclosure-layout-1-x-content--visible vtex-disclosure-layout-1-x-content--description-and-specification--visible"">
<div class=""vtex-store-components-3-x-productDescriptionContainer"">
<div class=""vtex-store-components-3-x-productDescriptionText c-muted-1"">
<div class=""vtex-flex-layout-0-x-flexColChild vtex-flex-layout-0-x-flexColChild--pdp__main-content-info pb2"">
<div id=""id-88eldj"" class=""vtex-disclosure-layout-1-x-content vtex-disclosure-layout-1-x-content--description-and-specification vtex-disclosure-layout-1-x-content--visible vtex-disclosure-layout-1-x-content--description-and-specification--visible"">
<div class=""vtex-store-components-3-x-productDescriptionContainer"">
<div class=""vtex-store-components-3-x-productDescriptionText c-muted-1"">
<p>O<span> </span><strong>Sapato de Couro Preto</strong><span> </span>Smart Comfort da linha Madison traz em destaque o conforto e design moderno.</p>
<p>Ele possui cabedal com recortes e detalhes em micropontos na lateral, forro de tecido, abertura nas laterais para facilitar o calce e sola de borracha com salto. Também conta com<span> </span><strong>palmilha em PU e com a tecnologia hi-soft 32</strong>, que oferece absoluto conforto para os seus pés.</p>
<p>Linha Madison: calçados com design moderno e conforto para todos os momentos.</p>
</div>
</div>
</div>
</div>
</div>
</div>
</div>
</div>
</div>
</div>
</div>
</div>
</div>
</div>
</div>
</div>","Tema Conversão","","","","true","Tamanho do calçado","37","","","","","","0","","","deny","manual","90.00","300.00","TRUE","TRUE","","https://cdn.shopify.com/s/files/1/0721/1168/5771/files/164290-1600-1600.jpg?v=1766929919","1","https://cdn.shopify.com/s/files/1/0721/1168/5771/files/164290-1600-1600.jpg?v=1766929919","","active"
"sapato-smart-comfort-madison-hi-soft-32-preto","","","","","","","","","38","","","","","","0","","","deny","manual","90.00","300.00","TRUE","TRUE","","https://cdn.shopify.com/s/files/1/0721/1168/5771/files/164291-1600-1600.jpg?v=1766929919","2","https://cdn.shopify.com/s/files/1/0721/1168/5771/files/164290-1600-1600.jpg?v=1766929919","",""
"sapato-smart-comfort-madison-hi-soft-32-preto","","","","","","","","","39","","","","","","0","","","deny","manual","90.00","300.00","TRUE","TRUE","","https://cdn.shopify.com/s/files/1/0721/1168/5771/files/164293-1600-1600.jpg?v=1766929919","3","https://cdn.shopify.com/s/files/1/0721/1168/5771/files/164290-1600-1600.jpg?v=1766929919","",""
"sapato-smart-comfort-madison-hi-soft-32-preto","","","","","","","","","40","","","","","","0","","","deny","manual","90.00","300.00","TRUE","TRUE","","https://cdn.shopify.com/s/files/1/0721/1168/5771/files/164294-1600-1600.jpg?v=1766929919","4","https://cdn.shopify.com/s/files/1/0721/1168/5771/files/164290-1600-1600.jpg?v=1766929919","",""
"sapato-smart-comfort-madison-hi-soft-32-preto","","","","","","","","","41","","","","","","0","","","deny","manual","90.00","300.00","TRUE","TRUE","","https://cdn.shopify.com/s/files/1/0721/1168/5771/files/167302-1600-1600.jpg?v=1766929919","5","https://cdn.shopify.com/s/files/1/0721/1168/5771/files/164290-1600-1600.jpg?v=1766929919","",""
"sapato-smart-comfort-madison-hi-soft-32-preto","","","","","","","","","42","","","","","","0","","","deny","manual","90.00","300.00","TRUE","TRUE","","https://cdn.shopify.com/s/files/1/0721/1168/5771/files/167541-1600-1600.jpg?v=1766929919","6","https://cdn.shopify.com/s/files/1/0721/1168/5771/files/164290-1600-1600.jpg?v=1766929919","",""
"sapato-smart-comfort-madison-hi-soft-32-preto","","","","","","","","","43","","","","","","0","","","deny","manual","90.00","300.00","TRUE","TRUE","","","","https://cdn.shopify.com/s/files/1/0721/1168/5771/files/164290-1600-1600.jpg?v=1766929919","",""
"sapato-smart-comfort-madison-hi-soft-32-preto","","","","","","","","","44","","","","","","0","","","deny","manual","90.00","300.00","TRUE","TRUE","","","","https://cdn.shopify.com/s/files/1/0721/1168/5771/files/164290-1600-1600.jpg?v=1766929919","",""
"sapato-smart-comfort-air-spot-preto-cadarco","Sapato Smart Comfort Air Spot Preto Cadarço","<div class=""vtex-flex-layout-0-x-flexColChild vtex-flex-layout-0-x-flexColChild--pdp__main-content-info pb2"">
<div class=""vtex-disclosure-layout-1-x-content vtex-disclosure-layout-1-x-content--description-and-specification vtex-disclosure-layout-1-x-content--visible vtex-disclosure-layout-1-x-content--description-and-specification--visible"" id=""id-0bq9rk"">
<div class=""vtex-store-components-3-x-productDescriptionContainer"">
<div class=""vtex-store-components-3-x-productDescriptionText c-muted-1"">
<div class=""vtex-flex-layout-0-x-flexColChild vtex-flex-layout-0-x-flexColChild--pdp__main-content-info pb2"">
<div class=""vtex-disclosure-layout-1-x-content vtex-disclosure-layout-1-x-content--description-and-specification vtex-disclosure-layout-1-x-content--visible vtex-disclosure-layout-1-x-content--description-and-specification--visible"" id=""id-q6svuq"">
<div class=""vtex-store-components-3-x-productDescriptionContainer"">
<div class=""vtex-store-components-3-x-productDescriptionText c-muted-1"">
<div class=""vtex-flex-layout-0-x-flexColChild vtex-flex-layout-0-x-flexColChild--pdp__main-content-info pb2"">
<div class=""vtex-disclosure-layout-1-x-content vtex-disclosure-layout-1-x-content--description-and-specification vtex-disclosure-layout-1-x-content--visible vtex-disclosure-layout-1-x-content--description-and-specification--visible"" id=""id-88bu9d"">
<div class=""vtex-store-components-3-x-productDescriptionContainer"">
<div class=""vtex-store-components-3-x-productDescriptionText c-muted-1"">
<div class=""vtex-flex-layout-0-x-flexColChild vtex-flex-layout-0-x-flexColChild--pdp__main-content-info pb2"">
<div class=""vtex-disclosure-layout-1-x-content vtex-disclosure-layout-1-x-content--description-and-specification vtex-disclosure-layout-1-x-content--visible vtex-disclosure-layout-1-x-content--description-and-specification--visible"" id=""id-88eldj"">
<div class=""vtex-store-components-3-x-productDescriptionContainer"">
<div class=""vtex-store-components-3-x-productDescriptionText c-muted-1"">
<p>O<span> </span><a href=""https://www.democrata.com.br/calcados/sapatos?O=OrderByReleaseDateDESC?O=OrderByReleaseDateDESC%22"">Sapato</a><span> </span>de Couro Preto Smart Comfort da linha Air Spot se destaca pela tecnologia stretch, que traz maciez e elasticidade ao calçado, tornando perfeito o ajuste aos seus pés.</p>
<p>Possui cabedal com recortes no couro, forro feito em tecido cacharrel e fechamento em cadarço de amarrar. Sua sola de PU traz a<span> </span><strong>tecnologia Air, bolha de ar posicionada no calcanhar do calçado que absorve o impacto do pisar</strong>, protegendo as articulações. Acompanha ainda a Palmilha Max Memory, que tem maciez e memória, prolongando assim o conforto ao pisar e não deformando com o uso.</p>
<p>Linha Smart Comfort: Calçados com tecnologia moderna, funcional e exclusiva, garantindo conforto excepcional e bem-estar para o seu dia a dia.</p>
</div>
</div>
</div>
</div>
</div>
</div>
</div>
</div>
</div>
</div>
</div>
</div>
</div>
</div>
</div>
</div>","Tema Conversão","","","","true","Tamanho do calçado","37","","","","","","0","","","deny","manual","96.00","320.00","TRUE","TRUE","","https://cdn.shopify.com/s/files/1/0721/1168/5771/files/163563-1600-1600.jpg?v=1766929912","1","https://cdn.shopify.com/s/files/1/0721/1168/5771/files/163563-1600-1600.jpg?v=1766929912","","active"
"sapato-smart-comfort-air-spot-preto-cadarco","","","","","","","","","38","","","","","","0","","","deny","manual","96.00","320.00","TRUE","TRUE","","https://cdn.shopify.com/s/files/1/0721/1168/5771/files/163564-1600-1600.jpg?v=1766929912","2","https://cdn.shopify.com/s/files/1/0721/1168/5771/files/163563-1600-1600.jpg?v=1766929912","",""
"sapato-smart-comfort-air-spot-preto-cadarco","","","","","","","","","39","","","","","","0","","","deny","manual","96.00","320.00","TRUE","TRUE","","https://cdn.shopify.com/s/files/1/0721/1168/5771/files/163565-1600-1600.jpg?v=1766929912","3","https://cdn.shopify.com/s/files/1/0721/1168/5771/files/163563-1600-1600.jpg?v=1766929912","",""
"sapato-smart-comfort-air-spot-preto-cadarco","","","","","","","","","40","","","","","","0","","","deny","manual","96.00","320.00","TRUE","TRUE","","https://cdn.shopify.com/s/files/1/0721/1168/5771/files/163566-1600-1600.jpg?v=1766929912","4","https://cdn.shopify.com/s/files/1/0721/1168/5771/files/163563-1600-1600.jpg?v=1766929912","",""
"sapato-smart-comfort-air-spot-preto-cadarco","","","","","","","","","41","","","","","","0","","","deny","manual","96.00","320.00","TRUE","TRUE","","https://cdn.shopify.com/s/files/1/0721/1168/5771/files/167440-1600-1600.jpg?v=1766929913","5","https://cdn.shopify.com/s/files/1/0721/1168/5771/files/163563-1600-1600.jpg?v=1766929912","",""
"sapato-smart-comfort-air-spot-preto-cadarco","","","","","","","","","42","","","","","","0","","","deny","manual","96.00","320.00","TRUE","TRUE","","","","https://cdn.shopify.com/s/files/1/0721/1168/5771/files/163563-1600-1600.jpg?v=1766929912","",""
"sapato-smart-comfort-air-spot-preto-cadarco","","","","","","","","","43","","","","","","0","","","deny","manual","96.00","320.00","TRUE","TRUE","","","","https://cdn.shopify.com/s/files/1/0721/1168/5771/files/163563-1600-1600.jpg?v=1766929912","",""
"sapato-smart-comfort-air-spot-preto-cadarco","","","","","","","","","44","","","","","","0","","","deny","manual","96.00","320.00","TRUE","TRUE","","","","https://cdn.shopify.com/s/files/1/0721/1168/5771/files/163563-1600-1600.jpg?v=1766929912","",""
"sapato-smart-comfort-air-spot-preto","Sapato Smart Comfort Air Spot Preto","<div class=""vtex-flex-layout-0-x-flexColChild vtex-flex-layout-0-x-flexColChild--pdp__main-content-info pb2"">
<div class=""vtex-disclosure-layout-1-x-content vtex-disclosure-layout-1-x-content--description-and-specification vtex-disclosure-layout-1-x-content--visible vtex-disclosure-layout-1-x-content--description-and-specification--visible"" id=""id-0bq9rk"">
<div class=""vtex-store-components-3-x-productDescriptionContainer"">
<div class=""vtex-store-components-3-x-productDescriptionText c-muted-1"">
<div class=""vtex-flex-layout-0-x-flexColChild vtex-flex-layout-0-x-flexColChild--pdp__main-content-info pb2"">
<div class=""vtex-disclosure-layout-1-x-content vtex-disclosure-layout-1-x-content--description-and-specification vtex-disclosure-layout-1-x-content--visible vtex-disclosure-layout-1-x-content--description-and-specification--visible"" id=""id-q6svuq"">
<div class=""vtex-store-components-3-x-productDescriptionContainer"">
<div class=""vtex-store-components-3-x-productDescriptionText c-muted-1"">
<div class=""vtex-flex-layout-0-x-flexColChild vtex-flex-layout-0-x-flexColChild--pdp__main-content-info pb2"">
<div class=""vtex-disclosure-layout-1-x-content vtex-disclosure-layout-1-x-content--description-and-specification vtex-disclosure-layout-1-x-content--visible vtex-disclosure-layout-1-x-content--description-and-specification--visible"" id=""id-88bu9d"">
<div class=""vtex-store-components-3-x-productDescriptionContainer"">
<div class=""vtex-store-components-3-x-productDescriptionText c-muted-1"">
<div class=""vtex-flex-layout-0-x-flexColChild vtex-flex-layout-0-x-flexColChild--pdp__main-content-info pb2"">
<div class=""vtex-disclosure-layout-1-x-content vtex-disclosure-layout-1-x-content--description-and-specification vtex-disclosure-layout-1-x-content--visible vtex-disclosure-layout-1-x-content--description-and-specification--visible"" id=""id-88eldj"">
<div class=""vtex-store-components-3-x-productDescriptionContainer"">
<div class=""vtex-store-components-3-x-productDescriptionText c-muted-1"">
<p>O Sapato de Couro Preto Smart Comfort da linha Air Spot se destaca pela tecnologia stretch, que traz maciez e elasticidade ao calçado, tornando perfeito o ajuste aos seus pés.</p>
<p>Possui cabedal com recortes no couro, forro feito em tecido cacharrel e elástico nas laterais que facilita o uso. Sua sola de PU traz a<span> </span><strong>tecnologia Air, bolha de ar posicionada no calcanhar do calçado que absorve o impacto do pisar</strong>, protegendo as articulações. Acompanha ainda a Palmilha Max Memory, que tem maciez e memória, prolongando assim o conforto ao pisar e não deformando com o uso.</p>
<p>Linha Smart Comfort: Calçados com tecnologia moderna, funcional e exclusiva, garantindo conforto excepcional e bem-estar para o seu dia a dia.</p>
</div>
</div>
</div>
</div>
</div>
</div>
</div>
</div>
</div>
</div>
</div>
</div>
</div>
</div>
</div>
</div>","Tema Conversão","","","","true","Tamanho do calçado","37","","","","","","0","","","deny","manual","96.00","320.00","TRUE","TRUE","","https://cdn.shopify.com/s/files/1/0721/1168/5771/files/163571-1600-1600.jpg?v=1766929917","1","https://cdn.shopify.com/s/files/1/0721/1168/5771/files/163571-1600-1600.jpg?v=1766929917","","active"
"sapato-smart-comfort-air-spot-preto","","","","","","","","","38","","","","","","0","","","deny","manual","96.00","320.00","TRUE","TRUE","","https://cdn.shopify.com/s/files/1/0721/1168/5771/files/163572-1600-1600.jpg?v=1766929917","2","https://cdn.shopify.com/s/files/1/0721/1168/5771/files/163571-1600-1600.jpg?v=1766929917","",""
"sapato-smart-comfort-air-spot-preto","","","","","","","","","39","","","","","","0","","","deny","manual","96.00","320.00","TRUE","TRUE","","https://cdn.shopify.com/s/files/1/0721/1168/5771/files/163573-1600-1600.jpg?v=1766929918","3","https://cdn.shopify.com/s/files/1/0721/1168/5771/files/163571-1600-1600.jpg?v=1766929917","",""
"sapato-smart-comfort-air-spot-preto","","","","","","","","","40","","","","","","0","","","deny","manual","96.00","320.00","TRUE","TRUE","","https://cdn.shopify.com/s/files/1/0721/1168/5771/files/163574-1600-1600.jpg?v=1766929917","4","https://cdn.shopify.com/s/files/1/0721/1168/5771/files/163571-1600-1600.jpg?v=1766929917","",""
"sapato-smart-comfort-air-spot-preto","","","","","","","","","41","","","","","","0","","","deny","manual","96.00","320.00","TRUE","TRUE","","https://cdn.shopify.com/s/files/1/0721/1168/5771/files/167439-1600-1600.jpg?v=1766929917","5","https://cdn.shopify.com/s/files/1/0721/1168/5771/files/163571-1600-1600.jpg?v=1766929917","",""
"sapato-smart-comfort-air-spot-preto","","","","","","","","","42","","","","","","0","","","deny","manual","96.00","320.00","TRUE","TRUE","","","","https://cdn.shopify.com/s/files/1/0721/1168/5771/files/163571-1600-1600.jpg?v=1766929917","",""
"sapato-smart-comfort-air-spot-preto","","","","","","","","","43","","","","","","0","","","deny","manual","96.00","320.00","TRUE","TRUE","","","","https://cdn.shopify.com/s/files/1/0721/1168/5771/files/163571-1600-1600.jpg?v=1766929917","",""
"sapato-smart-comfort-air-spot-preto","","","","","","","","","44","","","","","","0","","","deny","manual","96.00","320.00","TRUE","TRUE","","","","https://cdn.shopify.com/s/files/1/0721/1168/5771/files/163571-1600-1600.jpg?v=1766929917","",""
"sapato-smart-comfort-air-spot-marrom-cadarco","Sapato Smart Comfort Air Spot Marrom Cadarço","<div class=""vtex-flex-layout-0-x-flexColChild vtex-flex-layout-0-x-flexColChild--pdp__main-content-info pb2"">
<div class=""vtex-disclosure-layout-1-x-content vtex-disclosure-layout-1-x-content--description-and-specification vtex-disclosure-layout-1-x-content--visible vtex-disclosure-layout-1-x-content--description-and-specification--visible"" id=""id-0bq9rk"">
<div class=""vtex-store-components-3-x-productDescriptionContainer"">
<div class=""vtex-store-components-3-x-productDescriptionText c-muted-1"">
<div class=""vtex-flex-layout-0-x-flexColChild vtex-flex-layout-0-x-flexColChild--pdp__main-content-info pb2"">
<div class=""vtex-disclosure-layout-1-x-content vtex-disclosure-layout-1-x-content--description-and-specification vtex-disclosure-layout-1-x-content--visible vtex-disclosure-layout-1-x-content--description-and-specification--visible"" id=""id-q6svuq"">
<div class=""vtex-store-components-3-x-productDescriptionContainer"">
<div class=""vtex-store-components-3-x-productDescriptionText c-muted-1"">
<div class=""vtex-flex-layout-0-x-flexColChild vtex-flex-layout-0-x-flexColChild--pdp__main-content-info pb2"">
<div class=""vtex-disclosure-layout-1-x-content vtex-disclosure-layout-1-x-content--description-and-specification vtex-disclosure-layout-1-x-content--visible vtex-disclosure-layout-1-x-content--description-and-specification--visible"" id=""id-88bu9d"">
<div class=""vtex-store-components-3-x-productDescriptionContainer"">
<div class=""vtex-store-components-3-x-productDescriptionText c-muted-1"">
<div class=""vtex-flex-layout-0-x-flexColChild vtex-flex-layout-0-x-flexColChild--pdp__main-content-info pb2"">
<div class=""vtex-disclosure-layout-1-x-content vtex-disclosure-layout-1-x-content--description-and-specification vtex-disclosure-layout-1-x-content--visible vtex-disclosure-layout-1-x-content--description-and-specification--visible"" id=""id-88eldj"">
<div class=""vtex-store-components-3-x-productDescriptionContainer"">
<div class=""vtex-store-components-3-x-productDescriptionText c-muted-1"">
<p>O<span> </span><a href=""https://www.democrata.com.br/calcados/sapatos?O=OrderByReleaseDateDESC?O=OrderByReleaseDateDESC%22"">Sapato</a><span> </span>de Couro Marrom Smart Comfort da linha Air Spot se destaca pela tecnologia stretch, que traz maciez e elasticidade ao calçado, tornando perfeito o ajuste aos seus pés.</p>
<p>Possui cabedal com recortes no couro, forro feito em tecido cacharrel e fechamento em cadarço de amarrar. Sua sola de PU traz a<span> </span><strong>tecnologia Air, bolha de ar posicionada no calcanhar do calçado que absorve o impacto do pisar</strong>, protegendo as articulações. Acompanha ainda a Palmilha Max Memory, que tem maciez e memória, prolongando assim o conforto ao pisar e não deformando com o uso.</p>
<p>Linha Smart Comfort: Calçados com tecnologia moderna, funcional e exclusiva, garantindo conforto excepcional e bem-estar para o seu dia a dia.</p>
</div>
</div>
</div>
</div>
</div>
</div>
</div>
</div>
</div>
</div>
</div>
</div>
</div>
</div>
</div>
</div>","Tema Conversão","","","","true","Tamanho do calçado","37","","","","","","0","","","deny","manual","96.00","320.00","TRUE","TRUE","","https://cdn.shopify.com/s/files/1/0721/1168/5771/files/163567-1600-1600.jpg?v=1766929923","1","https://cdn.shopify.com/s/files/1/0721/1168/5771/files/163567-1600-1600.jpg?v=1766929923","","active"
"sapato-smart-comfort-air-spot-marrom-cadarco","","","","","","","","","38","","","","","","0","","","deny","manual","96.00","320.00","TRUE","TRUE","","https://cdn.shopify.com/s/files/1/0721/1168/5771/files/163568-1600-1600.jpg?v=1766929924","2","https://cdn.shopify.com/s/files/1/0721/1168/5771/files/163567-1600-1600.jpg?v=1766929923","",""
"sapato-smart-comfort-air-spot-marrom-cadarco","","","","","","","","","39","","","","","","0","","","deny","manual","96.00","320.00","TRUE","TRUE","","https://cdn.shopify.com/s/files/1/0721/1168/5771/files/163569-1600-1600.jpg?v=1766929923","3","https://cdn.shopify.com/s/files/1/0721/1168/5771/files/163567-1600-1600.jpg?v=1766929923","",""
"sapato-smart-comfort-air-spot-marrom-cadarco","","","","","","","","","40","","","","","","0","","","deny","manual","96.00","320.00","TRUE","TRUE","","https://cdn.shopify.com/s/files/1/0721/1168/5771/files/163570-1600-1600.jpg?v=1766929923","4","https://cdn.shopify.com/s/files/1/0721/1168/5771/files/163567-1600-1600.jpg?v=1766929923","",""
"sapato-smart-comfort-air-spot-marrom-cadarco","","","","","","","","","41","","","","","","0","","","deny","manual","96.00","320.00","TRUE","TRUE","","","","https://cdn.shopify.com/s/files/1/0721/1168/5771/files/163567-1600-1600.jpg?v=1766929923","",""
"sapato-smart-comfort-air-spot-marrom-cadarco","","","","","","","","","42","","","","","","0","","","deny","manual","96.00","320.00","TRUE","TRUE","","","","https://cdn.shopify.com/s/files/1/0721/1168/5771/files/163567-1600-1600.jpg?v=1766929923","",""
"sapato-smart-comfort-air-spot-marrom-cadarco","","","","","","","","","43","","","","","","0","","","deny","manual","96.00","320.00","TRUE","TRUE","","","","https://cdn.shopify.com/s/files/1/0721/1168/5771/files/163567-1600-1600.jpg?v=1766929923","",""
"sapato-smart-comfort-air-spot-marrom-cadarco","","","","","","","","","44","","","","","","0","","","deny","manual","96.00","320.00","TRUE","TRUE","","","","https://cdn.shopify.com/s/files/1/0721/1168/5771/files/163567-1600-1600.jpg?v=1766929923","",""
"sapato-premier-metropolitan-preto","Sapato Premier Metropolitan Preto","<div class=""vtex-flex-layout-0-x-flexColChild vtex-flex-layout-0-x-flexColChild--pdp__main-content-info pb2"">
<div id=""id-0bq9rk"" class=""vtex-disclosure-layout-1-x-content vtex-disclosure-layout-1-x-content--description-and-specification vtex-disclosure-layout-1-x-content--visible vtex-disclosure-layout-1-x-content--description-and-specification--visible"">
<div class=""vtex-store-components-3-x-productDescriptionContainer"">
<div class=""vtex-store-components-3-x-productDescriptionText c-muted-1"">
<h5>Linha Metropolitan.</h5>
<h5>Elegantes, modernos, sofisticados e confortáveis, os modelos dessa linha estão associados à composição de visual impecável – sóbrio e formal – do homem de gosto apurado.<br><br>Sapato confeccionado em couro, na cor preto, forro em sintético. Sola produzida em borracha com antiderrapante e salto.<br>Salto = 2,5cm.</h5>
</div>
</div>
</div>
</div>
<div class=""vtex-flex-layout-0-x-flexColChild vtex-flex-layout-0-x-flexColChild--pdp__main-content-info pb0"">
<div class=""vtex-store-components-3-x-shareContainer db"">
<div class=""vtex-store-components-3-x-shareLabel c-muted-2 t-small mb3"">Compartilhar</div>
<div class=""vtex-store-components-3-x-shareButtons flex flex-row""></div>
</div>
</div>","Tema Conversão","","","","true","Tamanho do calçado","37","","","","","","0","","","deny","manual","60.00","200.00","TRUE","TRUE","","https://cdn.shopify.com/s/files/1/0721/1168/5771/files/170354-1600-1600.jpg?v=1766929962","1","https://cdn.shopify.com/s/files/1/0721/1168/5771/files/170354-1600-1600.jpg?v=1766929962","","active"
"sapato-premier-metropolitan-preto","","","","","","","","","38","","","","","","0","","","deny","manual","60.00","200.00","TRUE","TRUE","","https://cdn.shopify.com/s/files/1/0721/1168/5771/files/170355-1600-1600.jpg?v=1766929962","2","https://cdn.shopify.com/s/files/1/0721/1168/5771/files/170354-1600-1600.jpg?v=1766929962","",""
"sapato-premier-metropolitan-preto","","","","","","","","","39","","","","","","0","","","deny","manual","60.00","200.00","TRUE","TRUE","","https://cdn.shopify.com/s/files/1/0721/1168/5771/files/170356-1600-1600.jpg?v=1766929962","3","https://cdn.shopify.com/s/files/1/0721/1168/5771/files/170354-1600-1600.jpg?v=1766929962","",""
"sapato-premier-metropolitan-preto","","","","","","","","","40","","","","","","0","","","deny","manual","60.00","200.00","TRUE","TRUE","","https://cdn.shopify.com/s/files/1/0721/1168/5771/files/170357-1600-1600.jpg?v=1766929962","4","https://cdn.shopify.com/s/files/1/0721/1168/5771/files/170354-1600-1600.jpg?v=1766929962","",""
"sapato-premier-metropolitan-preto","","","","","","","","","41","","","","","","0","","","deny","manual","60.00","200.00","TRUE","TRUE","","","","https://cdn.shopify.com/s/files/1/0721/1168/5771/files/170354-1600-1600.jpg?v=1766929962","",""
"sapato-premier-metropolitan-preto","","","","","","","","","42","","","","","","0","","","deny","manual","60.00","200.00","TRUE","TRUE","","","","https://cdn.shopify.com/s/files/1/0721/1168/5771/files/170354-1600-1600.jpg?v=1766929962","",""
"sapato-premier-metropolitan-preto","","","","","","","","","43","","","","","","0","","","deny","manual","60.00","200.00","TRUE","TRUE","","","","https://cdn.shopify.com/s/files/1/0721/1168/5771/files/170354-1600-1600.jpg?v=1766929962","",""
"sapato-premier-metropolitan-preto","","","","","","","","","44","","","","","","0","","","deny","manual","60.00","200.00","TRUE","TRUE","","","","https://cdn.shopify.com/s/files/1/0721/1168/5771/files/170354-1600-1600.jpg?v=1766929962","",""
"sapato-metropolitan-type-avela","Sapato Metropolitan Type Avelã","<div class=""vtex-flex-layout-0-x-flexColChild vtex-flex-layout-0-x-flexColChild--pdp__main-content-info pb2"">
<div id=""id-0bq9rk"" class=""vtex-disclosure-layout-1-x-content vtex-disclosure-layout-1-x-content--description-and-specification vtex-disclosure-layout-1-x-content--visible vtex-disclosure-layout-1-x-content--description-and-specification--visible"">
<div class=""vtex-store-components-3-x-productDescriptionContainer"">
<div class=""vtex-store-components-3-x-productDescriptionText c-muted-1"">
<div class=""vtex-flex-layout-0-x-flexColChild vtex-flex-layout-0-x-flexColChild--pdp__main-content-info pb2"">
<div id=""id-q6svuq"" class=""vtex-disclosure-layout-1-x-content vtex-disclosure-layout-1-x-content--description-and-specification vtex-disclosure-layout-1-x-content--visible vtex-disclosure-layout-1-x-content--description-and-specification--visible"">
<div class=""vtex-store-components-3-x-productDescriptionContainer"">
<div class=""vtex-store-components-3-x-productDescriptionText c-muted-1"">
<div class=""vtex-flex-layout-0-x-flexColChild vtex-flex-layout-0-x-flexColChild--pdp__main-content-info pb2"">
<div id=""id-88bu9d"" class=""vtex-disclosure-layout-1-x-content vtex-disclosure-layout-1-x-content--description-and-specification vtex-disclosure-layout-1-x-content--visible vtex-disclosure-layout-1-x-content--description-and-specification--visible"">
<div class=""vtex-store-components-3-x-productDescriptionContainer"">
<div class=""vtex-store-components-3-x-productDescriptionText c-muted-1"">
<p class=""MsoNormal"">O sapato de couro Avelã Metropolitan Type é um produto moderno e prático.</p>
<p class=""MsoNormal"">Confeccionado em couro, o cabedal contém recortes no couro e puxador no calcanhar. O forro é de tecido e não possui fechamento. A sola é feita de Micro Expandido, a palmilha é de Fibra sendo fixa ao calçado.</p>
<p class=""MsoNormal"">Conceito Metropolitan – elegante, moderno, sofisticado e confortável, os modelos dessa linha estão associados à composição de visual impecável – sóbrio e formal – do homem de gosto apurado.</p>
</div>
</div>
</div>
</div>
</div>
</div>
</div>
</div>
</div>
</div>
</div>
</div>","Tema Conversão","","","","true","Tamanho do calçado","37","","","","","","0","","","deny","manual","72.00","240.00","TRUE","TRUE","","https://cdn.shopify.com/s/files/1/0721/1168/5771/files/170002-1600-1600.jpg?v=1766929956","1","https://cdn.shopify.com/s/files/1/0721/1168/5771/files/170002-1600-1600.jpg?v=1766929956","","active"
"sapato-metropolitan-type-avela","","","","","","","","","38","","","","","","0","","","deny","manual","72.00","240.00","TRUE","TRUE","","https://cdn.shopify.com/s/files/1/0721/1168/5771/files/170003-1600-1600.jpg?v=1766929957","2","https://cdn.shopify.com/s/files/1/0721/1168/5771/files/170002-1600-1600.jpg?v=1766929956","",""
"sapato-metropolitan-type-avela","","","","","","","","","39","","","","","","0","","","deny","manual","72.00","240.00","TRUE","TRUE","","https://cdn.shopify.com/s/files/1/0721/1168/5771/files/170005-1600-1600.jpg?v=1766929957","3","https://cdn.shopify.com/s/files/1/0721/1168/5771/files/170002-1600-1600.jpg?v=1766929956","",""
"sapato-metropolitan-type-avela","","","","","","","","","40","","","","","","0","","","deny","manual","72.00","240.00","TRUE","TRUE","","https://cdn.shopify.com/s/files/1/0721/1168/5771/files/170007-1600-1600.jpg?v=1766929957","4","https://cdn.shopify.com/s/files/1/0721/1168/5771/files/170002-1600-1600.jpg?v=1766929956","",""
"sapato-metropolitan-type-avela","","","","","","","","","41","","","","","","0","","","deny","manual","72.00","240.00","TRUE","TRUE","","","","https://cdn.shopify.com/s/files/1/0721/1168/5771/files/170002-1600-1600.jpg?v=1766929956","",""
"sapato-metropolitan-type-avela","","","","","","","","","42","","","","","","0","","","deny","manual","72.00","240.00","TRUE","TRUE","","","","https://cdn.shopify.com/s/files/1/0721/1168/5771/files/170002-1600-1600.jpg?v=1766929956","",""
"sapato-metropolitan-type-avela","","","","","","","","","43","","","","","","0","","","deny","manual","72.00","240.00","TRUE","TRUE","","","","https://cdn.shopify.com/s/files/1/0721/1168/5771/files/170002-1600-1600.jpg?v=1766929956","",""
"sapato-metropolitan-type-avela","","","","","","","","","44","","","","","","0","","","deny","manual","72.00","240.00","TRUE","TRUE","","","","https://cdn.shopify.com/s/files/1/0721/1168/5771/files/170002-1600-1600.jpg?v=1766929956","",""
"sapato-metropolitan-treviso-preto","Sapato Metropolitan Treviso Preto","<div class=""vtex-flex-layout-0-x-flexColChild vtex-flex-layout-0-x-flexColChild--pdp__main-content-info pb2"">
<div id=""id-0bq9rk"" class=""vtex-disclosure-layout-1-x-content vtex-disclosure-layout-1-x-content--description-and-specification vtex-disclosure-layout-1-x-content--visible vtex-disclosure-layout-1-x-content--description-and-specification--visible"">
<div class=""vtex-store-components-3-x-productDescriptionContainer"">
<div class=""vtex-store-components-3-x-productDescriptionText c-muted-1"">
<div class=""vtex-flex-layout-0-x-flexColChild vtex-flex-layout-0-x-flexColChild--pdp__main-content-info pb2"">
<div id=""id-q6svuq"" class=""vtex-disclosure-layout-1-x-content vtex-disclosure-layout-1-x-content--description-and-specification vtex-disclosure-layout-1-x-content--visible vtex-disclosure-layout-1-x-content--description-and-specification--visible"">
<div class=""vtex-store-components-3-x-productDescriptionContainer"">
<div class=""vtex-store-components-3-x-productDescriptionText c-muted-1"">
<div class=""vtex-flex-layout-0-x-flexColChild vtex-flex-layout-0-x-flexColChild--pdp__main-content-info pb2"">
<div id=""id-88bu9d"" class=""vtex-disclosure-layout-1-x-content vtex-disclosure-layout-1-x-content--description-and-specification vtex-disclosure-layout-1-x-content--visible vtex-disclosure-layout-1-x-content--description-and-specification--visible"">
<div class=""vtex-store-components-3-x-productDescriptionContainer"">
<div class=""vtex-store-components-3-x-productDescriptionText c-muted-1"">
<div class=""vtex-flex-layout-0-x-flexColChild vtex-flex-layout-0-x-flexColChild--pdp__main-content-info pb2"">
<div id=""id-88eldj"" class=""vtex-disclosure-layout-1-x-content vtex-disclosure-layout-1-x-content--description-and-specification vtex-disclosure-layout-1-x-content--visible vtex-disclosure-layout-1-x-content--description-and-specification--visible"">
<div class=""vtex-store-components-3-x-productDescriptionContainer"">
<div class=""vtex-store-components-3-x-productDescriptionText c-muted-1"">
<p>O <span>Sapato Metropolitan Treviso</span> é confeccionado <span>em couro na cor Preto. Possui fechamento em elástico</span>, recortes no couro e gravata de couro com metais na parte superior do cabedal, além de forro em couro, palmilha macia de espuma com forro de couro fixa ao calçado, Sua sola é feita de couro.</p>
<p>Linha Metropolitan - Elegantes, modernos, sofisticados e confortáveis, os modelos dessa linha estão associados à composição de visual impecável – sóbrio e formal – do homem de gosto apurado.</p>
<p>Salto = 2,5cm</p>
</div>
</div>
</div>
</div>
</div>
</div>
</div>
</div>
</div>
</div>
</div>
</div>
</div>
</div>
</div>
</div>","Tema Conversão","","","","true","Tamanho do calçado","37","","","","","","0","","","deny","manual","138.00","460.00","TRUE","TRUE","","https://cdn.shopify.com/s/files/1/0721/1168/5771/files/169421-1600-1600.jpg?v=1766929904","1","https://cdn.shopify.com/s/files/1/0721/1168/5771/files/169421-1600-1600.jpg?v=1766929904","","active"
"sapato-metropolitan-treviso-preto","","","","","","","","","38","","","","","","0","","","deny","manual","138.00","460.00","TRUE","TRUE","","https://cdn.shopify.com/s/files/1/0721/1168/5771/files/169422-1600-1600.jpg?v=1766929905","2","https://cdn.shopify.com/s/files/1/0721/1168/5771/files/169421-1600-1600.jpg?v=1766929904","",""
"sapato-metropolitan-treviso-preto","","","","","","","","","39","","","","","","0","","","deny","manual","138.00","460.00","TRUE","TRUE","","https://cdn.shopify.com/s/files/1/0721/1168/5771/files/169423-1600-1600.jpg?v=1766929906","3","https://cdn.shopify.com/s/files/1/0721/1168/5771/files/169421-1600-1600.jpg?v=1766929904","",""
"sapato-metropolitan-treviso-preto","","","","","","","","","40","","","","","","0","","","deny","manual","138.00","460.00","TRUE","TRUE","","https://cdn.shopify.com/s/files/1/0721/1168/5771/files/169424-1600-1600.jpg?v=1766929904","4","https://cdn.shopify.com/s/files/1/0721/1168/5771/files/169421-1600-1600.jpg?v=1766929904","",""
"sapato-metropolitan-treviso-preto","","","","","","","","","41","","","","","","0","","","deny","manual","138.00","460.00","TRUE","TRUE","","","","https://cdn.shopify.com/s/files/1/0721/1168/5771/files/169421-1600-1600.jpg?v=1766929904","",""
"sapato-metropolitan-treviso-preto","","","","","","","","","42","","","","","","0","","","deny","manual","138.00","460.00","TRUE","TRUE","","","","https://cdn.shopify.com/s/files/1/0721/1168/5771/files/169421-1600-1600.jpg?v=1766929904","",""
"sapato-metropolitan-treviso-preto","","","","","","","","","43","","","","","","0","","","deny","manual","138.00","460.00","TRUE","TRUE","","","","https://cdn.shopify.com/s/files/1/0721/1168/5771/files/169421-1600-1600.jpg?v=1766929904","",""
"sapato-metropolitan-treviso-preto","","","","","","","","","44","","","","","","0","","","deny","manual","138.00","460.00","TRUE","TRUE","","","","https://cdn.shopify.com/s/files/1/0721/1168/5771/files/169421-1600-1600.jpg?v=1766929904","",""
"sapato-metropolitan-prime-preto","Sapato Metropolitan Prime Preto","<div class=""vtex-flex-layout-0-x-flexColChild vtex-flex-layout-0-x-flexColChild--pdp__main-content-info pb2"">
<div class=""vtex-disclosure-layout-1-x-content vtex-disclosure-layout-1-x-content--description-and-specification vtex-disclosure-layout-1-x-content--visible vtex-disclosure-layout-1-x-content--description-and-specification--visible"" id=""id-0bq9rk"">
<div class=""vtex-store-components-3-x-productDescriptionContainer"">
<div class=""vtex-store-components-3-x-productDescriptionText c-muted-1"">
<div class=""vtex-flex-layout-0-x-flexColChild vtex-flex-layout-0-x-flexColChild--pdp__main-content-info pb2"">
<div class=""vtex-disclosure-layout-1-x-content vtex-disclosure-layout-1-x-content--description-and-specification vtex-disclosure-layout-1-x-content--visible vtex-disclosure-layout-1-x-content--description-and-specification--visible"" id=""id-q6svuq"">
<div class=""vtex-store-components-3-x-productDescriptionContainer"">
<div class=""vtex-store-components-3-x-productDescriptionText c-muted-1"">
<div class=""vtex-flex-layout-0-x-flexColChild vtex-flex-layout-0-x-flexColChild--pdp__main-content-info pb2"">
<div class=""vtex-disclosure-layout-1-x-content vtex-disclosure-layout-1-x-content--description-and-specification vtex-disclosure-layout-1-x-content--visible vtex-disclosure-layout-1-x-content--description-and-specification--visible"" id=""id-88bu9d"">
<div class=""vtex-store-components-3-x-productDescriptionContainer"">
<div class=""vtex-store-components-3-x-productDescriptionText c-muted-1"">
<div class=""vtex-flex-layout-0-x-flexColChild vtex-flex-layout-0-x-flexColChild--pdp__main-content-info pb2"">
<div class=""vtex-disclosure-layout-1-x-content vtex-disclosure-layout-1-x-content--description-and-specification vtex-disclosure-layout-1-x-content--visible vtex-disclosure-layout-1-x-content--description-and-specification--visible"" id=""id-88eldj"">
<div class=""vtex-store-components-3-x-productDescriptionContainer"">
<div class=""vtex-store-components-3-x-productDescriptionText c-muted-1"">
<h5><span>Linha Metropolitan.</span></h5>
<h5>
<span>Elegantes, modernos, sofisticados e confortáveis, os modelos dessa linha estão associados à composição de visual impecável – sóbrio e formal – do homem de gosto apurado.</span><br><br><span>Sapato confeccionado em couro, na cor preta. Elástico nas laterais facilitando o uso, tira de couro decorativa sobre o cabedal com detalhe em metal, forro em sintético e tecido. Sola de borracha com antiderrapante e salto.</span><br><span>Salto = 2,5cm</span>
</h5>
</div>
</div>
</div>
</div>
</div>
</div>
</div>
</div>
</div>
</div>
</div>
</div>
</div>
</div>
</div>
</div>","Tema Conversão","","","","true","Tamanho do calçado","37","","","","","","0","","","deny","manual","75.00","250.00","TRUE","TRUE","","https://cdn.shopify.com/s/files/1/0721/1168/5771/files/164537-1600-1600.jpg?v=1766929913","1","https://cdn.shopify.com/s/files/1/0721/1168/5771/files/164537-1600-1600.jpg?v=1766929913","","active"
"sapato-metropolitan-prime-preto","","","","","","","","","38","","","","","","0","","","deny","manual","75.00","250.00","TRUE","TRUE","","https://cdn.shopify.com/s/files/1/0721/1168/5771/files/164538-1600-1600.jpg?v=1766929913","2","https://cdn.shopify.com/s/files/1/0721/1168/5771/files/164537-1600-1600.jpg?v=1766929913","",""
"sapato-metropolitan-prime-preto","","","","","","","","","39","","","","","","0","","","deny","manual","75.00","250.00","TRUE","TRUE","","https://cdn.shopify.com/s/files/1/0721/1168/5771/files/164539-1600-1600.jpg?v=1766929913","3","https://cdn.shopify.com/s/files/1/0721/1168/5771/files/164537-1600-1600.jpg?v=1766929913","",""
"sapato-metropolitan-prime-preto","","","","","","","","","40","","","","","","0","","","deny","manual","75.00","250.00","TRUE","TRUE","","https://cdn.shopify.com/s/files/1/0721/1168/5771/files/164540-1600-1600.jpg?v=1766929913","4","https://cdn.shopify.com/s/files/1/0721/1168/5771/files/164537-1600-1600.jpg?v=1766929913","",""
"sapato-metropolitan-prime-preto","","","","","","","","","41","","","","","","0","","","deny","manual","75.00","250.00","TRUE","TRUE","","","","https://cdn.shopify.com/s/files/1/0721/1168/5771/files/164537-1600-1600.jpg?v=1766929913","",""
"sapato-metropolitan-prime-preto","","","","","","","","","42","","","","","","0","","","deny","manual","75.00","250.00","TRUE","TRUE","","","","https://cdn.shopify.com/s/files/1/0721/1168/5771/files/164537-1600-1600.jpg?v=1766929913","",""
"sapato-metropolitan-prime-preto","","","","","","","","","43","","","","","","0","","","deny","manual","75.00","250.00","TRUE","TRUE","","","","https://cdn.shopify.com/s/files/1/0721/1168/5771/files/164537-1600-1600.jpg?v=1766929913","",""
"sapato-metropolitan-prime-preto","","","","","","","","","44","","","","","","0","","","deny","manual","75.00","250.00","TRUE","TRUE","","","","https://cdn.shopify.com/s/files/1/0721/1168/5771/files/164537-1600-1600.jpg?v=1766929913","",""
"sapato-metropolitan-preto-vega","Sapato Metropolitan Preto Vega","<div class=""vtex-flex-layout-0-x-flexColChild vtex-flex-layout-0-x-flexColChild--pdp__main-content-info pb2"">
<div class=""vtex-disclosure-layout-1-x-content vtex-disclosure-layout-1-x-content--description-and-specification vtex-disclosure-layout-1-x-content--visible vtex-disclosure-layout-1-x-content--description-and-specification--visible"" id=""id-0bq9rk"">
<div class=""vtex-store-components-3-x-productDescriptionContainer"">
<div class=""vtex-store-components-3-x-productDescriptionText c-muted-1"">
<div class=""vtex-flex-layout-0-x-flexColChild vtex-flex-layout-0-x-flexColChild--pdp__main-content-info pb2"">
<div class=""vtex-disclosure-layout-1-x-content vtex-disclosure-layout-1-x-content--description-and-specification vtex-disclosure-layout-1-x-content--visible vtex-disclosure-layout-1-x-content--description-and-specification--visible"" id=""id-q6svuq"">
<div class=""vtex-store-components-3-x-productDescriptionContainer"">
<div class=""vtex-store-components-3-x-productDescriptionText c-muted-1"">
<div class=""vtex-flex-layout-0-x-flexColChild vtex-flex-layout-0-x-flexColChild--pdp__main-content-info pb2"">
<div class=""vtex-disclosure-layout-1-x-content vtex-disclosure-layout-1-x-content--description-and-specification vtex-disclosure-layout-1-x-content--visible vtex-disclosure-layout-1-x-content--description-and-specification--visible"" id=""id-88bu9d"">
<div class=""vtex-store-components-3-x-productDescriptionContainer"">
<div class=""vtex-store-components-3-x-productDescriptionText c-muted-1"">
<div class=""vtex-flex-layout-0-x-flexColChild vtex-flex-layout-0-x-flexColChild--pdp__main-content-info pb2"">
<div class=""vtex-disclosure-layout-1-x-content vtex-disclosure-layout-1-x-content--description-and-specification vtex-disclosure-layout-1-x-content--visible vtex-disclosure-layout-1-x-content--description-and-specification--visible"" id=""id-88eldj"">
<div class=""vtex-store-components-3-x-productDescriptionContainer"">
<div class=""vtex-store-components-3-x-productDescriptionText c-muted-1"">
<p class=""MsoNormal"">O sapato de couro Preto Metropolitan Vega é um produto moderno e confortável.</p>
<p class=""MsoNormal"">O sapato Metropolitan Vega é confeccionado em couro na cor preto. Não possui fechamento, o bico é arredondado, o cabedal é detalhado com pesponto, além de forro em tecido. O solado é feito de Borracha e a é palmilha é feita de Fibra.</p>
<p class=""MsoNormal"">Conceito Metropolitan – elegante, moderno, sofisticado e confortável, os modelos dessa linha estão associados à composição de visual impecável – sóbrio e formal – do homem de gosto apurado.</p>
</div>
</div>
</div>
</div>
</div>
</div>
</div>
</div>
</div>
</div>
</div>
</div>
</div>
</div>
</div>
</div>","Tema Conversão","","","","true","Tamanho do calçado","37","","","","","","0","","","deny","manual","84.00","280.00","TRUE","TRUE","","https://cdn.shopify.com/s/files/1/0721/1168/5771/files/170022-1600-1600.jpg?v=1766929932","1","","","active"
"sapato-metropolitan-preto-vega","","","","","","","","","38","","","","","","0","","","deny","manual","84.00","280.00","TRUE","TRUE","","https://cdn.shopify.com/s/files/1/0721/1168/5771/files/170024-1600-1600.jpg?v=1766929932","2","","",""
"sapato-metropolitan-preto-vega","","","","","","","","","39","","","","","","0","","","deny","manual","84.00","280.00","TRUE","TRUE","","https://cdn.shopify.com/s/files/1/0721/1168/5771/files/170066-1600-1600.jpg?v=1766929932","3","","",""
"sapato-metropolitan-preto-vega","","","","","","","","","40","","","","","","0","","","deny","manual","84.00","280.00","TRUE","TRUE","","https://cdn.shopify.com/s/files/1/0721/1168/5771/files/170067-1600-1600.jpg?v=1766929932","4","","",""
"sapato-metropolitan-preto-vega","","","","","","","","","41","","","","","","0","","","deny","manual","84.00","280.00","TRUE","TRUE","","","","","",""
"sapato-metropolitan-preto-vega","","","","","","","","","42","","","","","","0","","","deny","manual","84.00","280.00","TRUE","TRUE","","","","","",""
"sapato-metropolitan-preto-vega","","","","","","","","","43","","","","","","0","","","deny","manual","84.00","280.00","TRUE","TRUE","","","","","",""
"sapato-metropolitan-preto-vega","","","","","","","","","44","","","","","","0","","","deny","manual","84.00","280.00","TRUE","TRUE","","","","","",""
"sapato-metropolitan-premier-cafe","Sapato Metropolitan Premier Cafe","<h5>Linha Metropolitan.</h5>
<h5>Elegantes, modernos, sofisticados e confortáveis, os modelos dessa linha estão associados à composição de visual impecável – sóbrio e formal – do homem de gosto apurado.<br><br>Sapato confeccionado em couro, na cor café, forro em sintético. Sola produzida em borracha com antiderrapante e salto.<br>Salto = 2,5cm.</h5>","Tema Conversão","","","","true","Tamanho do calçado","37","","","","","","0","","","deny","manual","60.00","200.00","TRUE","TRUE","","https://cdn.shopify.com/s/files/1/0721/1168/5771/files/170358-1600-1600.jpg?v=1766929967","1","https://cdn.shopify.com/s/files/1/0721/1168/5771/files/170358-1600-1600.jpg?v=1766929967","","active"
"sapato-metropolitan-premier-cafe","","","","","","","","","38","","","","","","0","","","deny","manual","60.00","200.00","TRUE","TRUE","","https://cdn.shopify.com/s/files/1/0721/1168/5771/files/170359-1600-1600.jpg?v=1766929966","2","https://cdn.shopify.com/s/files/1/0721/1168/5771/files/170358-1600-1600.jpg?v=1766929967","",""
"sapato-metropolitan-premier-cafe","","","","","","","","","39","","","","","","0","","","deny","manual","60.00","200.00","TRUE","TRUE","","https://cdn.shopify.com/s/files/1/0721/1168/5771/files/170360-1600-1600.jpg?v=1766929967","3","https://cdn.shopify.com/s/files/1/0721/1168/5771/files/170358-1600-1600.jpg?v=1766929967","",""
"sapato-metropolitan-premier-cafe","","","","","","","","","40","","","","","","0","","","deny","manual","60.00","200.00","TRUE","TRUE","","https://cdn.shopify.com/s/files/1/0721/1168/5771/files/170361-1600-1600.jpg?v=1766929966","4","https://cdn.shopify.com/s/files/1/0721/1168/5771/files/170358-1600-1600.jpg?v=1766929967","",""
"sapato-metropolitan-premier-cafe","","","","","","","","","41","","","","","","0","","","deny","manual","60.00","200.00","TRUE","TRUE","","","","https://cdn.shopify.com/s/files/1/0721/1168/5771/files/170358-1600-1600.jpg?v=1766929967","",""
"sapato-metropolitan-premier-cafe","","","","","","","","","42","","","","","","0","","","deny","manual","60.00","200.00","TRUE","TRUE","","","","https://cdn.shopify.com/s/files/1/0721/1168/5771/files/170358-1600-1600.jpg?v=1766929967","",""
"sapato-metropolitan-premier-cafe","","","","","","","","","43","","","","","","0","","","deny","manual","60.00","200.00","TRUE","TRUE","","","","https://cdn.shopify.com/s/files/1/0721/1168/5771/files/170358-1600-1600.jpg?v=1766929967","",""
"sapato-metropolitan-premier-cafe","","","","","","","","","44","","","","","","0","","","deny","manual","60.00","200.00","TRUE","TRUE","","","","https://cdn.shopify.com/s/files/1/0721/1168/5771/files/170358-1600-1600.jpg?v=1766929967","",""
"sapato-metropolitan-pointer-hi-soft-32-preto","Sapato Metropolitan Pointer Hi-Soft 32 Preto","<div class=""vtex-flex-layout-0-x-flexColChild vtex-flex-layout-0-x-flexColChild--pdp__main-content-info pb2"">
<div class=""vtex-disclosure-layout-1-x-content vtex-disclosure-layout-1-x-content--description-and-specification vtex-disclosure-layout-1-x-content--visible vtex-disclosure-layout-1-x-content--description-and-specification--visible"" id=""id-0bq9rk"">
<div class=""vtex-store-components-3-x-productDescriptionContainer"">
<div class=""vtex-store-components-3-x-productDescriptionText c-muted-1"">
<div class=""vtex-flex-layout-0-x-flexColChild vtex-flex-layout-0-x-flexColChild--pdp__main-content-info pb2"">
<div class=""vtex-disclosure-layout-1-x-content vtex-disclosure-layout-1-x-content--description-and-specification vtex-disclosure-layout-1-x-content--visible vtex-disclosure-layout-1-x-content--description-and-specification--visible"" id=""id-q6svuq"">
<div class=""vtex-store-components-3-x-productDescriptionContainer"">
<div class=""vtex-store-components-3-x-productDescriptionText c-muted-1"">
<div class=""vtex-flex-layout-0-x-flexColChild vtex-flex-layout-0-x-flexColChild--pdp__main-content-info pb2"">
<div class=""vtex-disclosure-layout-1-x-content vtex-disclosure-layout-1-x-content--description-and-specification vtex-disclosure-layout-1-x-content--visible vtex-disclosure-layout-1-x-content--description-and-specification--visible"" id=""id-88bu9d"">
<div class=""vtex-store-components-3-x-productDescriptionContainer"">
<div class=""vtex-store-components-3-x-productDescriptionText c-muted-1"">
<div class=""vtex-flex-layout-0-x-flexColChild vtex-flex-layout-0-x-flexColChild--pdp__main-content-info pb2"">
<div class=""vtex-disclosure-layout-1-x-content vtex-disclosure-layout-1-x-content--description-and-specification vtex-disclosure-layout-1-x-content--visible vtex-disclosure-layout-1-x-content--description-and-specification--visible"" id=""id-88eldj"">
<div class=""vtex-store-components-3-x-productDescriptionContainer"">
<div class=""vtex-store-components-3-x-productDescriptionText c-muted-1"">
<p>O<span> </span><strong>Sapato de Couro Preto</strong><span> </span>Metropolitan da linha Pointer traz em destaque o conforto e praticidade.</p>
<p>Ele possui cabedal com recortes,<span> </span><strong>fechamento por cadarço de amarrar</strong><span> </span>e sola de borracha com salto. Sua palmilha conta com a tecnologia Hi-Soft 32, que oferece absoluto conforto para os seus pés.</p>
</div>
</div>
</div>
</div>
</div>
</div>
</div>
</div>
</div>
</div>
</div>
</div>
</div>
</div>
</div>
</div>","Tema Conversão","","","","true","Tamanho do calçado","37","","","","","","0","","","deny","manual","87.00","290.00","TRUE","TRUE","","https://cdn.shopify.com/s/files/1/0721/1168/5771/files/166622-1600-1600.jpg?v=1766929909","1","https://cdn.shopify.com/s/files/1/0721/1168/5771/files/166622-1600-1600.jpg?v=1766929909","","active"
"sapato-metropolitan-pointer-hi-soft-32-preto","","","","","","","","","38","","","","","","0","","","deny","manual","87.00","290.00","TRUE","TRUE","","https://cdn.shopify.com/s/files/1/0721/1168/5771/files/166623-1600-1600.jpg?v=1766929909","2","https://cdn.shopify.com/s/files/1/0721/1168/5771/files/166622-1600-1600.jpg?v=1766929909","",""
"sapato-metropolitan-pointer-hi-soft-32-preto","","","","","","","","","39","","","","","","0","","","deny","manual","87.00","290.00","TRUE","TRUE","","https://cdn.shopify.com/s/files/1/0721/1168/5771/files/166624-1600-1600.jpg?v=1766929910","3","https://cdn.shopify.com/s/files/1/0721/1168/5771/files/166622-1600-1600.jpg?v=1766929909","",""
"sapato-metropolitan-pointer-hi-soft-32-preto","","","","","","","","","40","","","","","","0","","","deny","manual","87.00","290.00","TRUE","TRUE","","https://cdn.shopify.com/s/files/1/0721/1168/5771/files/166625-1600-1600.jpg?v=1766929910","4","https://cdn.shopify.com/s/files/1/0721/1168/5771/files/166622-1600-1600.jpg?v=1766929909","",""
"sapato-metropolitan-pointer-hi-soft-32-preto","","","","","","","","","41","","","","","","0","","","deny","manual","87.00","290.00","TRUE","TRUE","","https://cdn.shopify.com/s/files/1/0721/1168/5771/files/167531-1600-1600.jpg?v=1766929910","5","https://cdn.shopify.com/s/files/1/0721/1168/5771/files/166622-1600-1600.jpg?v=1766929909","",""
"sapato-metropolitan-pointer-hi-soft-32-preto","","","","","","","","","42","","","","","","0","","","deny","manual","87.00","290.00","TRUE","TRUE","","","","https://cdn.shopify.com/s/files/1/0721/1168/5771/files/166622-1600-1600.jpg?v=1766929909","",""
"sapato-metropolitan-pointer-hi-soft-32-preto","","","","","","","","","43","","","","","","0","","","deny","manual","87.00","290.00","TRUE","TRUE","","","","https://cdn.shopify.com/s/files/1/0721/1168/5771/files/166622-1600-1600.jpg?v=1766929909","",""
"sapato-metropolitan-pointer-hi-soft-32-preto","","","","","","","","","44","","","","","","0","","","deny","manual","87.00","290.00","TRUE","TRUE","","","","https://cdn.shopify.com/s/files/1/0721/1168/5771/files/166622-1600-1600.jpg?v=1766929909","",""
"sapato-metropolitan-oliver-preto","Sapato Metropolitan Oliver Preto","<div class=""vtex-flex-layout-0-x-flexColChild vtex-flex-layout-0-x-flexColChild--pdp__main-content-info pb2"">
<div id=""id-0bq9rk"" class=""vtex-disclosure-layout-1-x-content vtex-disclosure-layout-1-x-content--description-and-specification vtex-disclosure-layout-1-x-content--visible vtex-disclosure-layout-1-x-content--description-and-specification--visible"">
<div class=""vtex-store-components-3-x-productDescriptionContainer"">
<div class=""vtex-store-components-3-x-productDescriptionText c-muted-1"">
<div class=""vtex-flex-layout-0-x-flexColChild vtex-flex-layout-0-x-flexColChild--pdp__main-content-info pb2"">
<div id=""id-q6svuq"" class=""vtex-disclosure-layout-1-x-content vtex-disclosure-layout-1-x-content--description-and-specification vtex-disclosure-layout-1-x-content--visible vtex-disclosure-layout-1-x-content--description-and-specification--visible"">
<div class=""vtex-store-components-3-x-productDescriptionContainer"">
<div class=""vtex-store-components-3-x-productDescriptionText c-muted-1"">
<div class=""vtex-flex-layout-0-x-flexColChild vtex-flex-layout-0-x-flexColChild--pdp__main-content-info pb2"">
<div id=""id-88bu9d"" class=""vtex-disclosure-layout-1-x-content vtex-disclosure-layout-1-x-content--description-and-specification vtex-disclosure-layout-1-x-content--visible vtex-disclosure-layout-1-x-content--description-and-specification--visible"">
<div class=""vtex-store-components-3-x-productDescriptionContainer"">
<div class=""vtex-store-components-3-x-productDescriptionText c-muted-1"">
<div class=""vtex-flex-layout-0-x-flexColChild vtex-flex-layout-0-x-flexColChild--pdp__main-content-info pb2"">
<div id=""id-88eldj"" class=""vtex-disclosure-layout-1-x-content vtex-disclosure-layout-1-x-content--description-and-specification vtex-disclosure-layout-1-x-content--visible vtex-disclosure-layout-1-x-content--description-and-specification--visible"">
<div class=""vtex-store-components-3-x-productDescriptionContainer"">
<div class=""vtex-store-components-3-x-productDescriptionText c-muted-1"">
<p>O <span>Sapato Metropolitan Oliver</span> é confeccionado em couro na cor preto. Possui fechamento em cadarço de amarrar, cabedal detalhado com recortes, além de forro em tecido. O sapato de couro traz sola de E.V.A e palmilha fixa.</p>
<p>Linha Metropolitan - Elegantes, modernos, sofisticados e confortáveis, os modelos dessa linha estão associados à composição de visual impecável – sóbrio e formal – do homem de gosto apurado.</p>
<p>Características</p>
<p>Salto: 2,5cm</p>
</div>
</div>
</div>
</div>
</div>
</div>
</div>
</div>
</div>
</div>
</div>
</div>
</div>
</div>
</div>
</div>","Tema Conversão","","","","true","Tamanho do calçado","37","","","","","","0","","","deny","manual","90.00","300.00","TRUE","TRUE","","https://cdn.shopify.com/s/files/1/0721/1168/5771/files/168453-1600-1600.jpg?v=1766929902","1","https://cdn.shopify.com/s/files/1/0721/1168/5771/files/168453-1600-1600.jpg?v=1766929902","","active"
"sapato-metropolitan-oliver-preto","","","","","","","","","38","","","","","","0","","","deny","manual","90.00","300.00","TRUE","TRUE","","https://cdn.shopify.com/s/files/1/0721/1168/5771/files/168454-1600-1600.jpg?v=1766929902","2","https://cdn.shopify.com/s/files/1/0721/1168/5771/files/168453-1600-1600.jpg?v=1766929902","",""
"sapato-metropolitan-oliver-preto","","","","","","","","","39","","","","","","0","","","deny","manual","90.00","300.00","TRUE","TRUE","","https://cdn.shopify.com/s/files/1/0721/1168/5771/files/168455-1600-1600.jpg?v=1766929903","3","https://cdn.shopify.com/s/files/1/0721/1168/5771/files/168453-1600-1600.jpg?v=1766929902","",""
"sapato-metropolitan-oliver-preto","","","","","","","","","40","","","","","","0","","","deny","manual","90.00","300.00","TRUE","TRUE","","https://cdn.shopify.com/s/files/1/0721/1168/5771/files/168456-1600-1600.jpg?v=1766929902","4","https://cdn.shopify.com/s/files/1/0721/1168/5771/files/168453-1600-1600.jpg?v=1766929902","",""
"sapato-metropolitan-oliver-preto","","","","","","","","","41","","","","","","0","","","deny","manual","90.00","300.00","TRUE","TRUE","","","","https://cdn.shopify.com/s/files/1/0721/1168/5771/files/168453-1600-1600.jpg?v=1766929902","",""
"sapato-metropolitan-oliver-preto","","","","","","","","","42","","","","","","0","","","deny","manual","90.00","300.00","TRUE","TRUE","","","","https://cdn.shopify.com/s/files/1/0721/1168/5771/files/168453-1600-1600.jpg?v=1766929902","",""
"sapato-metropolitan-oliver-preto","","","","","","","","","43","","","","","","0","","","deny","manual","90.00","300.00","TRUE","TRUE","","","","https://cdn.shopify.com/s/files/1/0721/1168/5771/files/168453-1600-1600.jpg?v=1766929902","",""
"sapato-metropolitan-oliver-preto","","","","","","","","","44","","","","","","0","","","deny","manual","90.00","300.00","TRUE","TRUE","","","","https://cdn.shopify.com/s/files/1/0721/1168/5771/files/168453-1600-1600.jpg?v=1766929902","",""
"sapato-metropolitan-oliver-mogno","Sapato Metropolitan Oliver Mogno","<div class=""vtex-flex-layout-0-x-flexColChild vtex-flex-layout-0-x-flexColChild--pdp__main-content-info pb2"">
<div class=""vtex-disclosure-layout-1-x-content vtex-disclosure-layout-1-x-content--description-and-specification vtex-disclosure-layout-1-x-content--visible vtex-disclosure-layout-1-x-content--description-and-specification--visible"" id=""id-0bq9rk"">
<div class=""vtex-store-components-3-x-productDescriptionContainer"">
<div class=""vtex-store-components-3-x-productDescriptionText c-muted-1"">
<div class=""vtex-flex-layout-0-x-flexColChild vtex-flex-layout-0-x-flexColChild--pdp__main-content-info pb2"">
<div class=""vtex-disclosure-layout-1-x-content vtex-disclosure-layout-1-x-content--description-and-specification vtex-disclosure-layout-1-x-content--visible vtex-disclosure-layout-1-x-content--description-and-specification--visible"" id=""id-q6svuq"">
<div class=""vtex-store-components-3-x-productDescriptionContainer"">
<div class=""vtex-store-components-3-x-productDescriptionText c-muted-1"">
<div class=""vtex-flex-layout-0-x-flexColChild vtex-flex-layout-0-x-flexColChild--pdp__main-content-info pb2"">
<div class=""vtex-disclosure-layout-1-x-content vtex-disclosure-layout-1-x-content--description-and-specification vtex-disclosure-layout-1-x-content--visible vtex-disclosure-layout-1-x-content--description-and-specification--visible"" id=""id-88bu9d"">
<div class=""vtex-store-components-3-x-productDescriptionContainer"">
<div class=""vtex-store-components-3-x-productDescriptionText c-muted-1"">
<div class=""vtex-flex-layout-0-x-flexColChild vtex-flex-layout-0-x-flexColChild--pdp__main-content-info pb2"">
<div class=""vtex-disclosure-layout-1-x-content vtex-disclosure-layout-1-x-content--description-and-specification vtex-disclosure-layout-1-x-content--visible vtex-disclosure-layout-1-x-content--description-and-specification--visible"" id=""id-88eldj"">
<div class=""vtex-store-components-3-x-productDescriptionContainer"">
<div class=""vtex-store-components-3-x-productDescriptionText c-muted-1"">
<p>O <span>Sapato Metropolitan Oliver</span> é confeccionado em couro na cor mogno. Possui fechamento em cadarço de amarrar, cabedal detalhado com recortes, além de forro em tecido. O sapato de couro traz sola de E.V.A e palmilha fixa.</p>
<p>Linha Metropolitan - Elegantes, modernos, sofisticados e confortáveis, os modelos dessa linha estão associados à composição de visual impecável – sóbrio e formal – do homem de gosto apurado.</p>
<p>Características</p>
<p>Salto: 2,5cm</p>
</div>
</div>
</div>
</div>
</div>
</div>
</div>
</div>
</div>
</div>
</div>
</div>
</div>
</div>
</div>
</div>","Tema Conversão","","","","true","Tamanho do calçado","37","","","","","","0","","","deny","manual","90.00","300.00","TRUE","TRUE","","https://cdn.shopify.com/s/files/1/0721/1168/5771/files/168457-1600-1600.jpg?v=1766929911","1","https://cdn.shopify.com/s/files/1/0721/1168/5771/files/168457-1600-1600.jpg?v=1766929911","","active"
"sapato-metropolitan-oliver-mogno","","","","","","","","","38","","","","","","0","","","deny","manual","90.00","300.00","TRUE","TRUE","","https://cdn.shopify.com/s/files/1/0721/1168/5771/files/168458-1600-1600.jpg?v=1766929911","2","https://cdn.shopify.com/s/files/1/0721/1168/5771/files/168457-1600-1600.jpg?v=1766929911","",""
"sapato-metropolitan-oliver-mogno","","","","","","","","","39","","","","","","0","","","deny","manual","90.00","300.00","TRUE","TRUE","","https://cdn.shopify.com/s/files/1/0721/1168/5771/files/168459-1600-1600.jpg?v=1766929914","3","https://cdn.shopify.com/s/files/1/0721/1168/5771/files/168457-1600-1600.jpg?v=1766929911","",""
"sapato-metropolitan-oliver-mogno","","","","","","","","","40","","","","","","0","","","deny","manual","90.00","300.00","TRUE","TRUE","","https://cdn.shopify.com/s/files/1/0721/1168/5771/files/168460-1600-1600.jpg?v=1766929911","4","https://cdn.shopify.com/s/files/1/0721/1168/5771/files/168457-1600-1600.jpg?v=1766929911","",""
"sapato-metropolitan-oliver-mogno","","","","","","","","","41","","","","","","0","","","deny","manual","90.00","300.00","TRUE","TRUE","","","","https://cdn.shopify.com/s/files/1/0721/1168/5771/files/168457-1600-1600.jpg?v=1766929911","",""
"sapato-metropolitan-oliver-mogno","","","","","","","","","42","","","","","","0","","","deny","manual","90.00","300.00","TRUE","TRUE","","","","https://cdn.shopify.com/s/files/1/0721/1168/5771/files/168457-1600-1600.jpg?v=1766929911","",""
"sapato-metropolitan-oliver-mogno","","","","","","","","","43","","","","","","0","","","deny","manual","90.00","300.00","TRUE","TRUE","","","","https://cdn.shopify.com/s/files/1/0721/1168/5771/files/168457-1600-1600.jpg?v=1766929911","",""
"sapato-metropolitan-oliver-mogno","","","","","","","","","44","","","","","","0","","","deny","manual","90.00","300.00","TRUE","TRUE","","","","https://cdn.shopify.com/s/files/1/0721/1168/5771/files/168457-1600-1600.jpg?v=1766929911","",""
"sapato-metropolitan-oliver-avela","Sapato Metropolitan Oliver Avelã","<div class=""vtex-flex-layout-0-x-flexColChild vtex-flex-layout-0-x-flexColChild--pdp__main-content-info pb2"">
<div id=""id-0bq9rk"" class=""vtex-disclosure-layout-1-x-content vtex-disclosure-layout-1-x-content--description-and-specification vtex-disclosure-layout-1-x-content--visible vtex-disclosure-layout-1-x-content--description-and-specification--visible"">
<div class=""vtex-store-components-3-x-productDescriptionContainer"">
<div class=""vtex-store-components-3-x-productDescriptionText c-muted-1"">
<div class=""vtex-flex-layout-0-x-flexColChild vtex-flex-layout-0-x-flexColChild--pdp__main-content-info pb2"">
<div id=""id-q6svuq"" class=""vtex-disclosure-layout-1-x-content vtex-disclosure-layout-1-x-content--description-and-specification vtex-disclosure-layout-1-x-content--visible vtex-disclosure-layout-1-x-content--description-and-specification--visible"">
<div class=""vtex-store-components-3-x-productDescriptionContainer"">
<div class=""vtex-store-components-3-x-productDescriptionText c-muted-1"">
<div class=""vtex-flex-layout-0-x-flexColChild vtex-flex-layout-0-x-flexColChild--pdp__main-content-info pb2"">
<div id=""id-88bu9d"" class=""vtex-disclosure-layout-1-x-content vtex-disclosure-layout-1-x-content--description-and-specification vtex-disclosure-layout-1-x-content--visible vtex-disclosure-layout-1-x-content--description-and-specification--visible"">
<div class=""vtex-store-components-3-x-productDescriptionContainer"">
<div class=""vtex-store-components-3-x-productDescriptionText c-muted-1"">
<div class=""vtex-flex-layout-0-x-flexColChild vtex-flex-layout-0-x-flexColChild--pdp__main-content-info pb2"">
<div id=""id-88eldj"" class=""vtex-disclosure-layout-1-x-content vtex-disclosure-layout-1-x-content--description-and-specification vtex-disclosure-layout-1-x-content--visible vtex-disclosure-layout-1-x-content--description-and-specification--visible"">
<div class=""vtex-store-components-3-x-productDescriptionContainer"">
<div class=""vtex-store-components-3-x-productDescriptionText c-muted-1"">
<p>O <span>Sapato Metropolitan Blaze Ultra Light </span>é confeccionado <span>em couro na cor Mogno. Possui fechamento em cadarço de amarrar</span>, cabedal detalhado com recortes no couro. O sapato de couro traz sola de E.V.A. e palmilha fixa.</p>
<p>Linha Metropolitan - Elegantes, modernos, sofisticados e confortáveis, os modelos dessa linha estão associados à composição de visual impecável – sóbrio e formal – do homem de gosto apurado.</p>
<p>Características</p>
<p>Salto: 2,5cm</p>
</div>
</div>
</div>
</div>
</div>
</div>
</div>
</div>
</div>
</div>
</div>
</div>
</div>
</div>
</div>
</div>","Tema Conversão","","","","true","Tamanho do calçado","37","","","","","","0","","","deny","manual","108.00","360.00","TRUE","TRUE","","https://cdn.shopify.com/s/files/1/0721/1168/5771/files/169995-1600-1600.jpg?v=1766929898","1","https://cdn.shopify.com/s/files/1/0721/1168/5771/files/169995-1600-1600.jpg?v=1766929898","","active"
"sapato-metropolitan-oliver-avela","","","","","","","","","38","","","","","","0","","","deny","manual","108.00","360.00","TRUE","TRUE","","https://cdn.shopify.com/s/files/1/0721/1168/5771/files/169996-1600-1600.jpg?v=1766929899","2","https://cdn.shopify.com/s/files/1/0721/1168/5771/files/169995-1600-1600.jpg?v=1766929898","",""
"sapato-metropolitan-oliver-avela","","","","","","","","","39","","","","","","0","","","deny","manual","108.00","360.00","TRUE","TRUE","","https://cdn.shopify.com/s/files/1/0721/1168/5771/files/169998-1600-1600.jpg?v=1766929901","3","https://cdn.shopify.com/s/files/1/0721/1168/5771/files/169995-1600-1600.jpg?v=1766929898","",""
"sapato-metropolitan-oliver-avela","","","","","","","","","40","","","","","","0","","","deny","manual","108.00","360.00","TRUE","TRUE","","https://cdn.shopify.com/s/files/1/0721/1168/5771/files/169999-1600-1600.jpg?v=1766929899","4","https://cdn.shopify.com/s/files/1/0721/1168/5771/files/169995-1600-1600.jpg?v=1766929898","",""
"sapato-metropolitan-oliver-avela","","","","","","","","","41","","","","","","0","","","deny","manual","108.00","360.00","TRUE","TRUE","","","","https://cdn.shopify.com/s/files/1/0721/1168/5771/files/169995-1600-1600.jpg?v=1766929898","",""
"sapato-metropolitan-oliver-avela","","","","","","","","","42","","","","","","0","","","deny","manual","108.00","360.00","TRUE","TRUE","","","","https://cdn.shopify.com/s/files/1/0721/1168/5771/files/169995-1600-1600.jpg?v=1766929898","",""
"sapato-metropolitan-oliver-avela","","","","","","","","","43","","","","","","0","","","deny","manual","108.00","360.00","TRUE","TRUE","","","","https://cdn.shopify.com/s/files/1/0721/1168/5771/files/169995-1600-1600.jpg?v=1766929898","",""
"sapato-metropolitan-oliver-avela","","","","","","","","","44","","","","","","0","","","deny","manual","108.00","360.00","TRUE","TRUE","","","","https://cdn.shopify.com/s/files/1/0721/1168/5771/files/169995-1600-1600.jpg?v=1766929898","",""
"sapato-metropolitan-navy-type","Sapato Metropolitan Navy Type","<div class=""vtex-flex-layout-0-x-flexColChild vtex-flex-layout-0-x-flexColChild--pdp__main-content-info pb2"">
<div class=""vtex-disclosure-layout-1-x-content vtex-disclosure-layout-1-x-content--description-and-specification vtex-disclosure-layout-1-x-content--visible vtex-disclosure-layout-1-x-content--description-and-specification--visible"" id=""id-0bq9rk"">
<div class=""vtex-store-components-3-x-productDescriptionContainer"">
<div class=""vtex-store-components-3-x-productDescriptionText c-muted-1"">
<div class=""vtex-flex-layout-0-x-flexColChild vtex-flex-layout-0-x-flexColChild--pdp__main-content-info pb2"">
<div class=""vtex-disclosure-layout-1-x-content vtex-disclosure-layout-1-x-content--description-and-specification vtex-disclosure-layout-1-x-content--visible vtex-disclosure-layout-1-x-content--description-and-specification--visible"" id=""id-q6svuq"">
<div class=""vtex-store-components-3-x-productDescriptionContainer"">
<div class=""vtex-store-components-3-x-productDescriptionText c-muted-1"">
<div class=""vtex-flex-layout-0-x-flexColChild vtex-flex-layout-0-x-flexColChild--pdp__main-content-info pb2"">
<div class=""vtex-disclosure-layout-1-x-content vtex-disclosure-layout-1-x-content--description-and-specification vtex-disclosure-layout-1-x-content--visible vtex-disclosure-layout-1-x-content--description-and-specification--visible"" id=""id-88bu9d"">
<div class=""vtex-store-components-3-x-productDescriptionContainer"">
<div class=""vtex-store-components-3-x-productDescriptionText c-muted-1"">
<div class=""vtex-flex-layout-0-x-flexColChild vtex-flex-layout-0-x-flexColChild--pdp__main-content-info pb2"">
<div class=""vtex-disclosure-layout-1-x-content vtex-disclosure-layout-1-x-content--description-and-specification vtex-disclosure-layout-1-x-content--visible vtex-disclosure-layout-1-x-content--description-and-specification--visible"" id=""id-88eldj"">
<div class=""vtex-store-components-3-x-productDescriptionContainer"">
<div class=""vtex-store-components-3-x-productDescriptionText c-muted-1"">
<p class=""MsoNormal"">O sapato de couro Navy Metropolitan Type é um produto moderno e urbano.</p>
<p class=""MsoNormal"">O cabedal contém recortes no couro e puxador no calcanhar. Possui forro de tecido e fechamento em cadarço de amarrar. O solado é de Micro Expandido, a palmilha feita de Fibra sendo fixa ao calçado.</p>
<p class=""MsoNormal"">Conceito Metropolitan – elegante, moderno, sofisticado e confortável, os modelos dessa linha estão associados à composição de visual impecável – sóbrio e formal – do homem de gosto apurado.</p>
</div>
</div>
</div>
</div>
</div>
</div>
</div>
</div>
</div>
</div>
</div>
</div>
</div>
</div>
</div>
</div>","Tema Conversão","","","","true","Tamanho do calçado","37","","","","","","0","","","deny","manual","90.00","300.00","TRUE","TRUE","","https://cdn.shopify.com/s/files/1/0721/1168/5771/files/170160-1600-1600.jpg?v=1766929926","1","https://cdn.shopify.com/s/files/1/0721/1168/5771/files/170160-1600-1600.jpg?v=1766929926","","active"
"sapato-metropolitan-navy-type","","","","","","","","","38","","","","","","0","","","deny","manual","90.00","300.00","TRUE","TRUE","","https://cdn.shopify.com/s/files/1/0721/1168/5771/files/170161-1600-1600.jpg?v=1766929926","2","https://cdn.shopify.com/s/files/1/0721/1168/5771/files/170160-1600-1600.jpg?v=1766929926","",""
"sapato-metropolitan-navy-type","","","","","","","","","39","","","","","","0","","","deny","manual","90.00","300.00","TRUE","TRUE","","https://cdn.shopify.com/s/files/1/0721/1168/5771/files/170162-1600-1600.jpg?v=1766929926","3","https://cdn.shopify.com/s/files/1/0721/1168/5771/files/170160-1600-1600.jpg?v=1766929926","",""
"sapato-metropolitan-navy-type","","","","","","","","","40","","","","","","0","","","deny","manual","90.00","300.00","TRUE","TRUE","","https://cdn.shopify.com/s/files/1/0721/1168/5771/files/170163-1600-1600.jpg?v=1766929926","4","https://cdn.shopify.com/s/files/1/0721/1168/5771/files/170160-1600-1600.jpg?v=1766929926","",""
"sapato-metropolitan-navy-type","","","","","","","","","41","","","","","","0","","","deny","manual","90.00","300.00","TRUE","TRUE","","","","https://cdn.shopify.com/s/files/1/0721/1168/5771/files/170160-1600-1600.jpg?v=1766929926","",""
"sapato-metropolitan-navy-type","","","","","","","","","42","","","","","","0","","","deny","manual","90.00","300.00","TRUE","TRUE","","","","https://cdn.shopify.com/s/files/1/0721/1168/5771/files/170160-1600-1600.jpg?v=1766929926","",""
"sapato-metropolitan-navy-type","","","","","","","","","43","","","","","","0","","","deny","manual","90.00","300.00","TRUE","TRUE","","","","https://cdn.shopify.com/s/files/1/0721/1168/5771/files/170160-1600-1600.jpg?v=1766929926","",""
"sapato-metropolitan-navy-type","","","","","","","","","44","","","","","","0","","","deny","manual","90.00","300.00","TRUE","TRUE","","","","https://cdn.shopify.com/s/files/1/0721/1168/5771/files/170160-1600-1600.jpg?v=1766929926","",""
"sapato-metropolitan-mahogany-vega","Sapato Metropolitan Mahogany Vega","<div class=""vtex-flex-layout-0-x-flexColChild vtex-flex-layout-0-x-flexColChild--pdp__main-content-info pb2"">
<div id=""id-0bq9rk"" class=""vtex-disclosure-layout-1-x-content vtex-disclosure-layout-1-x-content--description-and-specification vtex-disclosure-layout-1-x-content--visible vtex-disclosure-layout-1-x-content--description-and-specification--visible"">
<div class=""vtex-store-components-3-x-productDescriptionContainer"">
<div class=""vtex-store-components-3-x-productDescriptionText c-muted-1"">
<div class=""vtex-flex-layout-0-x-flexColChild vtex-flex-layout-0-x-flexColChild--pdp__main-content-info pb2"">
<div id=""id-q6svuq"" class=""vtex-disclosure-layout-1-x-content vtex-disclosure-layout-1-x-content--description-and-specification vtex-disclosure-layout-1-x-content--visible vtex-disclosure-layout-1-x-content--description-and-specification--visible"">
<div class=""vtex-store-components-3-x-productDescriptionContainer"">
<div class=""vtex-store-components-3-x-productDescriptionText c-muted-1"">
<div class=""vtex-flex-layout-0-x-flexColChild vtex-flex-layout-0-x-flexColChild--pdp__main-content-info pb2"">
<div id=""id-88bu9d"" class=""vtex-disclosure-layout-1-x-content vtex-disclosure-layout-1-x-content--description-and-specification vtex-disclosure-layout-1-x-content--visible vtex-disclosure-layout-1-x-content--description-and-specification--visible"">
<div class=""vtex-store-components-3-x-productDescriptionContainer"">
<div class=""vtex-store-components-3-x-productDescriptionText c-muted-1"">
<div class=""vtex-flex-layout-0-x-flexColChild vtex-flex-layout-0-x-flexColChild--pdp__main-content-info pb2"">
<div id=""id-88eldj"" class=""vtex-disclosure-layout-1-x-content vtex-disclosure-layout-1-x-content--description-and-specification vtex-disclosure-layout-1-x-content--visible vtex-disclosure-layout-1-x-content--description-and-specification--visible"">
<div class=""vtex-store-components-3-x-productDescriptionContainer"">
<div class=""vtex-store-components-3-x-productDescriptionText c-muted-1"">
<p class=""MsoNormal"">O sapato de couro Mahogany Metropolitan Vega é um produto moderno e confortável.</p>
<p class=""MsoNormal"">O sapato Metropolitan Vega é confeccionado em couro na cor mahogany. Não possui fechamento, o bico é arredondado, o cabedal é detalhado com pesponto, além de forro em tecido. O solado é feito de Borracha e a é palmilha é feita de Fibra.</p>
<p class=""MsoNormal"">Conceito Metropolitan – elegante, moderno, sofisticado e confortável, os modelos dessa linha estão associados à composição de visual impecável – sóbrio e formal – do homem de gosto apurado.</p>
</div>
</div>
</div>
</div>
</div>
</div>
</div>
</div>
</div>
</div>
</div>
</div>
</div>
</div>
</div>
</div>","Tema Conversão","","","","true","Tamanho do calçado","37","","","","","","0","","","deny","manual","81.00","270.00","TRUE","TRUE","","https://cdn.shopify.com/s/files/1/0721/1168/5771/files/170028-1600-1600.jpg?v=1766929929","1","https://cdn.shopify.com/s/files/1/0721/1168/5771/files/170028-1600-1600.jpg?v=1766929929","","active"
"sapato-metropolitan-mahogany-vega","","","","","","","","","38","","","","","","0","","","deny","manual","81.00","270.00","TRUE","TRUE","","https://cdn.shopify.com/s/files/1/0721/1168/5771/files/170029-1600-1600.jpg?v=1766929929","2","https://cdn.shopify.com/s/files/1/0721/1168/5771/files/170028-1600-1600.jpg?v=1766929929","",""
"sapato-metropolitan-mahogany-vega","","","","","","","","","39","","","","","","0","","","deny","manual","81.00","270.00","TRUE","TRUE","","https://cdn.shopify.com/s/files/1/0721/1168/5771/files/170030-1600-1600.jpg?v=1766929929","3","https://cdn.shopify.com/s/files/1/0721/1168/5771/files/170028-1600-1600.jpg?v=1766929929","",""
"sapato-metropolitan-mahogany-vega","","","","","","","","","40","","","","","","0","","","deny","manual","81.00","270.00","TRUE","TRUE","","https://cdn.shopify.com/s/files/1/0721/1168/5771/files/170031-1600-1600.jpg?v=1766929929","4","https://cdn.shopify.com/s/files/1/0721/1168/5771/files/170028-1600-1600.jpg?v=1766929929","",""
"sapato-metropolitan-mahogany-vega","","","","","","","","","41","","","","","","0","","","deny","manual","81.00","270.00","TRUE","TRUE","","","","https://cdn.shopify.com/s/files/1/0721/1168/5771/files/170028-1600-1600.jpg?v=1766929929","",""
"sapato-metropolitan-mahogany-vega","","","","","","","","","42","","","","","","0","","","deny","manual","81.00","270.00","TRUE","TRUE","","","","https://cdn.shopify.com/s/files/1/0721/1168/5771/files/170028-1600-1600.jpg?v=1766929929","",""
"sapato-metropolitan-mahogany-vega","","","","","","","","","43","","","","","","0","","","deny","manual","81.00","270.00","TRUE","TRUE","","","","https://cdn.shopify.com/s/files/1/0721/1168/5771/files/170028-1600-1600.jpg?v=1766929929","",""
"sapato-metropolitan-mahogany-vega","","","","","","","","","44","","","","","","0","","","deny","manual","81.00","270.00","TRUE","TRUE","","","","https://cdn.shopify.com/s/files/1/0721/1168/5771/files/170028-1600-1600.jpg?v=1766929929","",""
"sapato-metropolitan-jeff-preto","Sapato Metropolitan Jeff Preto","<div class=""vtex-flex-layout-0-x-flexColChild vtex-flex-layout-0-x-flexColChild--pdp__main-content-info pb2"">
<div id=""id-0bq9rk"" class=""vtex-disclosure-layout-1-x-content vtex-disclosure-layout-1-x-content--description-and-specification vtex-disclosure-layout-1-x-content--visible vtex-disclosure-layout-1-x-content--description-and-specification--visible"">
<div class=""vtex-store-components-3-x-productDescriptionContainer"">
<div class=""vtex-store-components-3-x-productDescriptionText c-muted-1"">
<div class=""vtex-flex-layout-0-x-flexColChild vtex-flex-layout-0-x-flexColChild--pdp__main-content-info pb2"">
<div id=""id-q6svuq"" class=""vtex-disclosure-layout-1-x-content vtex-disclosure-layout-1-x-content--description-and-specification vtex-disclosure-layout-1-x-content--visible vtex-disclosure-layout-1-x-content--description-and-specification--visible"">
<div class=""vtex-store-components-3-x-productDescriptionContainer"">
<div class=""vtex-store-components-3-x-productDescriptionText c-muted-1"">
<div class=""vtex-flex-layout-0-x-flexColChild vtex-flex-layout-0-x-flexColChild--pdp__main-content-info pb2"">
<div id=""id-88bu9d"" class=""vtex-disclosure-layout-1-x-content vtex-disclosure-layout-1-x-content--description-and-specification vtex-disclosure-layout-1-x-content--visible vtex-disclosure-layout-1-x-content--description-and-specification--visible"">
<div class=""vtex-store-components-3-x-productDescriptionContainer"">
<div class=""vtex-store-components-3-x-productDescriptionText c-muted-1"">
<div class=""vtex-flex-layout-0-x-flexColChild vtex-flex-layout-0-x-flexColChild--pdp__main-content-info pb2"">
<div id=""id-88eldj"" class=""vtex-disclosure-layout-1-x-content vtex-disclosure-layout-1-x-content--description-and-specification vtex-disclosure-layout-1-x-content--visible vtex-disclosure-layout-1-x-content--description-and-specification--visible"">
<div class=""vtex-store-components-3-x-productDescriptionContainer"">
<div class=""vtex-store-components-3-x-productDescriptionText c-muted-1"">
<p class=""MsoNormal"">O<span> </span><b>Sapato de Couro Metropolitan Jeff</b>, se destaca por seu solado com design moderno.</p>
<p class=""MsoNormal"">Ele possui fechamento em cadarço de amarrar, palmilha macia, bico arredondado e cabedal com recortes no couro. A sola é feita de micro expandido blaqueada com detalhe tratorado, o que proporciona mais segurança e durabilidade.</p>
<p class=""MsoNormal"">Conceito Metropolitan – elegante, moderno, sofisticado e confortável, os modelos dessa linha estão associados à composição de visual impecável – sóbrio e formal – do homem de gosto apurado.</p>
</div>
</div>
</div>
</div>
</div>
</div>
</div>
</div>
</div>
</div>
</div>
</div>
</div>
</div>
</div>
</div>","Tema Conversão","","","","true","Tamanho do calçado","37","","","","","","0","","","deny","manual","90.00","300.00","TRUE","TRUE","","https://cdn.shopify.com/s/files/1/0721/1168/5771/files/170449-1600-1600.jpg?v=1766929934","1","https://cdn.shopify.com/s/files/1/0721/1168/5771/files/170449-1600-1600.jpg?v=1766929934","","active"
"sapato-metropolitan-jeff-preto","","","","","","","","","38","","","","","","0","","","deny","manual","90.00","300.00","TRUE","TRUE","","https://cdn.shopify.com/s/files/1/0721/1168/5771/files/170450-1600-1600.jpg?v=1766929934","2","https://cdn.shopify.com/s/files/1/0721/1168/5771/files/170449-1600-1600.jpg?v=1766929934","",""
"sapato-metropolitan-jeff-preto","","","","","","","","","39","","","","","","0","","","deny","manual","90.00","300.00","TRUE","TRUE","","https://cdn.shopify.com/s/files/1/0721/1168/5771/files/170451-1600-1600.jpg?v=1766929934","3","https://cdn.shopify.com/s/files/1/0721/1168/5771/files/170449-1600-1600.jpg?v=1766929934","",""
"sapato-metropolitan-jeff-preto","","","","","","","","","40","","","","","","0","","","deny","manual","90.00","300.00","TRUE","TRUE","","https://cdn.shopify.com/s/files/1/0721/1168/5771/files/170452-1600-1600.jpg?v=1766929934","4","https://cdn.shopify.com/s/files/1/0721/1168/5771/files/170449-1600-1600.jpg?v=1766929934","",""
"sapato-metropolitan-jeff-preto","","","","","","","","","41","","","","","","0","","","deny","manual","90.00","300.00","TRUE","TRUE","","","","https://cdn.shopify.com/s/files/1/0721/1168/5771/files/170449-1600-1600.jpg?v=1766929934","",""
"sapato-metropolitan-jeff-preto","","","","","","","","","42","","","","","","0","","","deny","manual","90.00","300.00","TRUE","TRUE","","","","https://cdn.shopify.com/s/files/1/0721/1168/5771/files/170449-1600-1600.jpg?v=1766929934","",""
"sapato-metropolitan-jeff-preto","","","","","","","","","43","","","","","","0","","","deny","manual","90.00","300.00","TRUE","TRUE","","","","https://cdn.shopify.com/s/files/1/0721/1168/5771/files/170449-1600-1600.jpg?v=1766929934","",""
"sapato-metropolitan-jeff-preto","","","","","","","","","44","","","","","","0","","","deny","manual","90.00","300.00","TRUE","TRUE","","","","https://cdn.shopify.com/s/files/1/0721/1168/5771/files/170449-1600-1600.jpg?v=1766929934","",""
"sapatenis-denim-luke-cinza","Sapato Metropolitan Jeff Preto","<div class=""vtex-flex-layout-0-x-flexColChild vtex-flex-layout-0-x-flexColChild--pdp__main-content-info pb2"">
<div id=""id-0bq9rk"" class=""vtex-disclosure-layout-1-x-content vtex-disclosure-layout-1-x-content--description-and-specification vtex-disclosure-layout-1-x-content--visible vtex-disclosure-layout-1-x-content--description-and-specification--visible"">
<div class=""vtex-store-components-3-x-productDescriptionContainer"">
<div class=""vtex-store-components-3-x-productDescriptionText c-muted-1"">
<div class=""vtex-flex-layout-0-x-flexColChild vtex-flex-layout-0-x-flexColChild--pdp__main-content-info pb2"">
<div id=""id-q6svuq"" class=""vtex-disclosure-layout-1-x-content vtex-disclosure-layout-1-x-content--description-and-specification vtex-disclosure-layout-1-x-content--visible vtex-disclosure-layout-1-x-content--description-and-specification--visible"">
<div class=""vtex-store-components-3-x-productDescriptionContainer"">
<div class=""vtex-store-components-3-x-productDescriptionText c-muted-1"">
<div class=""vtex-flex-layout-0-x-flexColChild vtex-flex-layout-0-x-flexColChild--pdp__main-content-info pb2"">
<div id=""id-88bu9d"" class=""vtex-disclosure-layout-1-x-content vtex-disclosure-layout-1-x-content--description-and-specification vtex-disclosure-layout-1-x-content--visible vtex-disclosure-layout-1-x-content--description-and-specification--visible"">
<div class=""vtex-store-components-3-x-productDescriptionContainer"">
<div class=""vtex-store-components-3-x-productDescriptionText c-muted-1"">
<div class=""vtex-flex-layout-0-x-flexColChild vtex-flex-layout-0-x-flexColChild--pdp__main-content-info pb2"">
<div id=""id-88eldj"" class=""vtex-disclosure-layout-1-x-content vtex-disclosure-layout-1-x-content--description-and-specification vtex-disclosure-layout-1-x-content--visible vtex-disclosure-layout-1-x-content--description-and-specification--visible"">
<div class=""vtex-store-components-3-x-productDescriptionContainer"">
<div class=""vtex-store-components-3-x-productDescriptionText c-muted-1"">
<p class=""MsoNormal"">O <span>Sapato de Couro Metropolitan Jeff</span>, se destaca por seu solado com design moderno.</p>
<p class=""MsoNormal"">Ele possui fechamento em cadarço de amarrar, palmilha macia, bico arredondado e cabedal com recortes no couro. A sola é feita de micro expandido blaqueada com detalhe tratorado, o que proporciona mais segurança e durabilidade.</p>
<p class=""MsoNormal"">Conceito Metropolitan – elegante, moderno, sofisticado e confortável, os modelos dessa linha estão associados à composição de visual impecável – sóbrio e formal – do homem de gosto apurado.</p>
</div>
</div>
</div>
</div>
</div>
</div>
</div>
</div>
</div>
</div>
</div>
</div>
</div>
</div>
</div>
</div>","Tema Conversão","","","","true","Tamanho do calçado","37","","","","","","0","","","deny","manual","90.00","300.00","TRUE","TRUE","","https://cdn.shopify.com/s/files/1/0721/1168/5771/files/170554-1600-1600.jpg?v=1766929936","1","","","active"
"sapatenis-denim-luke-cinza","","","","","","","","","38","","","","","","0","","","deny","manual","90.00","300.00","TRUE","TRUE","","https://cdn.shopify.com/s/files/1/0721/1168/5771/files/170555-1600-1600.jpg?v=1766929936","2","","",""
"sapatenis-denim-luke-cinza","","","","","","","","","39","","","","","","0","","","deny","manual","90.00","300.00","TRUE","TRUE","","https://cdn.shopify.com/s/files/1/0721/1168/5771/files/170556-1600-1600.jpg?v=1766929936","3","","",""
"sapatenis-denim-luke-cinza","","","","","","","","","40","","","","","","0","","","deny","manual","90.00","300.00","TRUE","TRUE","","https://cdn.shopify.com/s/files/1/0721/1168/5771/files/170557-1600-1600.jpg?v=1766929936","4","","",""
"sapatenis-denim-luke-cinza","","","","","","","","","41","","","","","","0","","","deny","manual","90.00","300.00","TRUE","TRUE","","","","","",""
"sapatenis-denim-luke-cinza","","","","","","","","","42","","","","","","0","","","deny","manual","90.00","300.00","TRUE","TRUE","","","","","",""
"sapatenis-denim-luke-cinza","","","","","","","","","43","","","","","","0","","","deny","manual","90.00","300.00","TRUE","TRUE","","","","","",""
"sapatenis-denim-luke-cinza","","","","","","","","","44","","","","","","0","","","deny","manual","90.00","300.00","TRUE","TRUE","","","","","",""
"sapato-metropolitan-jeff-marrom","Sapato Metropolitan Jeff Marrom","<div class=""vtex-flex-layout-0-x-flexColChild vtex-flex-layout-0-x-flexColChild--pdp__main-content-info pb2"">
<div id=""id-0bq9rk"" class=""vtex-disclosure-layout-1-x-content vtex-disclosure-layout-1-x-content--description-and-specification vtex-disclosure-layout-1-x-content--visible vtex-disclosure-layout-1-x-content--description-and-specification--visible"">
<div class=""vtex-store-components-3-x-productDescriptionContainer"">
<div class=""vtex-store-components-3-x-productDescriptionText c-muted-1"">
<div class=""vtex-flex-layout-0-x-flexColChild vtex-flex-layout-0-x-flexColChild--pdp__main-content-info pb2"">
<div id=""id-q6svuq"" class=""vtex-disclosure-layout-1-x-content vtex-disclosure-layout-1-x-content--description-and-specification vtex-disclosure-layout-1-x-content--visible vtex-disclosure-layout-1-x-content--description-and-specification--visible"">
<div class=""vtex-store-components-3-x-productDescriptionContainer"">
<div class=""vtex-store-components-3-x-productDescriptionText c-muted-1"">
<div class=""vtex-flex-layout-0-x-flexColChild vtex-flex-layout-0-x-flexColChild--pdp__main-content-info pb2"">
<div id=""id-88bu9d"" class=""vtex-disclosure-layout-1-x-content vtex-disclosure-layout-1-x-content--description-and-specification vtex-disclosure-layout-1-x-content--visible vtex-disclosure-layout-1-x-content--description-and-specification--visible"">
<div class=""vtex-store-components-3-x-productDescriptionContainer"">
<div class=""vtex-store-components-3-x-productDescriptionText c-muted-1"">
<div class=""vtex-flex-layout-0-x-flexColChild vtex-flex-layout-0-x-flexColChild--pdp__main-content-info pb2"">
<div id=""id-88eldj"" class=""vtex-disclosure-layout-1-x-content vtex-disclosure-layout-1-x-content--description-and-specification vtex-disclosure-layout-1-x-content--visible vtex-disclosure-layout-1-x-content--description-and-specification--visible"">
<div class=""vtex-store-components-3-x-productDescriptionContainer"">
<div class=""vtex-store-components-3-x-productDescriptionText c-muted-1"">
<p class=""MsoNormal"">O<span> </span><b>Sapato de Couro Metropolitan Jeff</b>, se destaca por seu solado com design moderno.</p>
<p class=""MsoNormal"">Ele possui calce fácil, palmilha macia, bico arredondado e cabedal com recortes no couro. A sola é feita de micro expandido blaqueada com detalhe tratorado, o que proporciona mais segurança e durabilidade.</p>
<p><span>Conceito Metropolitan – elegante, moderno, sofisticado e confortável, os modelos dessa linha estão associados à composição de visual impecável – sóbrio e formal – do homem de gosto apurado.</span><br></p>
</div>
</div>
</div>
</div>
</div>
</div>
</div>
</div>
</div>
</div>
</div>
</div>
</div>
</div>
</div>
</div>","Tema Conversão","","","","true","Tamanho do calçado","37","","","","","","0","","","deny","manual","90.00","300.00","TRUE","TRUE","","https://cdn.shopify.com/s/files/1/0721/1168/5771/files/170469-1600-1600.jpg?v=1766929935","1","https://cdn.shopify.com/s/files/1/0721/1168/5771/files/170469-1600-1600.jpg?v=1766929935","","active"
"sapato-metropolitan-jeff-marrom","","","","","","","","","38","","","","","","0","","","deny","manual","90.00","300.00","TRUE","TRUE","","https://cdn.shopify.com/s/files/1/0721/1168/5771/files/170470-1600-1600.jpg?v=1766929935","2","https://cdn.shopify.com/s/files/1/0721/1168/5771/files/170469-1600-1600.jpg?v=1766929935","",""
"sapato-metropolitan-jeff-marrom","","","","","","","","","39","","","","","","0","","","deny","manual","90.00","300.00","TRUE","TRUE","","https://cdn.shopify.com/s/files/1/0721/1168/5771/files/170471-1600-1600.jpg?v=1766929935","3","https://cdn.shopify.com/s/files/1/0721/1168/5771/files/170469-1600-1600.jpg?v=1766929935","",""
"sapato-metropolitan-jeff-marrom","","","","","","","","","40","","","","","","0","","","deny","manual","90.00","300.00","TRUE","TRUE","","https://cdn.shopify.com/s/files/1/0721/1168/5771/files/170472-1600-1600.jpg?v=1766929935","4","https://cdn.shopify.com/s/files/1/0721/1168/5771/files/170469-1600-1600.jpg?v=1766929935","",""
"sapato-metropolitan-jeff-marrom","","","","","","","","","41","","","","","","0","","","deny","manual","90.00","300.00","TRUE","TRUE","","","","https://cdn.shopify.com/s/files/1/0721/1168/5771/files/170469-1600-1600.jpg?v=1766929935","",""
"sapato-metropolitan-jeff-marrom","","","","","","","","","42","","","","","","0","","","deny","manual","90.00","300.00","TRUE","TRUE","","","","https://cdn.shopify.com/s/files/1/0721/1168/5771/files/170469-1600-1600.jpg?v=1766929935","",""
"sapato-metropolitan-jeff-marrom","","","","","","","","","43","","","","","","0","","","deny","manual","90.00","300.00","TRUE","TRUE","","","","https://cdn.shopify.com/s/files/1/0721/1168/5771/files/170469-1600-1600.jpg?v=1766929935","",""
"sapato-metropolitan-jeff-marrom","","","","","","","","","44","","","","","","0","","","deny","manual","90.00","300.00","TRUE","TRUE","","","","https://cdn.shopify.com/s/files/1/0721/1168/5771/files/170469-1600-1600.jpg?v=1766929935","",""
"sapato-metropolitan-jeff-azul","Sapato Metropolitan Jeff Azul","<div class=""vtex-flex-layout-0-x-flexColChild vtex-flex-layout-0-x-flexColChild--pdp__main-content-info pb2"">
<div class=""vtex-disclosure-layout-1-x-content vtex-disclosure-layout-1-x-content--description-and-specification vtex-disclosure-layout-1-x-content--visible vtex-disclosure-layout-1-x-content--description-and-specification--visible"" id=""id-0bq9rk"">
<div class=""vtex-store-components-3-x-productDescriptionContainer"">
<div class=""vtex-store-components-3-x-productDescriptionText c-muted-1"">
<div class=""vtex-flex-layout-0-x-flexColChild vtex-flex-layout-0-x-flexColChild--pdp__main-content-info pb2"">
<div class=""vtex-disclosure-layout-1-x-content vtex-disclosure-layout-1-x-content--description-and-specification vtex-disclosure-layout-1-x-content--visible vtex-disclosure-layout-1-x-content--description-and-specification--visible"" id=""id-q6svuq"">
<div class=""vtex-store-components-3-x-productDescriptionContainer"">
<div class=""vtex-store-components-3-x-productDescriptionText c-muted-1"">
<div class=""vtex-flex-layout-0-x-flexColChild vtex-flex-layout-0-x-flexColChild--pdp__main-content-info pb2"">
<div class=""vtex-disclosure-layout-1-x-content vtex-disclosure-layout-1-x-content--description-and-specification vtex-disclosure-layout-1-x-content--visible vtex-disclosure-layout-1-x-content--description-and-specification--visible"" id=""id-88bu9d"">
<div class=""vtex-store-components-3-x-productDescriptionContainer"">
<div class=""vtex-store-components-3-x-productDescriptionText c-muted-1"">
<div class=""vtex-flex-layout-0-x-flexColChild vtex-flex-layout-0-x-flexColChild--pdp__main-content-info pb2"">
<div class=""vtex-disclosure-layout-1-x-content vtex-disclosure-layout-1-x-content--description-and-specification vtex-disclosure-layout-1-x-content--visible vtex-disclosure-layout-1-x-content--description-and-specification--visible"" id=""id-88eldj"">
<div class=""vtex-store-components-3-x-productDescriptionContainer"">
<div class=""vtex-store-components-3-x-productDescriptionText c-muted-1"">
<p class=""MsoNormal"">O<span> </span><b>Sapato de Couro Metropolitan Jeff</b>, se destaca por seu solado com design moderno.</p>
<p class=""MsoNormal"">Ele possui calce fácil, palmilha macia, bico arredondado e cabedal com recortes no couro. A sola é feita de micro expandido blaqueada com detalhe tratorado, o que proporciona mais segurança e durabilidade.</p>
<p class=""MsoNormal""><span>Conceito Metropolitan – elegante, moderno, sofisticado e confortável, os modelos dessa linha estão associados à composição de visual impecável – sóbrio e formal – do homem de gosto apurado.</span><br></p>
</div>
</div>
</div>
</div>
</div>
</div>
</div>
</div>
</div>
</div>
</div>
</div>
</div>
</div>
</div>
</div>","Tema Conversão","","","","true","Tamanho do calçado","37","","","","","","0","","","deny","manual","90.00","300.00","TRUE","TRUE","","https://cdn.shopify.com/s/files/1/0721/1168/5771/files/170465-1600-1600.jpg?v=1766929933","1","https://cdn.shopify.com/s/files/1/0721/1168/5771/files/170465-1600-1600.jpg?v=1766929933","","active"
"sapato-metropolitan-jeff-azul","","","","","","","","","38","","","","","","0","","","deny","manual","90.00","300.00","TRUE","TRUE","","https://cdn.shopify.com/s/files/1/0721/1168/5771/files/170466-1600-1600.jpg?v=1766929933","2","https://cdn.shopify.com/s/files/1/0721/1168/5771/files/170465-1600-1600.jpg?v=1766929933","",""
"sapato-metropolitan-jeff-azul","","","","","","","","","39","","","","","","0","","","deny","manual","90.00","300.00","TRUE","TRUE","","https://cdn.shopify.com/s/files/1/0721/1168/5771/files/170467-1600-1600.jpg?v=1766929933","3","https://cdn.shopify.com/s/files/1/0721/1168/5771/files/170465-1600-1600.jpg?v=1766929933","",""
"sapato-metropolitan-jeff-azul","","","","","","","","","40","","","","","","0","","","deny","manual","90.00","300.00","TRUE","TRUE","","https://cdn.shopify.com/s/files/1/0721/1168/5771/files/170468-1600-1600.jpg?v=1766929933","4","https://cdn.shopify.com/s/files/1/0721/1168/5771/files/170465-1600-1600.jpg?v=1766929933","",""
"sapato-metropolitan-jeff-azul","","","","","","","","","41","","","","","","0","","","deny","manual","90.00","300.00","TRUE","TRUE","","","","https://cdn.shopify.com/s/files/1/0721/1168/5771/files/170465-1600-1600.jpg?v=1766929933","",""
"sapato-metropolitan-jeff-azul","","","","","","","","","42","","","","","","0","","","deny","manual","90.00","300.00","TRUE","TRUE","","","","https://cdn.shopify.com/s/files/1/0721/1168/5771/files/170465-1600-1600.jpg?v=1766929933","",""
"sapato-metropolitan-jeff-azul","","","","","","","","","43","","","","","","0","","","deny","manual","90.00","300.00","TRUE","TRUE","","","","https://cdn.shopify.com/s/files/1/0721/1168/5771/files/170465-1600-1600.jpg?v=1766929933","",""
"sapato-metropolitan-jeff-azul","","","","","","","","","44","","","","","","0","","","deny","manual","90.00","300.00","TRUE","TRUE","","","","https://cdn.shopify.com/s/files/1/0721/1168/5771/files/170465-1600-1600.jpg?v=1766929933","",""
"sapato-metropolitan-james-hi-soft-32-tan","Sapato Metropolitan James Hi-Soft 32 Tan","<p>O<span> </span><strong>Sapato de<span> </span><a href=""https://www.democrata.com.br/couro"">Couro</a></strong><span> </span>Metropolitan James possuí a cor tan e traz em destaque o conforto e design moderno.</p>
<p>Ele possui cabedal com recortes no couro, puxador no calcanhar e seu fechamento é por cadarço de amarrar. Conta com sola de micro expandido de laterais brancas, dando um toque moderno ao calçado. Também possuí<span> </span><strong>palmilha em PU com a tecnologia hi-soft 32</strong>, que oferece absoluto conforto para os seus pés.</p>","Tema Conversão","","","","true","Tamanho do calçado","37","","","","","","0","","","deny","manual","130.00","260.00","TRUE","TRUE","","https://cdn.shopify.com/s/files/1/0721/1168/5771/files/166839-1600-1600.jpg?v=1766929971","1","https://cdn.shopify.com/s/files/1/0721/1168/5771/files/166839-1600-1600.jpg?v=1766929971","","active"
"sapato-metropolitan-james-hi-soft-32-tan","","","","","","","","","38","","","","","","0","","","deny","manual","130.00","260.00","TRUE","TRUE","","https://cdn.shopify.com/s/files/1/0721/1168/5771/files/166840-1600-1600.jpg?v=1766929971","2","https://cdn.shopify.com/s/files/1/0721/1168/5771/files/166839-1600-1600.jpg?v=1766929971","",""
"sapato-metropolitan-james-hi-soft-32-tan","","","","","","","","","39","","","","","","0","","","deny","manual","130.00","260.00","TRUE","TRUE","","https://cdn.shopify.com/s/files/1/0721/1168/5771/files/166841-1600-1600.jpg?v=1766929971","3","https://cdn.shopify.com/s/files/1/0721/1168/5771/files/166839-1600-1600.jpg?v=1766929971","",""
"sapato-metropolitan-james-hi-soft-32-tan","","","","","","","","","40","","","","","","0","","","deny","manual","130.00","260.00","TRUE","TRUE","","https://cdn.shopify.com/s/files/1/0721/1168/5771/files/166842-1600-1600.jpg?v=1766929971","4","https://cdn.shopify.com/s/files/1/0721/1168/5771/files/166839-1600-1600.jpg?v=1766929971","",""
"sapato-metropolitan-james-hi-soft-32-tan","","","","","","","","","41","","","","","","0","","","deny","manual","130.00","260.00","TRUE","TRUE","","https://cdn.shopify.com/s/files/1/0721/1168/5771/files/167571-1600-1600.jpg?v=1766929971","5","https://cdn.shopify.com/s/files/1/0721/1168/5771/files/166839-1600-1600.jpg?v=1766929971","",""
"sapato-metropolitan-james-hi-soft-32-tan","","","","","","","","","42","","","","","","0","","","deny","manual","130.00","260.00","TRUE","TRUE","","","","https://cdn.shopify.com/s/files/1/0721/1168/5771/files/166839-1600-1600.jpg?v=1766929971","",""
"sapato-metropolitan-james-hi-soft-32-tan","","","","","","","","","43","","","","","","0","","","deny","manual","130.00","260.00","TRUE","TRUE","","","","https://cdn.shopify.com/s/files/1/0721/1168/5771/files/166839-1600-1600.jpg?v=1766929971","",""
"sapato-metropolitan-james-hi-soft-32-tan","","","","","","","","","44","","","","","","0","","","deny","manual","130.00","260.00","TRUE","TRUE","","","","https://cdn.shopify.com/s/files/1/0721/1168/5771/files/166839-1600-1600.jpg?v=1766929971","",""
"sapato-metropolitan-james-hi-soft-32-preto","Sapato Metropolitan James Hi-Soft 32 Preto","<div class=""vtex-flex-layout-0-x-flexColChild vtex-flex-layout-0-x-flexColChild--pdp__main-content-info pb2"">
<div id=""id-0bq9rk"" class=""vtex-disclosure-layout-1-x-content vtex-disclosure-layout-1-x-content--description-and-specification vtex-disclosure-layout-1-x-content--visible vtex-disclosure-layout-1-x-content--description-and-specification--visible"">
<div class=""vtex-store-components-3-x-productDescriptionContainer"">
<div class=""vtex-store-components-3-x-productDescriptionText c-muted-1"">
<div class=""vtex-flex-layout-0-x-flexColChild vtex-flex-layout-0-x-flexColChild--pdp__main-content-info pb2"">
<div id=""id-q6svuq"" class=""vtex-disclosure-layout-1-x-content vtex-disclosure-layout-1-x-content--description-and-specification vtex-disclosure-layout-1-x-content--visible vtex-disclosure-layout-1-x-content--description-and-specification--visible"">
<div class=""vtex-store-components-3-x-productDescriptionContainer"">
<div class=""vtex-store-components-3-x-productDescriptionText c-muted-1"">
<div class=""vtex-flex-layout-0-x-flexColChild vtex-flex-layout-0-x-flexColChild--pdp__main-content-info pb2"">
<div id=""id-88bu9d"" class=""vtex-disclosure-layout-1-x-content vtex-disclosure-layout-1-x-content--description-and-specification vtex-disclosure-layout-1-x-content--visible vtex-disclosure-layout-1-x-content--description-and-specification--visible"">
<div class=""vtex-store-components-3-x-productDescriptionContainer"">
<div class=""vtex-store-components-3-x-productDescriptionText c-muted-1"">
<div class=""vtex-flex-layout-0-x-flexColChild vtex-flex-layout-0-x-flexColChild--pdp__main-content-info pb2"">
<div id=""id-88eldj"" class=""vtex-disclosure-layout-1-x-content vtex-disclosure-layout-1-x-content--description-and-specification vtex-disclosure-layout-1-x-content--visible vtex-disclosure-layout-1-x-content--description-and-specification--visible"">
<div class=""vtex-store-components-3-x-productDescriptionContainer"">
<div class=""vtex-store-components-3-x-productDescriptionText c-muted-1"">
<p class=""MsoNormal"">O sapato de couro Preto Metropolitan James Hi-Soft 32 é um produto moderno e social.</p>
<p class=""MsoNormal"">Confeccionado em couro na cor preto, o cabedal contém detalhes de perfuros e pesponto no couro. Possui pegador no calcanhar, bico arredondado o fechamento é de cadarço de amarrar.</p>
<p class=""MsoNormal"">A sola é de Micro Expandido e a palmilha é feita de P.U. com a tecnologia Hi-Soft 32, trazendo conforto aos pés.</p>
<p class=""MsoNormal"">Conceito Metropolitan – elegante, moderno, sofisticado e confortável, os modelos dessa linha estão associados à composição de visual impecável – sóbrio e formal – do homem de gosto apurado.</p>
</div>
</div>
</div>
</div>
</div>
</div>
</div>
</div>
</div>
</div>
</div>
</div>
</div>
</div>
</div>
</div>","Tema Conversão","","","","true","Tamanho do calçado","37","","","","","","0","","","deny","manual","78.00","260.00","TRUE","TRUE","","https://cdn.shopify.com/s/files/1/0721/1168/5771/files/169982-1600-1600.jpg?v=1766929948","1","https://cdn.shopify.com/s/files/1/0721/1168/5771/files/169982-1600-1600.jpg?v=1766929948","","active"
"sapato-metropolitan-james-hi-soft-32-preto","","","","","","","","","38","","","","","","0","","","deny","manual","78.00","260.00","TRUE","TRUE","","https://cdn.shopify.com/s/files/1/0721/1168/5771/files/169983-1600-1600.jpg?v=1766929948","2","https://cdn.shopify.com/s/files/1/0721/1168/5771/files/169982-1600-1600.jpg?v=1766929948","",""
"sapato-metropolitan-james-hi-soft-32-preto","","","","","","","","","39","","","","","","0","","","deny","manual","78.00","260.00","TRUE","TRUE","","https://cdn.shopify.com/s/files/1/0721/1168/5771/files/169984-1600-1600.jpg?v=1766929949","3","https://cdn.shopify.com/s/files/1/0721/1168/5771/files/169982-1600-1600.jpg?v=1766929948","",""
"sapato-metropolitan-james-hi-soft-32-preto","","","","","","","","","40","","","","","","0","","","deny","manual","78.00","260.00","TRUE","TRUE","","https://cdn.shopify.com/s/files/1/0721/1168/5771/files/169985-1600-1600.jpg?v=1766929948","4","https://cdn.shopify.com/s/files/1/0721/1168/5771/files/169982-1600-1600.jpg?v=1766929948","",""
"sapato-metropolitan-james-hi-soft-32-preto","","","","","","","","","41","","","","","","0","","","deny","manual","78.00","260.00","TRUE","TRUE","","","","https://cdn.shopify.com/s/files/1/0721/1168/5771/files/169982-1600-1600.jpg?v=1766929948","",""
"sapato-metropolitan-james-hi-soft-32-preto","","","","","","","","","42","","","","","","0","","","deny","manual","78.00","260.00","TRUE","TRUE","","","","https://cdn.shopify.com/s/files/1/0721/1168/5771/files/169982-1600-1600.jpg?v=1766929948","",""
"sapato-metropolitan-james-hi-soft-32-preto","","","","","","","","","43","","","","","","0","","","deny","manual","78.00","260.00","TRUE","TRUE","","","","https://cdn.shopify.com/s/files/1/0721/1168/5771/files/169982-1600-1600.jpg?v=1766929948","",""
"sapato-metropolitan-james-hi-soft-32-preto","","","","","","","","","44","","","","","","0","","","deny","manual","78.00","260.00","TRUE","TRUE","","","","https://cdn.shopify.com/s/files/1/0721/1168/5771/files/169982-1600-1600.jpg?v=1766929948","",""
"sapato-metropolitan-james-hi-soft-32-neve","Sapato Metropolitan James Hi-Soft 32 Neve","<div class=""vtex-flex-layout-0-x-flexColChild vtex-flex-layout-0-x-flexColChild--pdp__main-content-info pb2"">
<div class=""vtex-disclosure-layout-1-x-content vtex-disclosure-layout-1-x-content--description-and-specification vtex-disclosure-layout-1-x-content--visible vtex-disclosure-layout-1-x-content--description-and-specification--visible"" id=""id-0bq9rk"">
<div class=""vtex-store-components-3-x-productDescriptionContainer"">
<div class=""vtex-store-components-3-x-productDescriptionText c-muted-1"">
<div class=""vtex-flex-layout-0-x-flexColChild vtex-flex-layout-0-x-flexColChild--pdp__main-content-info pb2"">
<div class=""vtex-disclosure-layout-1-x-content vtex-disclosure-layout-1-x-content--description-and-specification vtex-disclosure-layout-1-x-content--visible vtex-disclosure-layout-1-x-content--description-and-specification--visible"" id=""id-q6svuq"">
<div class=""vtex-store-components-3-x-productDescriptionContainer"">
<div class=""vtex-store-components-3-x-productDescriptionText c-muted-1"">
<div class=""vtex-flex-layout-0-x-flexColChild vtex-flex-layout-0-x-flexColChild--pdp__main-content-info pb2"">
<div class=""vtex-disclosure-layout-1-x-content vtex-disclosure-layout-1-x-content--description-and-specification vtex-disclosure-layout-1-x-content--visible vtex-disclosure-layout-1-x-content--description-and-specification--visible"" id=""id-88bu9d"">
<div class=""vtex-store-components-3-x-productDescriptionContainer"">
<div class=""vtex-store-components-3-x-productDescriptionText c-muted-1"">
<div class=""vtex-flex-layout-0-x-flexColChild vtex-flex-layout-0-x-flexColChild--pdp__main-content-info pb2"">
<div class=""vtex-disclosure-layout-1-x-content vtex-disclosure-layout-1-x-content--description-and-specification vtex-disclosure-layout-1-x-content--visible vtex-disclosure-layout-1-x-content--description-and-specification--visible"" id=""id-88eldj"">
<div class=""vtex-store-components-3-x-productDescriptionContainer"">
<div class=""vtex-store-components-3-x-productDescriptionText c-muted-1"">
<p>O <span>Sapato de <a href=""https://www.democrata.com.br/couro"">Couro</a></span> Metropolitan James possuí a cor neve e traz em destaque o conforto e design moderno.</p>
<p>Ele possui cabedal com recortes no couro, puxador no calcanhar e seu fechamento é por cadarço de amarrar. Conta com sola de micro expandido de laterais brancas, dando um toque moderno ao calçado. Também possuí <span>palmilha em PU com a tecnologia hi-soft 32</span>, que oferece absoluto conforto para os seus pés.</p>
</div>
</div>
</div>
</div>
</div>
</div>
</div>
</div>
</div>
</div>
</div>
</div>
</div>
</div>
</div>
</div>","Tema Conversão","","","","true","Tamanho do calçado","37","","","","","","0","","","deny","manual","78.00","260.00","TRUE","TRUE","","https://cdn.shopify.com/s/files/1/0721/1168/5771/files/168441-1600-1600.jpg?v=1766929941","1","https://cdn.shopify.com/s/files/1/0721/1168/5771/files/168441-1600-1600.jpg?v=1766929941","","active"
"sapato-metropolitan-james-hi-soft-32-neve","","","","","","","","","38","","","","","","0","","","deny","manual","78.00","260.00","TRUE","TRUE","","https://cdn.shopify.com/s/files/1/0721/1168/5771/files/168442-1600-1600.jpg?v=1766929941","2","https://cdn.shopify.com/s/files/1/0721/1168/5771/files/168441-1600-1600.jpg?v=1766929941","",""
"sapato-metropolitan-james-hi-soft-32-neve","","","","","","","","","39","","","","","","0","","","deny","manual","78.00","260.00","TRUE","TRUE","","https://cdn.shopify.com/s/files/1/0721/1168/5771/files/168443-1600-1600.jpg?v=1766929941","3","https://cdn.shopify.com/s/files/1/0721/1168/5771/files/168441-1600-1600.jpg?v=1766929941","",""
"sapato-metropolitan-james-hi-soft-32-neve","","","","","","","","","40","","","","","","0","","","deny","manual","78.00","260.00","TRUE","TRUE","","https://cdn.shopify.com/s/files/1/0721/1168/5771/files/168444-1600-1600.jpg?v=1766929941","4","https://cdn.shopify.com/s/files/1/0721/1168/5771/files/168441-1600-1600.jpg?v=1766929941","",""
"sapato-metropolitan-james-hi-soft-32-neve","","","","","","","","","41","","","","","","0","","","deny","manual","78.00","260.00","TRUE","TRUE","","","","https://cdn.shopify.com/s/files/1/0721/1168/5771/files/168441-1600-1600.jpg?v=1766929941","",""
"sapato-metropolitan-james-hi-soft-32-neve","","","","","","","","","42","","","","","","0","","","deny","manual","78.00","260.00","TRUE","TRUE","","","","https://cdn.shopify.com/s/files/1/0721/1168/5771/files/168441-1600-1600.jpg?v=1766929941","",""
"sapato-metropolitan-james-hi-soft-32-neve","","","","","","","","","43","","","","","","0","","","deny","manual","78.00","260.00","TRUE","TRUE","","","","https://cdn.shopify.com/s/files/1/0721/1168/5771/files/168441-1600-1600.jpg?v=1766929941","",""
"sapato-metropolitan-james-hi-soft-32-neve","","","","","","","","","44","","","","","","0","","","deny","manual","78.00","260.00","TRUE","TRUE","","","","https://cdn.shopify.com/s/files/1/0721/1168/5771/files/168441-1600-1600.jpg?v=1766929941","",""
"sapato-metropolitan-james-hi-soft-32-mogno","Sapato Metropolitan James Hi-Soft 32 Mogno","<div class=""vtex-flex-layout-0-x-flexColChild vtex-flex-layout-0-x-flexColChild--pdp__main-content-info pb2"">
<div id=""id-0bq9rk"" class=""vtex-disclosure-layout-1-x-content vtex-disclosure-layout-1-x-content--description-and-specification vtex-disclosure-layout-1-x-content--visible vtex-disclosure-layout-1-x-content--description-and-specification--visible"">
<div class=""vtex-store-components-3-x-productDescriptionContainer"">
<div class=""vtex-store-components-3-x-productDescriptionText c-muted-1"">
<div class=""vtex-flex-layout-0-x-flexColChild vtex-flex-layout-0-x-flexColChild--pdp__main-content-info pb2"">
<div id=""id-q6svuq"" class=""vtex-disclosure-layout-1-x-content vtex-disclosure-layout-1-x-content--description-and-specification vtex-disclosure-layout-1-x-content--visible vtex-disclosure-layout-1-x-content--description-and-specification--visible"">
<div class=""vtex-store-components-3-x-productDescriptionContainer"">
<div class=""vtex-store-components-3-x-productDescriptionText c-muted-1"">
<div class=""vtex-flex-layout-0-x-flexColChild vtex-flex-layout-0-x-flexColChild--pdp__main-content-info pb2"">
<div id=""id-88bu9d"" class=""vtex-disclosure-layout-1-x-content vtex-disclosure-layout-1-x-content--description-and-specification vtex-disclosure-layout-1-x-content--visible vtex-disclosure-layout-1-x-content--description-and-specification--visible"">
<div class=""vtex-store-components-3-x-productDescriptionContainer"">
<div class=""vtex-store-components-3-x-productDescriptionText c-muted-1"">
<div class=""vtex-flex-layout-0-x-flexColChild vtex-flex-layout-0-x-flexColChild--pdp__main-content-info pb2"">
<div id=""id-88eldj"" class=""vtex-disclosure-layout-1-x-content vtex-disclosure-layout-1-x-content--description-and-specification vtex-disclosure-layout-1-x-content--visible vtex-disclosure-layout-1-x-content--description-and-specification--visible"">
<div class=""vtex-store-components-3-x-productDescriptionContainer"">
<div class=""vtex-store-components-3-x-productDescriptionText c-muted-1"">
<p class=""MsoNormal"">O sapato de couro Mogno Metropolitan James Hi-Soft 32 é um produto moderno e social.</p>
<p class=""MsoNormal"">Confeccionado em couro na cor mogno, o cabedal contém detalhes de perfuros e pesponto no couro. Possui pegador no calcanhar, bico arredondado o fechamento é de cadarço de amarrar.</p>
<p class=""MsoNormal"">A sola é de Micro Expandido e a palmilha é feita de P.U. com a tecnologia Hi-Soft 32, trazendo conforto aos pés.</p>
<p class=""MsoNormal"">Conceito Metropolitan – elegante, moderno, sofisticado e confortável, os modelos dessa linha estão associados à composição de visual impecável – sóbrio e formal – do homem de gosto apurado.</p>
</div>
</div>
</div>
</div>
</div>
</div>
</div>
</div>
</div>
</div>
</div>
</div>
</div>
</div>
</div>
</div>","Tema Conversão","","","","true","Tamanho do calçado","37","","","","","","0","","","deny","manual","78.00","260.00","TRUE","TRUE","","https://cdn.shopify.com/s/files/1/0721/1168/5771/files/169986-1600-1600.jpg?v=1766929945","1","https://cdn.shopify.com/s/files/1/0721/1168/5771/files/169986-1600-1600.jpg?v=1766929945","","active"
"sapato-metropolitan-james-hi-soft-32-mogno","","","","","","","","","38","","","","","","0","","","deny","manual","78.00","260.00","TRUE","TRUE","","https://cdn.shopify.com/s/files/1/0721/1168/5771/files/169987-1600-1600.jpg?v=1766929945","2","https://cdn.shopify.com/s/files/1/0721/1168/5771/files/169986-1600-1600.jpg?v=1766929945","",""
"sapato-metropolitan-james-hi-soft-32-mogno","","","","","","","","","39","","","","","","0","","","deny","manual","78.00","260.00","TRUE","TRUE","","https://cdn.shopify.com/s/files/1/0721/1168/5771/files/169988-1600-1600.jpg?v=1766929945","3","https://cdn.shopify.com/s/files/1/0721/1168/5771/files/169986-1600-1600.jpg?v=1766929945","",""
"sapato-metropolitan-james-hi-soft-32-mogno","","","","","","","","","40","","","","","","0","","","deny","manual","78.00","260.00","TRUE","TRUE","","https://cdn.shopify.com/s/files/1/0721/1168/5771/files/169990-1600-1600.jpg?v=1766929945","4","https://cdn.shopify.com/s/files/1/0721/1168/5771/files/169986-1600-1600.jpg?v=1766929945","",""
"sapato-metropolitan-james-hi-soft-32-mogno","","","","","","","","","41","","","","","","0","","","deny","manual","78.00","260.00","TRUE","TRUE","","","","https://cdn.shopify.com/s/files/1/0721/1168/5771/files/169986-1600-1600.jpg?v=1766929945","",""
"sapato-metropolitan-james-hi-soft-32-mogno","","","","","","","","","42","","","","","","0","","","deny","manual","78.00","260.00","TRUE","TRUE","","","","https://cdn.shopify.com/s/files/1/0721/1168/5771/files/169986-1600-1600.jpg?v=1766929945","",""
"sapato-metropolitan-james-hi-soft-32-mogno","","","","","","","","","43","","","","","","0","","","deny","manual","78.00","260.00","TRUE","TRUE","","","","https://cdn.shopify.com/s/files/1/0721/1168/5771/files/169986-1600-1600.jpg?v=1766929945","",""
"sapato-metropolitan-james-hi-soft-32-mogno","","","","","","","","","44","","","","","","0","","","deny","manual","78.00","260.00","TRUE","TRUE","","","","https://cdn.shopify.com/s/files/1/0721/1168/5771/files/169986-1600-1600.jpg?v=1766929945","",""
"sapato-metropolitan-harry-preto","Sapato Metropolitan Harry Preto","<div class=""vtex-flex-layout-0-x-flexColChild vtex-flex-layout-0-x-flexColChild--pdp__main-content-info pb2"">
<div id=""id-0bq9rk"" class=""vtex-disclosure-layout-1-x-content vtex-disclosure-layout-1-x-content--description-and-specification vtex-disclosure-layout-1-x-content--visible vtex-disclosure-layout-1-x-content--description-and-specification--visible"">
<div class=""vtex-store-components-3-x-productDescriptionContainer"">
<div class=""vtex-store-components-3-x-productDescriptionText c-muted-1"">
<div class=""vtex-flex-layout-0-x-flexColChild vtex-flex-layout-0-x-flexColChild--pdp__main-content-info pb2"">
<div id=""id-q6svuq"" class=""vtex-disclosure-layout-1-x-content vtex-disclosure-layout-1-x-content--description-and-specification vtex-disclosure-layout-1-x-content--visible vtex-disclosure-layout-1-x-content--description-and-specification--visible"">
<div class=""vtex-store-components-3-x-productDescriptionContainer"">
<div class=""vtex-store-components-3-x-productDescriptionText c-muted-1"">
<h5>Linha Metropolitan.</h5>
<h5>Elegantes, modernos, sofisticados e confortáveis, os modelos dessa linha estão associados à composição de visual impecável – sóbrio e formal – do homem de gosto apurado.<br><br>Sapato confeccionado em couro, na cor preto, forro em sintético. Sola produzida em borracha com antiderrapante e salto.<br>Salto = 2,5cm.</h5>
</div>
</div>
</div>
</div>
<div class=""vtex-flex-layout-0-x-flexColChild vtex-flex-layout-0-x-flexColChild--pdp__main-content-info pb0"">
<div class=""vtex-store-components-3-x-shareContainer db"">
<div class=""vtex-store-components-3-x-shareLabel c-muted-2 t-small mb3"">Compartilhar</div>
<div class=""vtex-store-components-3-x-shareButtons flex flex-row""></div>
</div>
</div>
</div>
</div>
</div>
</div>","Tema Conversão","","","","true","Tamanho do calçado","37","","","","","","0","","","deny","manual","66.00","220.00","TRUE","TRUE","","https://cdn.shopify.com/s/files/1/0721/1168/5771/files/167979-1600-1600.jpg?v=1766929960","1","https://cdn.shopify.com/s/files/1/0721/1168/5771/files/167979-1600-1600.jpg?v=1766929960","","active"
"sapato-metropolitan-harry-preto","","","","","","","","","38","","","","","","0","","","deny","manual","66.00","220.00","TRUE","TRUE","","https://cdn.shopify.com/s/files/1/0721/1168/5771/files/167980-1600-1600.jpg?v=1766929960","2","https://cdn.shopify.com/s/files/1/0721/1168/5771/files/167979-1600-1600.jpg?v=1766929960","",""
"sapato-metropolitan-harry-preto","","","","","","","","","39","","","","","","0","","","deny","manual","66.00","220.00","TRUE","TRUE","","https://cdn.shopify.com/s/files/1/0721/1168/5771/files/167981-1600-1600.jpg?v=1766929961","3","https://cdn.shopify.com/s/files/1/0721/1168/5771/files/167979-1600-1600.jpg?v=1766929960","",""
"sapato-metropolitan-harry-preto","","","","","","","","","40","","","","","","0","","","deny","manual","66.00","220.00","TRUE","TRUE","","https://cdn.shopify.com/s/files/1/0721/1168/5771/files/167982-1600-1600.jpg?v=1766929960","4","https://cdn.shopify.com/s/files/1/0721/1168/5771/files/167979-1600-1600.jpg?v=1766929960","",""
"sapato-metropolitan-harry-preto","","","","","","","","","41","","","","","","0","","","deny","manual","66.00","220.00","TRUE","TRUE","","","","https://cdn.shopify.com/s/files/1/0721/1168/5771/files/167979-1600-1600.jpg?v=1766929960","",""
"sapato-metropolitan-harry-preto","","","","","","","","","42","","","","","","0","","","deny","manual","66.00","220.00","TRUE","TRUE","","","","https://cdn.shopify.com/s/files/1/0721/1168/5771/files/167979-1600-1600.jpg?v=1766929960","",""
"sapato-metropolitan-harry-preto","","","","","","","","","43","","","","","","0","","","deny","manual","66.00","220.00","TRUE","TRUE","","","","https://cdn.shopify.com/s/files/1/0721/1168/5771/files/167979-1600-1600.jpg?v=1766929960","",""
"sapato-metropolitan-harry-preto","","","","","","","","","44","","","","","","0","","","deny","manual","66.00","220.00","TRUE","TRUE","","","","https://cdn.shopify.com/s/files/1/0721/1168/5771/files/167979-1600-1600.jpg?v=1766929960","",""
"sapato-metropolitan-harry-marrom","Sapato Metropolitan Harry Marrom","<h5>Linha Metropolitan.</h5>
<h5>Elegantes, modernos, sofisticados e confortáveis, os modelos dessa linha estão associados à composição de visual impecável – sóbrio e formal – do homem de gosto apurado.<br><br>Sapato confeccionado em couro, na cor marrom, forro em sintético. Sola produzida em borracha com antiderrapante e salto.<br>Salto = 2,5cm.</h5>","Tema Conversão","","","","true","Tamanho do calçado","37","","","","","","0","","","deny","manual","110.00","220.00","TRUE","TRUE","","https://cdn.shopify.com/s/files/1/0721/1168/5771/files/170350-1600-1600.jpg?v=1766929968","1","https://cdn.shopify.com/s/files/1/0721/1168/5771/files/170350-1600-1600.jpg?v=1766929968","","active"
"sapato-metropolitan-harry-marrom","","","","","","","","","38","","","","","","0","","","deny","manual","110.00","220.00","TRUE","TRUE","","https://cdn.shopify.com/s/files/1/0721/1168/5771/files/170351-1600-1600.jpg?v=1766929968","2","https://cdn.shopify.com/s/files/1/0721/1168/5771/files/170350-1600-1600.jpg?v=1766929968","",""
"sapato-metropolitan-harry-marrom","","","","","","","","","39","","","","","","0","","","deny","manual","110.00","220.00","TRUE","TRUE","","https://cdn.shopify.com/s/files/1/0721/1168/5771/files/170352-1600-1600.jpg?v=1766929968","3","https://cdn.shopify.com/s/files/1/0721/1168/5771/files/170350-1600-1600.jpg?v=1766929968","",""
"sapato-metropolitan-harry-marrom","","","","","","","","","40","","","","","","0","","","deny","manual","110.00","220.00","TRUE","TRUE","","https://cdn.shopify.com/s/files/1/0721/1168/5771/files/170353-1600-1600.jpg?v=1766929968","4","https://cdn.shopify.com/s/files/1/0721/1168/5771/files/170350-1600-1600.jpg?v=1766929968","",""
"sapato-metropolitan-harry-marrom","","","","","","","","","41","","","","","","0","","","deny","manual","110.00","220.00","TRUE","TRUE","","","","https://cdn.shopify.com/s/files/1/0721/1168/5771/files/170350-1600-1600.jpg?v=1766929968","",""
"sapato-metropolitan-harry-marrom","","","","","","","","","42","","","","","","0","","","deny","manual","110.00","220.00","TRUE","TRUE","","","","https://cdn.shopify.com/s/files/1/0721/1168/5771/files/170350-1600-1600.jpg?v=1766929968","",""
"sapato-metropolitan-harry-marrom","","","","","","","","","43","","","","","","0","","","deny","manual","110.00","220.00","TRUE","TRUE","","","","https://cdn.shopify.com/s/files/1/0721/1168/5771/files/170350-1600-1600.jpg?v=1766929968","",""
"sapato-metropolitan-harry-marrom","","","","","","","","","44","","","","","","0","","","deny","manual","110.00","220.00","TRUE","TRUE","","","","https://cdn.shopify.com/s/files/1/0721/1168/5771/files/170350-1600-1600.jpg?v=1766929968","",""
"sapato-metropolitan-de-couro-bay-preto","Sapato Metropolitan De Couro Bay Preto","<div class=""vtex-flex-layout-0-x-flexColChild vtex-flex-layout-0-x-flexColChild--pdp__main-content-info pb2"">
<div id=""id-0bq9rk"" class=""vtex-disclosure-layout-1-x-content vtex-disclosure-layout-1-x-content--description-and-specification vtex-disclosure-layout-1-x-content--visible vtex-disclosure-layout-1-x-content--description-and-specification--visible"">
<div class=""vtex-store-components-3-x-productDescriptionContainer"">
<div class=""vtex-store-components-3-x-productDescriptionText c-muted-1"">
<div class=""vtex-flex-layout-0-x-flexColChild vtex-flex-layout-0-x-flexColChild--pdp__main-content-info pb2"">
<div id=""id-q6svuq"" class=""vtex-disclosure-layout-1-x-content vtex-disclosure-layout-1-x-content--description-and-specification vtex-disclosure-layout-1-x-content--visible vtex-disclosure-layout-1-x-content--description-and-specification--visible"">
<div class=""vtex-store-components-3-x-productDescriptionContainer"">
<div class=""vtex-store-components-3-x-productDescriptionText c-muted-1"">
<div class=""vtex-flex-layout-0-x-flexColChild vtex-flex-layout-0-x-flexColChild--pdp__main-content-info pb2"">
<div id=""id-88bu9d"" class=""vtex-disclosure-layout-1-x-content vtex-disclosure-layout-1-x-content--description-and-specification vtex-disclosure-layout-1-x-content--visible vtex-disclosure-layout-1-x-content--description-and-specification--visible"">
<div class=""vtex-store-components-3-x-productDescriptionContainer"">
<div class=""vtex-store-components-3-x-productDescriptionText c-muted-1"">
<div class=""vtex-flex-layout-0-x-flexColChild vtex-flex-layout-0-x-flexColChild--pdp__main-content-info pb2"">
<div id=""id-88eldj"" class=""vtex-disclosure-layout-1-x-content vtex-disclosure-layout-1-x-content--description-and-specification vtex-disclosure-layout-1-x-content--visible vtex-disclosure-layout-1-x-content--description-and-specification--visible"">
<div class=""vtex-store-components-3-x-productDescriptionContainer"">
<div class=""vtex-store-components-3-x-productDescriptionText c-muted-1"">
<p>O <span>Sapato Metropolitan Bay </span>é confeccionado <span>em couro na cor Preto. Possui fechamento em cadarço de amarrar</span>, cabedal detalhado com recortes e perfuros no couro. O sapato de couro traz sola de micro expandido e palmilha fixa.</p>
<p>Linha Metropolitan - Elegantes, modernos, sofisticados e confortáveis, os modelos dessa linha estão associados à composição de visual impecável – sóbrio e formal – do homem de gosto apurado.</p>
<p>Características</p>
<p>Salto: 2,5cm</p>
</div>
</div>
</div>
</div>
</div>
</div>
</div>
</div>
</div>
</div>
</div>
</div>
</div>
</div>
</div>
</div>","Tema Conversão","","","","true","Tamanho do calçado","37","","","","","","0","","","deny","manual","90.00","300.00","TRUE","TRUE","","https://cdn.shopify.com/s/files/1/0721/1168/5771/files/168751-1600-1600.jpg?v=1766929902","1","https://cdn.shopify.com/s/files/1/0721/1168/5771/files/168751-1600-1600.jpg?v=1766929902","","active"
"sapato-metropolitan-de-couro-bay-preto","","","","","","","","","38","","","","","","0","","","deny","manual","90.00","300.00","TRUE","TRUE","","https://cdn.shopify.com/s/files/1/0721/1168/5771/files/168752-1600-1600.jpg?v=1766929902","2","https://cdn.shopify.com/s/files/1/0721/1168/5771/files/168751-1600-1600.jpg?v=1766929902","",""
"sapato-metropolitan-de-couro-bay-preto","","","","","","","","","39","","","","","","0","","","deny","manual","90.00","300.00","TRUE","TRUE","","https://cdn.shopify.com/s/files/1/0721/1168/5771/files/168753-1600-1600.jpg?v=1766929902","3","https://cdn.shopify.com/s/files/1/0721/1168/5771/files/168751-1600-1600.jpg?v=1766929902","",""
"sapato-metropolitan-de-couro-bay-preto","","","","","","","","","40","","","","","","0","","","deny","manual","90.00","300.00","TRUE","TRUE","","https://cdn.shopify.com/s/files/1/0721/1168/5771/files/168754-1600-1600.jpg?v=1766929902","4","https://cdn.shopify.com/s/files/1/0721/1168/5771/files/168751-1600-1600.jpg?v=1766929902","",""
"sapato-metropolitan-de-couro-bay-preto","","","","","","","","","41","","","","","","0","","","deny","manual","90.00","300.00","TRUE","TRUE","","","","https://cdn.shopify.com/s/files/1/0721/1168/5771/files/168751-1600-1600.jpg?v=1766929902","",""
"sapato-metropolitan-de-couro-bay-preto","","","","","","","","","42","","","","","","0","","","deny","manual","90.00","300.00","TRUE","TRUE","","","","https://cdn.shopify.com/s/files/1/0721/1168/5771/files/168751-1600-1600.jpg?v=1766929902","",""
"sapato-metropolitan-de-couro-bay-preto","","","","","","","","","43","","","","","","0","","","deny","manual","90.00","300.00","TRUE","TRUE","","","","https://cdn.shopify.com/s/files/1/0721/1168/5771/files/168751-1600-1600.jpg?v=1766929902","",""
"sapato-metropolitan-de-couro-bay-preto","","","","","","","","","44","","","","","","0","","","deny","manual","90.00","300.00","TRUE","TRUE","","","","https://cdn.shopify.com/s/files/1/0721/1168/5771/files/168751-1600-1600.jpg?v=1766929902","",""
"sapato-metropolitan-collin-ultra-light-tan","Sapato Metropolitan Collin Ultra Light Tan","<div class=""vtex-flex-layout-0-x-flexColChild vtex-flex-layout-0-x-flexColChild--pdp__main-content-info pb2"">
<div id=""id-0bq9rk"" class=""vtex-disclosure-layout-1-x-content vtex-disclosure-layout-1-x-content--description-and-specification vtex-disclosure-layout-1-x-content--visible vtex-disclosure-layout-1-x-content--description-and-specification--visible"">
<div class=""vtex-store-components-3-x-productDescriptionContainer"">
<div class=""vtex-store-components-3-x-productDescriptionText c-muted-1"">
<div class=""vtex-flex-layout-0-x-flexColChild vtex-flex-layout-0-x-flexColChild--pdp__main-content-info pb2"">
<div id=""id-q6svuq"" class=""vtex-disclosure-layout-1-x-content vtex-disclosure-layout-1-x-content--description-and-specification vtex-disclosure-layout-1-x-content--visible vtex-disclosure-layout-1-x-content--description-and-specification--visible"">
<div class=""vtex-store-components-3-x-productDescriptionContainer"">
<div class=""vtex-store-components-3-x-productDescriptionText c-muted-1"">
<div class=""vtex-flex-layout-0-x-flexColChild vtex-flex-layout-0-x-flexColChild--pdp__main-content-info pb2"">
<div id=""id-88bu9d"" class=""vtex-disclosure-layout-1-x-content vtex-disclosure-layout-1-x-content--description-and-specification vtex-disclosure-layout-1-x-content--visible vtex-disclosure-layout-1-x-content--description-and-specification--visible"">
<div class=""vtex-store-components-3-x-productDescriptionContainer"">
<div class=""vtex-store-components-3-x-productDescriptionText c-muted-1"">
<div class=""vtex-flex-layout-0-x-flexColChild vtex-flex-layout-0-x-flexColChild--pdp__main-content-info pb2"">
<div id=""id-88eldj"" class=""vtex-disclosure-layout-1-x-content vtex-disclosure-layout-1-x-content--description-and-specification vtex-disclosure-layout-1-x-content--visible vtex-disclosure-layout-1-x-content--description-and-specification--visible"">
<div class=""vtex-store-components-3-x-productDescriptionContainer"">
<div class=""vtex-store-components-3-x-productDescriptionText c-muted-1"">
<p class=""MsoNormal"">O Sapato Metropolitan Collin Tan Ultra Light é um produto social e moderno.</p>
<p class=""MsoNormal""> </p>
<p class=""MsoNormal"">O sapato Metropolitan Collin é confeccionado em couro na cor tan. O fechamento é de elástico, bico arredondado, forro de tecido e a palmilha é feita de fibra. Seu solado é feito de EVA.</p>
<p class=""MsoNormal"">Este modelo contém a tecnologia Ultra Light – leve, macio, flexível e versátil.</p>
<p class=""MsoNormal""> </p>
<p class=""MsoNormal"">Conceito Metropolitan – elegante, moderno, sofisticado e confortável, os modelos dessa linha estão associados à composição de visual impecável – sóbrio e formal – do homem de gosto apurado.</p>
</div>
</div>
</div>
</div>
</div>
</div>
</div>
</div>
</div>
</div>
</div>
</div>
</div>
</div>
</div>
</div>","Tema Conversão","","","","true","Tamanho do calçado","37","","","","","","0","","","deny","manual","102.00","340.00","TRUE","TRUE","","https://cdn.shopify.com/s/files/1/0721/1168/5771/files/170037-1600-1600.jpg?v=1766929930","1","https://cdn.shopify.com/s/files/1/0721/1168/5771/files/170037-1600-1600.jpg?v=1766929930","","active"
"sapato-metropolitan-collin-ultra-light-tan","","","","","","","","","38","","","","","","0","","","deny","manual","102.00","340.00","TRUE","TRUE","","https://cdn.shopify.com/s/files/1/0721/1168/5771/files/170038-1600-1600.jpg?v=1766929930","2","https://cdn.shopify.com/s/files/1/0721/1168/5771/files/170037-1600-1600.jpg?v=1766929930","",""
"sapato-metropolitan-collin-ultra-light-tan","","","","","","","","","39","","","","","","0","","","deny","manual","102.00","340.00","TRUE","TRUE","","https://cdn.shopify.com/s/files/1/0721/1168/5771/files/170039-1600-1600.jpg?v=1766929930","3","https://cdn.shopify.com/s/files/1/0721/1168/5771/files/170037-1600-1600.jpg?v=1766929930","",""
"sapato-metropolitan-collin-ultra-light-tan","","","","","","","","","40","","","","","","0","","","deny","manual","102.00","340.00","TRUE","TRUE","","https://cdn.shopify.com/s/files/1/0721/1168/5771/files/170040-1600-1600.jpg?v=1766929930","4","https://cdn.shopify.com/s/files/1/0721/1168/5771/files/170037-1600-1600.jpg?v=1766929930","",""
"sapato-metropolitan-collin-ultra-light-tan","","","","","","","","","41","","","","","","0","","","deny","manual","102.00","340.00","TRUE","TRUE","","","","https://cdn.shopify.com/s/files/1/0721/1168/5771/files/170037-1600-1600.jpg?v=1766929930","",""
"sapato-metropolitan-collin-ultra-light-tan","","","","","","","","","42","","","","","","0","","","deny","manual","102.00","340.00","TRUE","TRUE","","","","https://cdn.shopify.com/s/files/1/0721/1168/5771/files/170037-1600-1600.jpg?v=1766929930","",""
"sapato-metropolitan-collin-ultra-light-tan","","","","","","","","","43","","","","","","0","","","deny","manual","102.00","340.00","TRUE","TRUE","","","","https://cdn.shopify.com/s/files/1/0721/1168/5771/files/170037-1600-1600.jpg?v=1766929930","",""
"sapato-metropolitan-collin-ultra-light-tan","","","","","","","","","44","","","","","","0","","","deny","manual","102.00","340.00","TRUE","TRUE","","","","https://cdn.shopify.com/s/files/1/0721/1168/5771/files/170037-1600-1600.jpg?v=1766929930","",""
"sapato-metropolitan-collin-ultra-light-preto","Sapato Metropolitan Collin Ultra Light Preto","<div class=""vtex-flex-layout-0-x-flexColChild vtex-flex-layout-0-x-flexColChild--pdp__main-content-info pb2"">
<div id=""id-0bq9rk"" class=""vtex-disclosure-layout-1-x-content vtex-disclosure-layout-1-x-content--description-and-specification vtex-disclosure-layout-1-x-content--visible vtex-disclosure-layout-1-x-content--description-and-specification--visible"">
<div class=""vtex-store-components-3-x-productDescriptionContainer"">
<div class=""vtex-store-components-3-x-productDescriptionText c-muted-1"">
<div class=""vtex-flex-layout-0-x-flexColChild vtex-flex-layout-0-x-flexColChild--pdp__main-content-info pb2"">
<div id=""id-q6svuq"" class=""vtex-disclosure-layout-1-x-content vtex-disclosure-layout-1-x-content--description-and-specification vtex-disclosure-layout-1-x-content--visible vtex-disclosure-layout-1-x-content--description-and-specification--visible"">
<div class=""vtex-store-components-3-x-productDescriptionContainer"">
<div class=""vtex-store-components-3-x-productDescriptionText c-muted-1"">
<div class=""vtex-flex-layout-0-x-flexColChild vtex-flex-layout-0-x-flexColChild--pdp__main-content-info pb2"">
<div id=""id-88bu9d"" class=""vtex-disclosure-layout-1-x-content vtex-disclosure-layout-1-x-content--description-and-specification vtex-disclosure-layout-1-x-content--visible vtex-disclosure-layout-1-x-content--description-and-specification--visible"">
<div class=""vtex-store-components-3-x-productDescriptionContainer"">
<div class=""vtex-store-components-3-x-productDescriptionText c-muted-1"">
<div class=""vtex-flex-layout-0-x-flexColChild vtex-flex-layout-0-x-flexColChild--pdp__main-content-info pb2"">
<div id=""id-88eldj"" class=""vtex-disclosure-layout-1-x-content vtex-disclosure-layout-1-x-content--description-and-specification vtex-disclosure-layout-1-x-content--visible vtex-disclosure-layout-1-x-content--description-and-specification--visible"">
<div class=""vtex-store-components-3-x-productDescriptionContainer"">
<div class=""vtex-store-components-3-x-productDescriptionText c-muted-1"">
<p class=""MsoNormal"">Sapato Metropolitan Collin Ultra Light Preto é um  produto social e moderno.</p>
<p class=""MsoNormal""> </p>
<p class=""MsoNormal"">O sapato Metropolitan Collin Ultra Light é confeccionado em couro na cor preto. O fechamento é em elástico, bico arredondado, forro de tecido e a palmilha feita de Fibra. Seu solado é feita de EVA.</p>
<p class=""MsoNormal"">Este modelo contém a tecnologia Ultra Light – leve, macio, flexível e versátil.</p>
<p class=""MsoNormal""> </p>
<p class=""MsoNormal"">Conceito Metropolitan – elegante, moderno, sofisticado e confortável, os modelos dessa linha estão associados à composição de visual impecável – sóbrio e formal – do homem de gosto apurado.</p>
</div>
</div>
</div>
</div>
</div>
</div>
</div>
</div>
</div>
</div>
</div>
</div>
</div>
</div>
</div>
</div>","Tema Conversão","","","","true","Tamanho do calçado","37","","","","","","0","","","deny","manual","102.00","340.00","TRUE","TRUE","","https://cdn.shopify.com/s/files/1/0721/1168/5771/files/169739-1600-1600.jpg?v=1766929928","1","https://cdn.shopify.com/s/files/1/0721/1168/5771/files/169739-1600-1600.jpg?v=1766929928","","active"
"sapato-metropolitan-collin-ultra-light-preto","","","","","","","","","38","","","","","","0","","","deny","manual","102.00","340.00","TRUE","TRUE","","https://cdn.shopify.com/s/files/1/0721/1168/5771/files/169740-1600-1600.jpg?v=1766929928","2","https://cdn.shopify.com/s/files/1/0721/1168/5771/files/169739-1600-1600.jpg?v=1766929928","",""
"sapato-metropolitan-collin-ultra-light-preto","","","","","","","","","39","","","","","","0","","","deny","manual","102.00","340.00","TRUE","TRUE","","https://cdn.shopify.com/s/files/1/0721/1168/5771/files/169741-1600-1600.jpg?v=1766929928","3","https://cdn.shopify.com/s/files/1/0721/1168/5771/files/169739-1600-1600.jpg?v=1766929928","",""
"sapato-metropolitan-collin-ultra-light-preto","","","","","","","","","40","","","","","","0","","","deny","manual","102.00","340.00","TRUE","TRUE","","https://cdn.shopify.com/s/files/1/0721/1168/5771/files/169743-1600-1600.jpg?v=1766929928","4","https://cdn.shopify.com/s/files/1/0721/1168/5771/files/169739-1600-1600.jpg?v=1766929928","",""
"sapato-metropolitan-collin-ultra-light-preto","","","","","","","","","41","","","","","","0","","","deny","manual","102.00","340.00","TRUE","TRUE","","","","https://cdn.shopify.com/s/files/1/0721/1168/5771/files/169739-1600-1600.jpg?v=1766929928","",""
"sapato-metropolitan-collin-ultra-light-preto","","","","","","","","","42","","","","","","0","","","deny","manual","102.00","340.00","TRUE","TRUE","","","","https://cdn.shopify.com/s/files/1/0721/1168/5771/files/169739-1600-1600.jpg?v=1766929928","",""
"sapato-metropolitan-collin-ultra-light-preto","","","","","","","","","43","","","","","","0","","","deny","manual","102.00","340.00","TRUE","TRUE","","","","https://cdn.shopify.com/s/files/1/0721/1168/5771/files/169739-1600-1600.jpg?v=1766929928","",""
"sapato-metropolitan-collin-ultra-light-preto","","","","","","","","","44","","","","","","0","","","deny","manual","102.00","340.00","TRUE","TRUE","","","","https://cdn.shopify.com/s/files/1/0721/1168/5771/files/169739-1600-1600.jpg?v=1766929928","",""
"sapato-metropolitan-collin-ultra-light-mogno","Sapato Metropolitan Collin Ultra Light Mogno","<div class=""vtex-flex-layout-0-x-flexColChild vtex-flex-layout-0-x-flexColChild--pdp__main-content-info pb2"">
<div id=""id-0bq9rk"" class=""vtex-disclosure-layout-1-x-content vtex-disclosure-layout-1-x-content--description-and-specification vtex-disclosure-layout-1-x-content--visible vtex-disclosure-layout-1-x-content--description-and-specification--visible"">
<div class=""vtex-store-components-3-x-productDescriptionContainer"">
<div class=""vtex-store-components-3-x-productDescriptionText c-muted-1"">
<div class=""vtex-flex-layout-0-x-flexColChild vtex-flex-layout-0-x-flexColChild--pdp__main-content-info pb2"">
<div id=""id-q6svuq"" class=""vtex-disclosure-layout-1-x-content vtex-disclosure-layout-1-x-content--description-and-specification vtex-disclosure-layout-1-x-content--visible vtex-disclosure-layout-1-x-content--description-and-specification--visible"">
<div class=""vtex-store-components-3-x-productDescriptionContainer"">
<div class=""vtex-store-components-3-x-productDescriptionText c-muted-1"">
<div class=""vtex-flex-layout-0-x-flexColChild vtex-flex-layout-0-x-flexColChild--pdp__main-content-info pb2"">
<div id=""id-88bu9d"" class=""vtex-disclosure-layout-1-x-content vtex-disclosure-layout-1-x-content--description-and-specification vtex-disclosure-layout-1-x-content--visible vtex-disclosure-layout-1-x-content--description-and-specification--visible"">
<div class=""vtex-store-components-3-x-productDescriptionContainer"">
<div class=""vtex-store-components-3-x-productDescriptionText c-muted-1"">
<div class=""vtex-flex-layout-0-x-flexColChild vtex-flex-layout-0-x-flexColChild--pdp__main-content-info pb2"">
<div id=""id-88eldj"" class=""vtex-disclosure-layout-1-x-content vtex-disclosure-layout-1-x-content--description-and-specification vtex-disclosure-layout-1-x-content--visible vtex-disclosure-layout-1-x-content--description-and-specification--visible"">
<div class=""vtex-store-components-3-x-productDescriptionContainer"">
<div class=""vtex-store-components-3-x-productDescriptionText c-muted-1"">
<p class=""MsoNormal"">Sapato Metropolitan Collin Ultra Light Mogno é um produto social e moderno.</p>
<p class=""MsoNormal""> </p>
<p class=""MsoNormal"">O sapato Metropolitan Collin Ultra Light é confeccionado em couro na cor mogno. O fechamento é em elástico, bico arredondado, forro de tecido e a palmilha feita de Fibra. Seu solado é feita de EVA.</p>
<p class=""MsoNormal"">Este modelo contém a tecnologia Ultra Light – leve, macio, flexível e versátil.</p>
<p class=""MsoNormal""> </p>
<p class=""MsoNormal"">Conceito Metropolitan – elegante, moderno, sofisticado e confortável, os modelos dessa linha estão associados à composição de visual impecável – sóbrio e formal – do homem de gosto apurado.</p>
</div>
</div>
</div>
</div>
</div>
</div>
</div>
</div>
</div>
</div>
</div>
</div>
</div>
</div>
</div>
</div>","Tema Conversão","","","","true","Tamanho do calçado","37","","","","","","0","","","deny","manual","102.00","340.00","TRUE","TRUE","","https://cdn.shopify.com/s/files/1/0721/1168/5771/files/169744-1600-1600.jpg?v=1766929927","1","https://cdn.shopify.com/s/files/1/0721/1168/5771/files/169744-1600-1600.jpg?v=1766929927","","active"
"sapato-metropolitan-collin-ultra-light-mogno","","","","","","","","","38","","","","","","0","","","deny","manual","102.00","340.00","TRUE","TRUE","","https://cdn.shopify.com/s/files/1/0721/1168/5771/files/169745-1600-1600.jpg?v=1766929927","2","https://cdn.shopify.com/s/files/1/0721/1168/5771/files/169744-1600-1600.jpg?v=1766929927","",""
"sapato-metropolitan-collin-ultra-light-mogno","","","","","","","","","39","","","","","","0","","","deny","manual","102.00","340.00","TRUE","TRUE","","https://cdn.shopify.com/s/files/1/0721/1168/5771/files/169746-1600-1600.jpg?v=1766929928","3","https://cdn.shopify.com/s/files/1/0721/1168/5771/files/169744-1600-1600.jpg?v=1766929927","",""
"sapato-metropolitan-collin-ultra-light-mogno","","","","","","","","","40","","","","","","0","","","deny","manual","102.00","340.00","TRUE","TRUE","","https://cdn.shopify.com/s/files/1/0721/1168/5771/files/169747-1600-1600.jpg?v=1766929927","4","https://cdn.shopify.com/s/files/1/0721/1168/5771/files/169744-1600-1600.jpg?v=1766929927","",""
"sapato-metropolitan-collin-ultra-light-mogno","","","","","","","","","41","","","","","","0","","","deny","manual","102.00","340.00","TRUE","TRUE","","","","https://cdn.shopify.com/s/files/1/0721/1168/5771/files/169744-1600-1600.jpg?v=1766929927","",""
"sapato-metropolitan-collin-ultra-light-mogno","","","","","","","","","42","","","","","","0","","","deny","manual","102.00","340.00","TRUE","TRUE","","","","https://cdn.shopify.com/s/files/1/0721/1168/5771/files/169744-1600-1600.jpg?v=1766929927","",""
"sapato-metropolitan-collin-ultra-light-mogno","","","","","","","","","43","","","","","","0","","","deny","manual","102.00","340.00","TRUE","TRUE","","","","https://cdn.shopify.com/s/files/1/0721/1168/5771/files/169744-1600-1600.jpg?v=1766929927","",""
"sapato-metropolitan-collin-ultra-light-mogno","","","","","","","","","44","","","","","","0","","","deny","manual","102.00","340.00","TRUE","TRUE","","","","https://cdn.shopify.com/s/files/1/0721/1168/5771/files/169744-1600-1600.jpg?v=1766929927","",""
"sapato-metropolitan-collin-preto-ultra-light","Sapato Metropolitan Collin Preto Ultra Light","<div class=""vtex-flex-layout-0-x-flexColChild vtex-flex-layout-0-x-flexColChild--pdp__main-content-info pb2"">
<div class=""vtex-disclosure-layout-1-x-content vtex-disclosure-layout-1-x-content--description-and-specification vtex-disclosure-layout-1-x-content--visible vtex-disclosure-layout-1-x-content--description-and-specification--visible"" id=""id-0bq9rk"">
<div class=""vtex-store-components-3-x-productDescriptionContainer"">
<div class=""vtex-store-components-3-x-productDescriptionText c-muted-1"">
<div class=""vtex-flex-layout-0-x-flexColChild vtex-flex-layout-0-x-flexColChild--pdp__main-content-info pb2"">
<div class=""vtex-disclosure-layout-1-x-content vtex-disclosure-layout-1-x-content--description-and-specification vtex-disclosure-layout-1-x-content--visible vtex-disclosure-layout-1-x-content--description-and-specification--visible"" id=""id-q6svuq"">
<div class=""vtex-store-components-3-x-productDescriptionContainer"">
<div class=""vtex-store-components-3-x-productDescriptionText c-muted-1"">
<div class=""vtex-flex-layout-0-x-flexColChild vtex-flex-layout-0-x-flexColChild--pdp__main-content-info pb2"">
<div class=""vtex-disclosure-layout-1-x-content vtex-disclosure-layout-1-x-content--description-and-specification vtex-disclosure-layout-1-x-content--visible vtex-disclosure-layout-1-x-content--description-and-specification--visible"" id=""id-88bu9d"">
<div class=""vtex-store-components-3-x-productDescriptionContainer"">
<div class=""vtex-store-components-3-x-productDescriptionText c-muted-1"">
<div class=""vtex-flex-layout-0-x-flexColChild vtex-flex-layout-0-x-flexColChild--pdp__main-content-info pb2"">
<div class=""vtex-disclosure-layout-1-x-content vtex-disclosure-layout-1-x-content--description-and-specification vtex-disclosure-layout-1-x-content--visible vtex-disclosure-layout-1-x-content--description-and-specification--visible"" id=""id-88eldj"">
<div class=""vtex-store-components-3-x-productDescriptionContainer"">
<div class=""vtex-store-components-3-x-productDescriptionText c-muted-1"">
<p class=""MsoNormal"">O Sapato Metropolitan Collin Preto Ultra Light é um produto social e moderno.</p>
<p class=""MsoNormal""> </p>
<p class=""MsoNormal"">O sapato Metropolitan Collin é confeccionado em couro na cor preto. O fechamento é de elástico, bico arredondado, forro de tecido e a palmilha é feita de Fibra. Seu solado é feito de EVA.</p>
<p class=""MsoNormal"">Este modelo contém a tecnologia Ultra Light – leve, macio, flexível e versátil.</p>
<p class=""MsoNormal""> </p>
<p class=""MsoNormal"">Conceito Metropolitan – elegante, moderno, sofisticado e confortável, os modelos dessa linha estão associados à composição de visual impecável – sóbrio e formal – do homem de gosto apurado.</p>
</div>
</div>
</div>
</div>
</div>
</div>
</div>
</div>
</div>
</div>
</div>
</div>
</div>
</div>
</div>
</div>","Tema Conversão","","","","true","Tamanho do calçado","37","","","","","","0","","","deny","manual","102.00","340.00","TRUE","TRUE","","https://cdn.shopify.com/s/files/1/0721/1168/5771/files/170032-1600-1600.jpg?v=1766929931","1","https://cdn.shopify.com/s/files/1/0721/1168/5771/files/170032-1600-1600.jpg?v=1766929931","","active"
"sapato-metropolitan-collin-preto-ultra-light","","","","","","","","","38","","","","","","0","","","deny","manual","102.00","340.00","TRUE","TRUE","","https://cdn.shopify.com/s/files/1/0721/1168/5771/files/170034-1600-1600.jpg?v=1766929931","2","https://cdn.shopify.com/s/files/1/0721/1168/5771/files/170032-1600-1600.jpg?v=1766929931","",""
"sapato-metropolitan-collin-preto-ultra-light","","","","","","","","","39","","","","","","0","","","deny","manual","102.00","340.00","TRUE","TRUE","","https://cdn.shopify.com/s/files/1/0721/1168/5771/files/170035-1600-1600.jpg?v=1766929932","3","https://cdn.shopify.com/s/files/1/0721/1168/5771/files/170032-1600-1600.jpg?v=1766929931","",""
"sapato-metropolitan-collin-preto-ultra-light","","","","","","","","","40","","","","","","0","","","deny","manual","102.00","340.00","TRUE","TRUE","","https://cdn.shopify.com/s/files/1/0721/1168/5771/files/170036-1600-1600.jpg?v=1766929931","4","https://cdn.shopify.com/s/files/1/0721/1168/5771/files/170032-1600-1600.jpg?v=1766929931","",""
"sapato-metropolitan-collin-preto-ultra-light","","","","","","","","","41","","","","","","0","","","deny","manual","102.00","340.00","TRUE","TRUE","","","","https://cdn.shopify.com/s/files/1/0721/1168/5771/files/170032-1600-1600.jpg?v=1766929931","",""
"sapato-metropolitan-collin-preto-ultra-light","","","","","","","","","42","","","","","","0","","","deny","manual","102.00","340.00","TRUE","TRUE","","","","https://cdn.shopify.com/s/files/1/0721/1168/5771/files/170032-1600-1600.jpg?v=1766929931","",""
"sapato-metropolitan-collin-preto-ultra-light","","","","","","","","","43","","","","","","0","","","deny","manual","102.00","340.00","TRUE","TRUE","","","","https://cdn.shopify.com/s/files/1/0721/1168/5771/files/170032-1600-1600.jpg?v=1766929931","",""
"sapato-metropolitan-collin-preto-ultra-light","","","","","","","","","44","","","","","","0","","","deny","manual","102.00","340.00","TRUE","TRUE","","","","https://cdn.shopify.com/s/files/1/0721/1168/5771/files/170032-1600-1600.jpg?v=1766929931","",""
"sapato-metropolitan-collin-light-marrom","Sapato Metropolitan Collin Light Marrom","<div class=""vtex-flex-layout-0-x-flexColChild vtex-flex-layout-0-x-flexColChild--pdp__main-content-info pb2"">
<div id=""id-0bq9rk"" class=""vtex-disclosure-layout-1-x-content vtex-disclosure-layout-1-x-content--description-and-specification vtex-disclosure-layout-1-x-content--visible vtex-disclosure-layout-1-x-content--description-and-specification--visible"">
<div class=""vtex-store-components-3-x-productDescriptionContainer"">
<div class=""vtex-store-components-3-x-productDescriptionText c-muted-1"">
<div class=""vtex-flex-layout-0-x-flexColChild vtex-flex-layout-0-x-flexColChild--pdp__main-content-info pb2"">
<div id=""id-q6svuq"" class=""vtex-disclosure-layout-1-x-content vtex-disclosure-layout-1-x-content--description-and-specification vtex-disclosure-layout-1-x-content--visible vtex-disclosure-layout-1-x-content--description-and-specification--visible"">
<div class=""vtex-store-components-3-x-productDescriptionContainer"">
<div class=""vtex-store-components-3-x-productDescriptionText c-muted-1"">
<div class=""vtex-flex-layout-0-x-flexColChild vtex-flex-layout-0-x-flexColChild--pdp__main-content-info pb2"">
<div id=""id-88bu9d"" class=""vtex-disclosure-layout-1-x-content vtex-disclosure-layout-1-x-content--description-and-specification vtex-disclosure-layout-1-x-content--visible vtex-disclosure-layout-1-x-content--description-and-specification--visible"">
<div class=""vtex-store-components-3-x-productDescriptionContainer"">
<div class=""vtex-store-components-3-x-productDescriptionText c-muted-1"">
<div class=""vtex-flex-layout-0-x-flexColChild vtex-flex-layout-0-x-flexColChild--pdp__main-content-info pb2"">
<div id=""id-88eldj"" class=""vtex-disclosure-layout-1-x-content vtex-disclosure-layout-1-x-content--description-and-specification vtex-disclosure-layout-1-x-content--visible vtex-disclosure-layout-1-x-content--description-and-specification--visible"">
<div class=""vtex-store-components-3-x-productDescriptionContainer"">
<div class=""vtex-store-components-3-x-productDescriptionText c-muted-1"">
<p class=""MsoNormal"">O Sapato Metropolitan Collin Marrom Ultra Light é um produto social e moderno.</p>
<p class=""MsoNormal""> </p>
<p class=""MsoNormal"">O sapato Metropolitan Collin é confeccionado em couro na cor marrom. O fechamento é de elástico, bico arredondado, forro de tecido e a palmilha é feita de fibra. Seu solado é feito de EVA.</p>
<p class=""MsoNormal"">Este modelo contém a tecnologia Ultra Light – leve, macio, flexível e versátil.</p>
<p class=""MsoNormal""> </p>
<p class=""MsoNormal"">Conceito Metropolitan – elegante, moderno, sofisticado e confortável, os modelos dessa linha estão associados à composição de visual impecável – sóbrio e formal – do homem de gosto apurado.</p>
</div>
</div>
</div>
</div>
</div>
</div>
</div>
</div>
</div>
</div>
</div>
</div>
</div>
</div>
</div>
</div>","Tema Conversão","","","","true","Tamanho do calçado","37","","","","","","0","","","deny","manual","78.00","260.00","TRUE","TRUE","","https://cdn.shopify.com/s/files/1/0721/1168/5771/files/169748-1600-1600.jpg?v=1766929945","1","https://cdn.shopify.com/s/files/1/0721/1168/5771/files/169748-1600-1600.jpg?v=1766929945","","active"
"sapato-metropolitan-collin-light-marrom","","","","","","","","","38","","","","","","0","","","deny","manual","78.00","260.00","TRUE","TRUE","","https://cdn.shopify.com/s/files/1/0721/1168/5771/files/169750-1600-1600.jpg?v=1766929945","2","https://cdn.shopify.com/s/files/1/0721/1168/5771/files/169748-1600-1600.jpg?v=1766929945","",""
"sapato-metropolitan-collin-light-marrom","","","","","","","","","39","","","","","","0","","","deny","manual","78.00","260.00","TRUE","TRUE","","https://cdn.shopify.com/s/files/1/0721/1168/5771/files/169751-1600-1600.jpg?v=1766929945","3","https://cdn.shopify.com/s/files/1/0721/1168/5771/files/169748-1600-1600.jpg?v=1766929945","",""
"sapato-metropolitan-collin-light-marrom","","","","","","","","","40","","","","","","0","","","deny","manual","78.00","260.00","TRUE","TRUE","","https://cdn.shopify.com/s/files/1/0721/1168/5771/files/169752-1600-1600.jpg?v=1766929945","4","https://cdn.shopify.com/s/files/1/0721/1168/5771/files/169748-1600-1600.jpg?v=1766929945","",""
"sapato-metropolitan-collin-light-marrom","","","","","","","","","41","","","","","","0","","","deny","manual","78.00","260.00","TRUE","TRUE","","","","https://cdn.shopify.com/s/files/1/0721/1168/5771/files/169748-1600-1600.jpg?v=1766929945","",""
"sapato-metropolitan-collin-light-marrom","","","","","","","","","42","","","","","","0","","","deny","manual","78.00","260.00","TRUE","TRUE","","","","https://cdn.shopify.com/s/files/1/0721/1168/5771/files/169748-1600-1600.jpg?v=1766929945","",""
"sapato-metropolitan-collin-light-marrom","","","","","","","","","43","","","","","","0","","","deny","manual","78.00","260.00","TRUE","TRUE","","","","https://cdn.shopify.com/s/files/1/0721/1168/5771/files/169748-1600-1600.jpg?v=1766929945","",""
"sapato-metropolitan-collin-light-marrom","","","","","","","","","44","","","","","","0","","","deny","manual","78.00","260.00","TRUE","TRUE","","","","https://cdn.shopify.com/s/files/1/0721/1168/5771/files/169748-1600-1600.jpg?v=1766929945","",""
"sapato-metropolitan-clooney-tan","Sapato Metropolitan Clooney Tan","<div class=""vtex-flex-layout-0-x-flexColChild vtex-flex-layout-0-x-flexColChild--pdp__main-content-info pb2"">
<div class=""vtex-disclosure-layout-1-x-content vtex-disclosure-layout-1-x-content--description-and-specification vtex-disclosure-layout-1-x-content--visible vtex-disclosure-layout-1-x-content--description-and-specification--visible"" id=""id-0bq9rk"">
<div class=""vtex-store-components-3-x-productDescriptionContainer"">
<div class=""vtex-store-components-3-x-productDescriptionText c-muted-1"">
<div class=""vtex-flex-layout-0-x-flexColChild vtex-flex-layout-0-x-flexColChild--pdp__main-content-info pb2"">
<div class=""vtex-disclosure-layout-1-x-content vtex-disclosure-layout-1-x-content--description-and-specification vtex-disclosure-layout-1-x-content--visible vtex-disclosure-layout-1-x-content--description-and-specification--visible"" id=""id-q6svuq"">
<div class=""vtex-store-components-3-x-productDescriptionContainer"">
<div class=""vtex-store-components-3-x-productDescriptionText c-muted-1"">
<div class=""vtex-flex-layout-0-x-flexColChild vtex-flex-layout-0-x-flexColChild--pdp__main-content-info pb2"">
<div class=""vtex-disclosure-layout-1-x-content vtex-disclosure-layout-1-x-content--description-and-specification vtex-disclosure-layout-1-x-content--visible vtex-disclosure-layout-1-x-content--description-and-specification--visible"" id=""id-88bu9d"">
<div class=""vtex-store-components-3-x-productDescriptionContainer"">
<div class=""vtex-store-components-3-x-productDescriptionText c-muted-1"">
<div class=""vtex-flex-layout-0-x-flexColChild vtex-flex-layout-0-x-flexColChild--pdp__main-content-info pb2"">
<div class=""vtex-disclosure-layout-1-x-content vtex-disclosure-layout-1-x-content--description-and-specification vtex-disclosure-layout-1-x-content--visible vtex-disclosure-layout-1-x-content--description-and-specification--visible"" id=""id-88eldj"">
<div class=""vtex-store-components-3-x-productDescriptionContainer"">
<div class=""vtex-store-components-3-x-productDescriptionText c-muted-1"">
<p>O <span>Sapato Metropolitan Clooney</span> é confeccionado <span>em couro na cor Tan. Possui fechamento em cadarço de amarrar</span>, recortes no couro, além de forro em couro, palmilha macia de espuma fixa ao calçado, Sua sola é de borracha.</p>
<p>Linha Metropolitan - Elegantes, modernos, sofisticados e confortáveis, os modelos dessa linha estão associados à composição de visual impecável – sóbrio e formal – do homem de gosto apurado.</p>
<p>Salto = 2,5cm</p>
</div>
</div>
</div>
</div>
</div>
</div>
</div>
</div>
</div>
</div>
</div>
</div>
</div>
</div>
</div>
</div>","Tema Conversão","","","","true","Tamanho do calçado","37","","","","","","0","","","deny","manual","90.00","300.00","TRUE","TRUE","","https://cdn.shopify.com/s/files/1/0721/1168/5771/files/169401-1600-1600.jpg?v=1766929925","1","","","active"
"sapato-metropolitan-clooney-tan","","","","","","","","","38","","","","","","0","","","deny","manual","90.00","300.00","TRUE","TRUE","","https://cdn.shopify.com/s/files/1/0721/1168/5771/files/169402-1600-1600.jpg?v=1766929925","2","","",""
"sapato-metropolitan-clooney-tan","","","","","","","","","39","","","","","","0","","","deny","manual","90.00","300.00","TRUE","TRUE","","https://cdn.shopify.com/s/files/1/0721/1168/5771/files/169403-1600-1600.jpg?v=1766929925","3","","",""
"sapato-metropolitan-clooney-tan","","","","","","","","","40","","","","","","0","","","deny","manual","90.00","300.00","TRUE","TRUE","","https://cdn.shopify.com/s/files/1/0721/1168/5771/files/169404-1600-1600.jpg?v=1766929925","4","","",""
"sapato-metropolitan-clooney-tan","","","","","","","","","41","","","","","","0","","","deny","manual","90.00","300.00","TRUE","TRUE","","","","","",""
"sapato-metropolitan-clooney-tan","","","","","","","","","42","","","","","","0","","","deny","manual","90.00","300.00","TRUE","TRUE","","","","","",""
"sapato-metropolitan-clooney-tan","","","","","","","","","43","","","","","","0","","","deny","manual","90.00","300.00","TRUE","TRUE","","","","","",""
"sapato-metropolitan-clooney-tan","","","","","","","","","44","","","","","","0","","","deny","manual","90.00","300.00","TRUE","TRUE","","","","","",""
"sapato-metropolitan-clooney-preto","Sapato Metropolitan Clooney Preto","<div class=""vtex-flex-layout-0-x-flexColChild vtex-flex-layout-0-x-flexColChild--pdp__main-content-info pb2"">
<div class=""vtex-disclosure-layout-1-x-content vtex-disclosure-layout-1-x-content--description-and-specification vtex-disclosure-layout-1-x-content--visible vtex-disclosure-layout-1-x-content--description-and-specification--visible"" id=""id-0bq9rk"">
<div class=""vtex-store-components-3-x-productDescriptionContainer"">
<div class=""vtex-store-components-3-x-productDescriptionText c-muted-1"">
<div class=""vtex-flex-layout-0-x-flexColChild vtex-flex-layout-0-x-flexColChild--pdp__main-content-info pb2"">
<div class=""vtex-disclosure-layout-1-x-content vtex-disclosure-layout-1-x-content--description-and-specification vtex-disclosure-layout-1-x-content--visible vtex-disclosure-layout-1-x-content--description-and-specification--visible"" id=""id-q6svuq"">
<div class=""vtex-store-components-3-x-productDescriptionContainer"">
<div class=""vtex-store-components-3-x-productDescriptionText c-muted-1"">
<div class=""vtex-flex-layout-0-x-flexColChild vtex-flex-layout-0-x-flexColChild--pdp__main-content-info pb2"">
<div class=""vtex-disclosure-layout-1-x-content vtex-disclosure-layout-1-x-content--description-and-specification vtex-disclosure-layout-1-x-content--visible vtex-disclosure-layout-1-x-content--description-and-specification--visible"" id=""id-88bu9d"">
<div class=""vtex-store-components-3-x-productDescriptionContainer"">
<div class=""vtex-store-components-3-x-productDescriptionText c-muted-1"">
<div class=""vtex-flex-layout-0-x-flexColChild vtex-flex-layout-0-x-flexColChild--pdp__main-content-info pb2"">
<div class=""vtex-disclosure-layout-1-x-content vtex-disclosure-layout-1-x-content--description-and-specification vtex-disclosure-layout-1-x-content--visible vtex-disclosure-layout-1-x-content--description-and-specification--visible"" id=""id-88eldj"">
<div class=""vtex-store-components-3-x-productDescriptionContainer"">
<div class=""vtex-store-components-3-x-productDescriptionText c-muted-1"">
<p>O <span>Sapato Metropolitan Clooney</span> é confeccionado <span>em couro na cor Preto. Possui fechamento em cadarço de amarrar</span>, recortes no couro, além de forro em couro, palmilha macia de espuma fixa ao calçado, Sua sola é de borracha.</p>
<p>Linha Metropolitan - Elegantes, modernos, sofisticados e confortáveis, os modelos dessa linha estão associados à composição de visual impecável – sóbrio e formal – do homem de gosto apurado.</p>
<p>Salto = 2,5cm</p>
</div>
</div>
</div>
</div>
</div>
</div>
</div>
</div>
</div>
</div>
</div>
</div>
</div>
</div>
</div>
</div>","Tema Conversão","","","","true","Tamanho do calçado","37","","","","","","0","","","deny","manual","90.00","300.00","TRUE","TRUE","","https://cdn.shopify.com/s/files/1/0721/1168/5771/files/169389-1600-1600.jpg?v=1766929901","1","https://cdn.shopify.com/s/files/1/0721/1168/5771/files/169389-1600-1600.jpg?v=1766929901","","active"
"sapato-metropolitan-clooney-preto","","","","","","","","","38","","","","","","0","","","deny","manual","90.00","300.00","TRUE","TRUE","","https://cdn.shopify.com/s/files/1/0721/1168/5771/files/169390-1600-1600.jpg?v=1766929902","2","https://cdn.shopify.com/s/files/1/0721/1168/5771/files/169389-1600-1600.jpg?v=1766929901","",""
"sapato-metropolitan-clooney-preto","","","","","","","","","39","","","","","","0","","","deny","manual","90.00","300.00","TRUE","TRUE","","https://cdn.shopify.com/s/files/1/0721/1168/5771/files/169391-1600-1600.jpg?v=1766929902","3","https://cdn.shopify.com/s/files/1/0721/1168/5771/files/169389-1600-1600.jpg?v=1766929901","",""
"sapato-metropolitan-clooney-preto","","","","","","","","","40","","","","","","0","","","deny","manual","90.00","300.00","TRUE","TRUE","","https://cdn.shopify.com/s/files/1/0721/1168/5771/files/169392-1600-1600.jpg?v=1766929903","4","https://cdn.shopify.com/s/files/1/0721/1168/5771/files/169389-1600-1600.jpg?v=1766929901","",""
"sapato-metropolitan-clooney-preto","","","","","","","","","41","","","","","","0","","","deny","manual","90.00","300.00","TRUE","TRUE","","","","https://cdn.shopify.com/s/files/1/0721/1168/5771/files/169389-1600-1600.jpg?v=1766929901","",""
"sapato-metropolitan-clooney-preto","","","","","","","","","42","","","","","","0","","","deny","manual","90.00","300.00","TRUE","TRUE","","","","https://cdn.shopify.com/s/files/1/0721/1168/5771/files/169389-1600-1600.jpg?v=1766929901","",""
"sapato-metropolitan-clooney-preto","","","","","","","","","43","","","","","","0","","","deny","manual","90.00","300.00","TRUE","TRUE","","","","https://cdn.shopify.com/s/files/1/0721/1168/5771/files/169389-1600-1600.jpg?v=1766929901","",""
"sapato-metropolitan-clooney-preto","","","","","","","","","44","","","","","","0","","","deny","manual","90.00","300.00","TRUE","TRUE","","","","https://cdn.shopify.com/s/files/1/0721/1168/5771/files/169389-1600-1600.jpg?v=1766929901","",""
"sapato-metropolitan-clooney-mahogany","Sapato Metropolitan Clooney Mahogany","<div class=""vtex-flex-layout-0-x-flexColChild vtex-flex-layout-0-x-flexColChild--pdp__main-content-info pb2"">
<div id=""id-0bq9rk"" class=""vtex-disclosure-layout-1-x-content vtex-disclosure-layout-1-x-content--description-and-specification vtex-disclosure-layout-1-x-content--visible vtex-disclosure-layout-1-x-content--description-and-specification--visible"">
<div class=""vtex-store-components-3-x-productDescriptionContainer"">
<div class=""vtex-store-components-3-x-productDescriptionText c-muted-1"">
<div class=""vtex-flex-layout-0-x-flexColChild vtex-flex-layout-0-x-flexColChild--pdp__main-content-info pb2"">
<div id=""id-q6svuq"" class=""vtex-disclosure-layout-1-x-content vtex-disclosure-layout-1-x-content--description-and-specification vtex-disclosure-layout-1-x-content--visible vtex-disclosure-layout-1-x-content--description-and-specification--visible"">
<div class=""vtex-store-components-3-x-productDescriptionContainer"">
<div class=""vtex-store-components-3-x-productDescriptionText c-muted-1"">
<div class=""vtex-flex-layout-0-x-flexColChild vtex-flex-layout-0-x-flexColChild--pdp__main-content-info pb2"">
<div id=""id-88bu9d"" class=""vtex-disclosure-layout-1-x-content vtex-disclosure-layout-1-x-content--description-and-specification vtex-disclosure-layout-1-x-content--visible vtex-disclosure-layout-1-x-content--description-and-specification--visible"">
<div class=""vtex-store-components-3-x-productDescriptionContainer"">
<div class=""vtex-store-components-3-x-productDescriptionText c-muted-1"">
<div class=""vtex-flex-layout-0-x-flexColChild vtex-flex-layout-0-x-flexColChild--pdp__main-content-info pb2"">
<div id=""id-88eldj"" class=""vtex-disclosure-layout-1-x-content vtex-disclosure-layout-1-x-content--description-and-specification vtex-disclosure-layout-1-x-content--visible vtex-disclosure-layout-1-x-content--description-and-specification--visible"">
<div class=""vtex-store-components-3-x-productDescriptionContainer"">
<div class=""vtex-store-components-3-x-productDescriptionText c-muted-1"">
<p>O <span>Sapato Metropolitan Clooney</span> é confeccionado <span>em couro na cor Mahogany. Possui fechamento em cadarço de amarrar</span>, recortes no couro, além de forro em couro, palmilha macia de espuma fixa ao calçado, Sua sola é de borracha.</p>
<p>Linha Metropolitan - Elegantes, modernos, sofisticados e confortáveis, os modelos dessa linha estão associados à composição de visual impecável – sóbrio e formal – do homem de gosto apurado.</p>
<p>Salto = 2,5cm</p>
</div>
</div>
</div>
</div>
</div>
</div>
</div>
</div>
</div>
</div>
</div>
</div>
</div>
</div>
</div>
</div>","Tema Conversão","","","","true","Tamanho do calçado","37","","","","","","0","","","deny","manual","90.00","300.00","TRUE","TRUE","","https://cdn.shopify.com/s/files/1/0721/1168/5771/files/169393-1600-1600.jpg?v=1766929907","1","https://cdn.shopify.com/s/files/1/0721/1168/5771/files/169393-1600-1600.jpg?v=1766929907","","active"
"sapato-metropolitan-clooney-mahogany","","","","","","","","","38","","","","","","0","","","deny","manual","90.00","300.00","TRUE","TRUE","","https://cdn.shopify.com/s/files/1/0721/1168/5771/files/169394-1600-1600.jpg?v=1766929907","2","https://cdn.shopify.com/s/files/1/0721/1168/5771/files/169393-1600-1600.jpg?v=1766929907","",""
"sapato-metropolitan-clooney-mahogany","","","","","","","","","39","","","","","","0","","","deny","manual","90.00","300.00","TRUE","TRUE","","https://cdn.shopify.com/s/files/1/0721/1168/5771/files/169395-1600-1600.jpg?v=1766929908","3","https://cdn.shopify.com/s/files/1/0721/1168/5771/files/169393-1600-1600.jpg?v=1766929907","",""
"sapato-metropolitan-clooney-mahogany","","","","","","","","","40","","","","","","0","","","deny","manual","90.00","300.00","TRUE","TRUE","","https://cdn.shopify.com/s/files/1/0721/1168/5771/files/169396-1600-1600.jpg?v=1766929907","4","https://cdn.shopify.com/s/files/1/0721/1168/5771/files/169393-1600-1600.jpg?v=1766929907","",""
"sapato-metropolitan-clooney-mahogany","","","","","","","","","41","","","","","","0","","","deny","manual","90.00","300.00","TRUE","TRUE","","","","https://cdn.shopify.com/s/files/1/0721/1168/5771/files/169393-1600-1600.jpg?v=1766929907","",""
"sapato-metropolitan-clooney-mahogany","","","","","","","","","42","","","","","","0","","","deny","manual","90.00","300.00","TRUE","TRUE","","","","https://cdn.shopify.com/s/files/1/0721/1168/5771/files/169393-1600-1600.jpg?v=1766929907","",""
"sapato-metropolitan-clooney-mahogany","","","","","","","","","43","","","","","","0","","","deny","manual","90.00","300.00","TRUE","TRUE","","","","https://cdn.shopify.com/s/files/1/0721/1168/5771/files/169393-1600-1600.jpg?v=1766929907","",""
"sapato-metropolitan-clooney-mahogany","","","","","","","","","44","","","","","","0","","","deny","manual","90.00","300.00","TRUE","TRUE","","","","https://cdn.shopify.com/s/files/1/0721/1168/5771/files/169393-1600-1600.jpg?v=1766929907","",""
"sapato-metropolitan-cafe-type","Sapato Metropolitan Café Type","<div class=""vtex-flex-layout-0-x-flexColChild vtex-flex-layout-0-x-flexColChild--pdp__main-content-info pb2"">
<div id=""id-0bq9rk"" class=""vtex-disclosure-layout-1-x-content vtex-disclosure-layout-1-x-content--description-and-specification vtex-disclosure-layout-1-x-content--visible vtex-disclosure-layout-1-x-content--description-and-specification--visible"">
<div class=""vtex-store-components-3-x-productDescriptionContainer"">
<div class=""vtex-store-components-3-x-productDescriptionText c-muted-1"">
<div class=""vtex-flex-layout-0-x-flexColChild vtex-flex-layout-0-x-flexColChild--pdp__main-content-info pb2"">
<div id=""id-q6svuq"" class=""vtex-disclosure-layout-1-x-content vtex-disclosure-layout-1-x-content--description-and-specification vtex-disclosure-layout-1-x-content--visible vtex-disclosure-layout-1-x-content--description-and-specification--visible"">
<div class=""vtex-store-components-3-x-productDescriptionContainer"">
<div class=""vtex-store-components-3-x-productDescriptionText c-muted-1"">
<div class=""vtex-flex-layout-0-x-flexColChild vtex-flex-layout-0-x-flexColChild--pdp__main-content-info pb2"">
<div id=""id-88bu9d"" class=""vtex-disclosure-layout-1-x-content vtex-disclosure-layout-1-x-content--description-and-specification vtex-disclosure-layout-1-x-content--visible vtex-disclosure-layout-1-x-content--description-and-specification--visible"">
<div class=""vtex-store-components-3-x-productDescriptionContainer"">
<div class=""vtex-store-components-3-x-productDescriptionText c-muted-1"">
<div class=""vtex-flex-layout-0-x-flexColChild vtex-flex-layout-0-x-flexColChild--pdp__main-content-info pb2"">
<div id=""id-88eldj"" class=""vtex-disclosure-layout-1-x-content vtex-disclosure-layout-1-x-content--description-and-specification vtex-disclosure-layout-1-x-content--visible vtex-disclosure-layout-1-x-content--description-and-specification--visible"">
<div class=""vtex-store-components-3-x-productDescriptionContainer"">
<div class=""vtex-store-components-3-x-productDescriptionText c-muted-1"">
<p class=""MsoNormal"">O sapato de couro Café Metropolitan Type é um produto moderno e urbano.</p>
<p class=""MsoNormal"">O cabedal contém recortes no couro e puxador no calcanhar. Possui forro de tecido e fechamento em cadarço de amarrar. O solado é de Micro Expandido, a palmilha feita de Fibra sendo fixa ao calçado.</p>
<p class=""MsoNormal"">Conceito Metropolitan – elegante, moderno, sofisticado e confortável, os modelos dessa linha estão associados à composição de visual impecável – sóbrio e formal – do homem de gosto apurado.</p>
</div>
</div>
</div>
</div>
</div>
</div>
</div>
</div>
</div>
</div>
</div>
</div>
</div>
</div>
</div>
</div>","Tema Conversão","","","","true","Tamanho do calçado","37","","","","","","0","","","deny","manual","87.00","290.00","TRUE","TRUE","","https://cdn.shopify.com/s/files/1/0721/1168/5771/files/170114-1600-1600.jpg?v=1766929931","1","https://cdn.shopify.com/s/files/1/0721/1168/5771/files/170114-1600-1600.jpg?v=1766929931","","active"
"sapato-metropolitan-cafe-type","","","","","","","","","38","","","","","","0","","","deny","manual","87.00","290.00","TRUE","TRUE","","https://cdn.shopify.com/s/files/1/0721/1168/5771/files/170115-1600-1600.jpg?v=1766929931","2","https://cdn.shopify.com/s/files/1/0721/1168/5771/files/170114-1600-1600.jpg?v=1766929931","",""
"sapato-metropolitan-cafe-type","","","","","","","","","39","","","","","","0","","","deny","manual","87.00","290.00","TRUE","TRUE","","https://cdn.shopify.com/s/files/1/0721/1168/5771/files/170116-1600-1600.jpg?v=1766929931","3","https://cdn.shopify.com/s/files/1/0721/1168/5771/files/170114-1600-1600.jpg?v=1766929931","",""
"sapato-metropolitan-cafe-type","","","","","","","","","40","","","","","","0","","","deny","manual","87.00","290.00","TRUE","TRUE","","https://cdn.shopify.com/s/files/1/0721/1168/5771/files/170117-1600-1600.jpg?v=1766929931","4","https://cdn.shopify.com/s/files/1/0721/1168/5771/files/170114-1600-1600.jpg?v=1766929931","",""
"sapato-metropolitan-cafe-type","","","","","","","","","41","","","","","","0","","","deny","manual","87.00","290.00","TRUE","TRUE","","","","https://cdn.shopify.com/s/files/1/0721/1168/5771/files/170114-1600-1600.jpg?v=1766929931","",""
"sapato-metropolitan-cafe-type","","","","","","","","","42","","","","","","0","","","deny","manual","87.00","290.00","TRUE","TRUE","","","","https://cdn.shopify.com/s/files/1/0721/1168/5771/files/170114-1600-1600.jpg?v=1766929931","",""
"sapato-metropolitan-cafe-type","","","","","","","","","43","","","","","","0","","","deny","manual","87.00","290.00","TRUE","TRUE","","","","https://cdn.shopify.com/s/files/1/0721/1168/5771/files/170114-1600-1600.jpg?v=1766929931","",""
"sapato-metropolitan-cafe-type","","","","","","","","","44","","","","","","0","","","deny","manual","87.00","290.00","TRUE","TRUE","","","","https://cdn.shopify.com/s/files/1/0721/1168/5771/files/170114-1600-1600.jpg?v=1766929931","",""
"sapato-metropolitan-blaze-ultra-light-preto","Sapato Metropolitan Blaze Ultra Light Preto","<div class=""vtex-flex-layout-0-x-flexColChild vtex-flex-layout-0-x-flexColChild--pdp__main-content-info pb2"">
<div id=""id-0bq9rk"" class=""vtex-disclosure-layout-1-x-content vtex-disclosure-layout-1-x-content--description-and-specification vtex-disclosure-layout-1-x-content--visible vtex-disclosure-layout-1-x-content--description-and-specification--visible"">
<div class=""vtex-store-components-3-x-productDescriptionContainer"">
<div class=""vtex-store-components-3-x-productDescriptionText c-muted-1"">
<div class=""vtex-flex-layout-0-x-flexColChild vtex-flex-layout-0-x-flexColChild--pdp__main-content-info pb2"">
<div id=""id-q6svuq"" class=""vtex-disclosure-layout-1-x-content vtex-disclosure-layout-1-x-content--description-and-specification vtex-disclosure-layout-1-x-content--visible vtex-disclosure-layout-1-x-content--description-and-specification--visible"">
<div class=""vtex-store-components-3-x-productDescriptionContainer"">
<div class=""vtex-store-components-3-x-productDescriptionText c-muted-1"">
<div class=""vtex-flex-layout-0-x-flexColChild vtex-flex-layout-0-x-flexColChild--pdp__main-content-info pb2"">
<div id=""id-88bu9d"" class=""vtex-disclosure-layout-1-x-content vtex-disclosure-layout-1-x-content--description-and-specification vtex-disclosure-layout-1-x-content--visible vtex-disclosure-layout-1-x-content--description-and-specification--visible"">
<div class=""vtex-store-components-3-x-productDescriptionContainer"">
<div class=""vtex-store-components-3-x-productDescriptionText c-muted-1"">
<div class=""vtex-flex-layout-0-x-flexColChild vtex-flex-layout-0-x-flexColChild--pdp__main-content-info pb2"">
<div id=""id-88eldj"" class=""vtex-disclosure-layout-1-x-content vtex-disclosure-layout-1-x-content--description-and-specification vtex-disclosure-layout-1-x-content--visible vtex-disclosure-layout-1-x-content--description-and-specification--visible"">
<div class=""vtex-store-components-3-x-productDescriptionContainer"">
<div class=""vtex-store-components-3-x-productDescriptionText c-muted-1"">
<p>O <span>Sapato Metropolitan Blaze Ultra Light </span>é confeccionado <span>em couro na cor Preto. Possui fechamento em cadarço de amarrar</span>, cabedal detalhado com recortes no couro. O sapato de couro traz sola de E.V.A. e palmilha fixa.</p>
<p>Linha Metropolitan - Elegantes, modernos, sofisticados e confortáveis, os modelos dessa linha estão associados à composição de visual impecável – sóbrio e formal – do homem de gosto apurado.</p>
<p>Características</p>
<p>Salto: 2,5cm</p>
</div>
</div>
</div>
</div>
</div>
</div>
</div>
</div>
</div>
</div>
</div>
</div>
</div>
</div>
</div>
</div>","Tema Conversão","","","","true","Tamanho do calçado","37","","","","","","0","","","deny","manual","108.00","360.00","TRUE","TRUE","","https://cdn.shopify.com/s/files/1/0721/1168/5771/files/168667-1600-1600.jpg?v=1766929928","1","https://cdn.shopify.com/s/files/1/0721/1168/5771/files/168667-1600-1600.jpg?v=1766929928","","active"
"sapato-metropolitan-blaze-ultra-light-preto","","","","","","","","","38","","","","","","0","","","deny","manual","108.00","360.00","TRUE","TRUE","","https://cdn.shopify.com/s/files/1/0721/1168/5771/files/168668-1600-1600.jpg?v=1766929928","2","https://cdn.shopify.com/s/files/1/0721/1168/5771/files/168667-1600-1600.jpg?v=1766929928","",""
"sapato-metropolitan-blaze-ultra-light-preto","","","","","","","","","39","","","","","","0","","","deny","manual","108.00","360.00","TRUE","TRUE","","https://cdn.shopify.com/s/files/1/0721/1168/5771/files/168669-1600-1600.jpg?v=1766929929","3","https://cdn.shopify.com/s/files/1/0721/1168/5771/files/168667-1600-1600.jpg?v=1766929928","",""
"sapato-metropolitan-blaze-ultra-light-preto","","","","","","","","","40","","","","","","0","","","deny","manual","108.00","360.00","TRUE","TRUE","","https://cdn.shopify.com/s/files/1/0721/1168/5771/files/168670-1600-1600.jpg?v=1766929928","4","https://cdn.shopify.com/s/files/1/0721/1168/5771/files/168667-1600-1600.jpg?v=1766929928","",""
"sapato-metropolitan-blaze-ultra-light-preto","","","","","","","","","41","","","","","","0","","","deny","manual","108.00","360.00","TRUE","TRUE","","https://cdn.shopify.com/s/files/1/0721/1168/5771/files/168793-1600-1600.jpg?v=1766929928","5","https://cdn.shopify.com/s/files/1/0721/1168/5771/files/168667-1600-1600.jpg?v=1766929928","",""
"sapato-metropolitan-blaze-ultra-light-preto","","","","","","","","","42","","","","","","0","","","deny","manual","108.00","360.00","TRUE","TRUE","","","","https://cdn.shopify.com/s/files/1/0721/1168/5771/files/168667-1600-1600.jpg?v=1766929928","",""
"sapato-metropolitan-blaze-ultra-light-preto","","","","","","","","","43","","","","","","0","","","deny","manual","108.00","360.00","TRUE","TRUE","","","","https://cdn.shopify.com/s/files/1/0721/1168/5771/files/168667-1600-1600.jpg?v=1766929928","",""
"sapato-metropolitan-blaze-ultra-light-preto","","","","","","","","","44","","","","","","0","","","deny","manual","108.00","360.00","TRUE","TRUE","","","","https://cdn.shopify.com/s/files/1/0721/1168/5771/files/168667-1600-1600.jpg?v=1766929928","",""
"sapato-metropolitan-blaze-ultra-light-mogno","Sapato Metropolitan Blaze Ultra Light Mogno","<div class=""vtex-flex-layout-0-x-flexColChild vtex-flex-layout-0-x-flexColChild--pdp__main-content-info pb2"">
<div id=""id-0bq9rk"" class=""vtex-disclosure-layout-1-x-content vtex-disclosure-layout-1-x-content--description-and-specification vtex-disclosure-layout-1-x-content--visible vtex-disclosure-layout-1-x-content--description-and-specification--visible"">
<div class=""vtex-store-components-3-x-productDescriptionContainer"">
<div class=""vtex-store-components-3-x-productDescriptionText c-muted-1"">
<div class=""vtex-flex-layout-0-x-flexColChild vtex-flex-layout-0-x-flexColChild--pdp__main-content-info pb2"">
<div id=""id-q6svuq"" class=""vtex-disclosure-layout-1-x-content vtex-disclosure-layout-1-x-content--description-and-specification vtex-disclosure-layout-1-x-content--visible vtex-disclosure-layout-1-x-content--description-and-specification--visible"">
<div class=""vtex-store-components-3-x-productDescriptionContainer"">
<div class=""vtex-store-components-3-x-productDescriptionText c-muted-1"">
<div class=""vtex-flex-layout-0-x-flexColChild vtex-flex-layout-0-x-flexColChild--pdp__main-content-info pb2"">
<div id=""id-88bu9d"" class=""vtex-disclosure-layout-1-x-content vtex-disclosure-layout-1-x-content--description-and-specification vtex-disclosure-layout-1-x-content--visible vtex-disclosure-layout-1-x-content--description-and-specification--visible"">
<div class=""vtex-store-components-3-x-productDescriptionContainer"">
<div class=""vtex-store-components-3-x-productDescriptionText c-muted-1"">
<div class=""vtex-flex-layout-0-x-flexColChild vtex-flex-layout-0-x-flexColChild--pdp__main-content-info pb2"">
<div id=""id-88eldj"" class=""vtex-disclosure-layout-1-x-content vtex-disclosure-layout-1-x-content--description-and-specification vtex-disclosure-layout-1-x-content--visible vtex-disclosure-layout-1-x-content--description-and-specification--visible"">
<div class=""vtex-store-components-3-x-productDescriptionContainer"">
<div class=""vtex-store-components-3-x-productDescriptionText c-muted-1"">
<p>O <span>Sapato Metropolitan Blaze Ultra Light </span>é confeccionado <span>em couro na cor Mogno. Possui fechamento em cadarço de amarrar</span>, cabedal detalhado com recortes no couro. O sapato de couro traz sola de E.V.A. e palmilha fixa.</p>
<p>Linha Metropolitan - Elegantes, modernos, sofisticados e confortáveis, os modelos dessa linha estão associados à composição de visual impecável – sóbrio e formal – do homem de gosto apurado.</p>
<p>Características</p>
<p>Salto: 2,5cm</p>
</div>
</div>
</div>
</div>
</div>
</div>
</div>
</div>
</div>
</div>
</div>
</div>
</div>
</div>
</div>
</div>","Tema Conversão","","","","true","Tamanho do calçado","37","","","","","","0","","","deny","manual","108.00","360.00","TRUE","TRUE","","https://cdn.shopify.com/s/files/1/0721/1168/5771/files/168672-1600-1600.jpg?v=1766929900","1","https://cdn.shopify.com/s/files/1/0721/1168/5771/files/168672-1600-1600.jpg?v=1766929900","","active"
"sapato-metropolitan-blaze-ultra-light-mogno","","","","","","","","","38","","","","","","0","","","deny","manual","108.00","360.00","TRUE","TRUE","","https://cdn.shopify.com/s/files/1/0721/1168/5771/files/168673-1600-1600.jpg?v=1766929902","2","https://cdn.shopify.com/s/files/1/0721/1168/5771/files/168672-1600-1600.jpg?v=1766929900","",""
"sapato-metropolitan-blaze-ultra-light-mogno","","","","","","","","","39","","","","","","0","","","deny","manual","108.00","360.00","TRUE","TRUE","","https://cdn.shopify.com/s/files/1/0721/1168/5771/files/168674-1600-1600.jpg?v=1766929900","3","https://cdn.shopify.com/s/files/1/0721/1168/5771/files/168672-1600-1600.jpg?v=1766929900","",""
"sapato-metropolitan-blaze-ultra-light-mogno","","","","","","","","","40","","","","","","0","","","deny","manual","108.00","360.00","TRUE","TRUE","","https://cdn.shopify.com/s/files/1/0721/1168/5771/files/168675-1600-1600.jpg?v=1766929900","4","https://cdn.shopify.com/s/files/1/0721/1168/5771/files/168672-1600-1600.jpg?v=1766929900","",""
"sapato-metropolitan-blaze-ultra-light-mogno","","","","","","","","","41","","","","","","0","","","deny","manual","108.00","360.00","TRUE","TRUE","","https://cdn.shopify.com/s/files/1/0721/1168/5771/files/168794-1600-1600.jpg?v=1766929900","5","https://cdn.shopify.com/s/files/1/0721/1168/5771/files/168672-1600-1600.jpg?v=1766929900","",""
"sapato-metropolitan-blaze-ultra-light-mogno","","","","","","","","","42","","","","","","0","","","deny","manual","108.00","360.00","TRUE","TRUE","","","","https://cdn.shopify.com/s/files/1/0721/1168/5771/files/168672-1600-1600.jpg?v=1766929900","",""
"sapato-metropolitan-blaze-ultra-light-mogno","","","","","","","","","43","","","","","","0","","","deny","manual","108.00","360.00","TRUE","TRUE","","","","https://cdn.shopify.com/s/files/1/0721/1168/5771/files/168672-1600-1600.jpg?v=1766929900","",""
"sapato-metropolitan-blaze-ultra-light-mogno","","","","","","","","","44","","","","","","0","","","deny","manual","108.00","360.00","TRUE","TRUE","","","","https://cdn.shopify.com/s/files/1/0721/1168/5771/files/168672-1600-1600.jpg?v=1766929900","",""
"sapato-metropoliatan-james-hi-soft-32-preto","Sapato Metropoliatan James Hi-Soft 32 Preto","<div class=""vtex-flex-layout-0-x-flexColChild vtex-flex-layout-0-x-flexColChild--pdp__main-content-info pb2"">
<div id=""id-0bq9rk"" class=""vtex-disclosure-layout-1-x-content vtex-disclosure-layout-1-x-content--description-and-specification vtex-disclosure-layout-1-x-content--visible vtex-disclosure-layout-1-x-content--description-and-specification--visible"">
<div class=""vtex-store-components-3-x-productDescriptionContainer"">
<div class=""vtex-store-components-3-x-productDescriptionText c-muted-1"">
<div class=""vtex-flex-layout-0-x-flexColChild vtex-flex-layout-0-x-flexColChild--pdp__main-content-info pb2"">
<div id=""id-q6svuq"" class=""vtex-disclosure-layout-1-x-content vtex-disclosure-layout-1-x-content--description-and-specification vtex-disclosure-layout-1-x-content--visible vtex-disclosure-layout-1-x-content--description-and-specification--visible"">
<div class=""vtex-store-components-3-x-productDescriptionContainer"">
<div class=""vtex-store-components-3-x-productDescriptionText c-muted-1"">
<div class=""vtex-flex-layout-0-x-flexColChild vtex-flex-layout-0-x-flexColChild--pdp__main-content-info pb2"">
<div id=""id-88bu9d"" class=""vtex-disclosure-layout-1-x-content vtex-disclosure-layout-1-x-content--description-and-specification vtex-disclosure-layout-1-x-content--visible vtex-disclosure-layout-1-x-content--description-and-specification--visible"">
<div class=""vtex-store-components-3-x-productDescriptionContainer"">
<div class=""vtex-store-components-3-x-productDescriptionText c-muted-1"">
<div class=""vtex-flex-layout-0-x-flexColChild vtex-flex-layout-0-x-flexColChild--pdp__main-content-info pb2"">
<div id=""id-88eldj"" class=""vtex-disclosure-layout-1-x-content vtex-disclosure-layout-1-x-content--description-and-specification vtex-disclosure-layout-1-x-content--visible vtex-disclosure-layout-1-x-content--description-and-specification--visible"">
<div class=""vtex-store-components-3-x-productDescriptionContainer"">
<div class=""vtex-store-components-3-x-productDescriptionText c-muted-1"">
<p>O <span>Sapato de <a href=""https://www.democrata.com.br/couro"">Couro</a></span> Metropolitan James possuí a cor mogno e traz em destaque o conforto e design moderno.</p>
<p>Ele possui cabedal com recortes no couro, seu fechamento é por cadarço de amarrar. Conta com sola de micro expandido de laterais brancas, trazendo um toque moderno ao calçado. Também possuí <span>palmilha em PU com a tecnologia hi-soft 32</span>, que oferece absoluto conforto para os seus pés.</p>
</div>
</div>
</div>
</div>
</div>
</div>
</div>
</div>
</div>
</div>
</div>
</div>
</div>
</div>
</div>
</div>","Tema Conversão","","","","true","Tamanho do calçado","37","","","","","","0","","","deny","manual","90.00","300.00","TRUE","TRUE","","https://cdn.shopify.com/s/files/1/0721/1168/5771/files/167927-1600-1600.jpg?v=1766929921","1","https://cdn.shopify.com/s/files/1/0721/1168/5771/files/167927-1600-1600.jpg?v=1766929921","","active"
"sapato-metropoliatan-james-hi-soft-32-preto","","","","","","","","","38","","","","","","0","","","deny","manual","90.00","300.00","TRUE","TRUE","","https://cdn.shopify.com/s/files/1/0721/1168/5771/files/167928-1600-1600.jpg?v=1766929921","2","https://cdn.shopify.com/s/files/1/0721/1168/5771/files/167927-1600-1600.jpg?v=1766929921","",""
"sapato-metropoliatan-james-hi-soft-32-preto","","","","","","","","","39","","","","","","0","","","deny","manual","90.00","300.00","TRUE","TRUE","","https://cdn.shopify.com/s/files/1/0721/1168/5771/files/167929-1600-1600.jpg?v=1766929921","3","https://cdn.shopify.com/s/files/1/0721/1168/5771/files/167927-1600-1600.jpg?v=1766929921","",""
"sapato-metropoliatan-james-hi-soft-32-preto","","","","","","","","","40","","","","","","0","","","deny","manual","90.00","300.00","TRUE","TRUE","","https://cdn.shopify.com/s/files/1/0721/1168/5771/files/167930-1600-1600.jpg?v=1766929921","4","https://cdn.shopify.com/s/files/1/0721/1168/5771/files/167927-1600-1600.jpg?v=1766929921","",""
"sapato-metropoliatan-james-hi-soft-32-preto","","","","","","","","","41","","","","","","0","","","deny","manual","90.00","300.00","TRUE","TRUE","","https://cdn.shopify.com/s/files/1/0721/1168/5771/files/167931-1600-1600.jpg?v=1766929921","5","https://cdn.shopify.com/s/files/1/0721/1168/5771/files/167927-1600-1600.jpg?v=1766929921","",""
"sapato-metropoliatan-james-hi-soft-32-preto","","","","","","","","","42","","","","","","0","","","deny","manual","90.00","300.00","TRUE","TRUE","","","","https://cdn.shopify.com/s/files/1/0721/1168/5771/files/167927-1600-1600.jpg?v=1766929921","",""
"sapato-metropoliatan-james-hi-soft-32-preto","","","","","","","","","43","","","","","","0","","","deny","manual","90.00","300.00","TRUE","TRUE","","","","https://cdn.shopify.com/s/files/1/0721/1168/5771/files/167927-1600-1600.jpg?v=1766929921","",""
"sapato-metropoliatan-james-hi-soft-32-preto","","","","","","","","","44","","","","","","0","","","deny","manual","90.00","300.00","TRUE","TRUE","","","","https://cdn.shopify.com/s/files/1/0721/1168/5771/files/167927-1600-1600.jpg?v=1766929921","",""
"sapato-easy-leave-preto","Sapato Easy Leave Preto","<div class=""vtex-flex-layout-0-x-flexColChild vtex-flex-layout-0-x-flexColChild--pdp__main-content-info pb2"">
<div class=""vtex-disclosure-layout-1-x-content vtex-disclosure-layout-1-x-content--description-and-specification vtex-disclosure-layout-1-x-content--visible vtex-disclosure-layout-1-x-content--description-and-specification--visible"" id=""id-0bq9rk"">
<div class=""vtex-store-components-3-x-productDescriptionContainer"">
<div class=""vtex-store-components-3-x-productDescriptionText c-muted-1"">
<div class=""vtex-flex-layout-0-x-flexColChild vtex-flex-layout-0-x-flexColChild--pdp__main-content-info pb2"">
<div class=""vtex-disclosure-layout-1-x-content vtex-disclosure-layout-1-x-content--description-and-specification vtex-disclosure-layout-1-x-content--visible vtex-disclosure-layout-1-x-content--description-and-specification--visible"" id=""id-q6svuq"">
<div class=""vtex-store-components-3-x-productDescriptionContainer"">
<div class=""vtex-store-components-3-x-productDescriptionText c-muted-1"">
<div class=""vtex-flex-layout-0-x-flexColChild vtex-flex-layout-0-x-flexColChild--pdp__main-content-info pb2"">
<div class=""vtex-disclosure-layout-1-x-content vtex-disclosure-layout-1-x-content--description-and-specification vtex-disclosure-layout-1-x-content--visible vtex-disclosure-layout-1-x-content--description-and-specification--visible"" id=""id-88bu9d"">
<div class=""vtex-store-components-3-x-productDescriptionContainer"">
<div class=""vtex-store-components-3-x-productDescriptionText c-muted-1"">
<div class=""vtex-flex-layout-0-x-flexColChild vtex-flex-layout-0-x-flexColChild--pdp__main-content-info pb2"">
<div class=""vtex-disclosure-layout-1-x-content vtex-disclosure-layout-1-x-content--description-and-specification vtex-disclosure-layout-1-x-content--visible vtex-disclosure-layout-1-x-content--description-and-specification--visible"" id=""id-88eldj"">
<div class=""vtex-store-components-3-x-productDescriptionContainer"">
<div class=""vtex-store-components-3-x-productDescriptionText c-muted-1"">
<p class=""MsoNormal"">O sapato de couro Preto Easy Leave é um produto moderno e casual. Confeccionado em couro na cor preto, o fechamento é em cadarço de elástico, cabedal detalhado com recortes e forro de tecido.</p>
<p class=""MsoNormal""> </p>
<p class=""MsoNormal"">O solado é de Borracha e a palmilha é feita de P.U.</p>
<p class=""MsoNormal"">Conceito Easy – praticidade e conforto no vestir. Projetado para o homem moderno.</p>
</div>
</div>
</div>
</div>
</div>
</div>
</div>
</div>
</div>
</div>
</div>
</div>
</div>
</div>
</div>
</div>","Tema Conversão","","","","true","Tamanho do calçado","37","","","","","","0","","","deny","manual","78.00","260.00","TRUE","TRUE","","https://cdn.shopify.com/s/files/1/0721/1168/5771/files/170042-1600-1600.jpg?v=1766929915","1","https://cdn.shopify.com/s/files/1/0721/1168/5771/files/170042-1600-1600.jpg?v=1766929915","","active"
"sapato-easy-leave-preto","","","","","","","","","38","","","","","","0","","","deny","manual","78.00","260.00","TRUE","TRUE","","https://cdn.shopify.com/s/files/1/0721/1168/5771/files/170043-1600-1600.jpg?v=1766929916","2","https://cdn.shopify.com/s/files/1/0721/1168/5771/files/170042-1600-1600.jpg?v=1766929915","",""
"sapato-easy-leave-preto","","","","","","","","","39","","","","","","0","","","deny","manual","78.00","260.00","TRUE","TRUE","","https://cdn.shopify.com/s/files/1/0721/1168/5771/files/170044-1600-1600.jpg?v=1766929915","3","https://cdn.shopify.com/s/files/1/0721/1168/5771/files/170042-1600-1600.jpg?v=1766929915","",""
"sapato-easy-leave-preto","","","","","","","","","40","","","","","","0","","","deny","manual","78.00","260.00","TRUE","TRUE","","https://cdn.shopify.com/s/files/1/0721/1168/5771/files/170045-1600-1600.jpg?v=1766929915","4","https://cdn.shopify.com/s/files/1/0721/1168/5771/files/170042-1600-1600.jpg?v=1766929915","",""
"sapato-easy-leave-preto","","","","","","","","","41","","","","","","0","","","deny","manual","78.00","260.00","TRUE","TRUE","","","","https://cdn.shopify.com/s/files/1/0721/1168/5771/files/170042-1600-1600.jpg?v=1766929915","",""
"sapato-easy-leave-preto","","","","","","","","","42","","","","","","0","","","deny","manual","78.00","260.00","TRUE","TRUE","","","","https://cdn.shopify.com/s/files/1/0721/1168/5771/files/170042-1600-1600.jpg?v=1766929915","",""
"sapato-easy-leave-preto","","","","","","","","","43","","","","","","0","","","deny","manual","78.00","260.00","TRUE","TRUE","","","","https://cdn.shopify.com/s/files/1/0721/1168/5771/files/170042-1600-1600.jpg?v=1766929915","",""
"sapato-easy-leave-preto","","","","","","","","","44","","","","","","0","","","deny","manual","78.00","260.00","TRUE","TRUE","","","","https://cdn.shopify.com/s/files/1/0721/1168/5771/files/170042-1600-1600.jpg?v=1766929915","",""
"sapato-easy-leave-navy","Sapato Easy Leave Navy","<div class=""vtex-flex-layout-0-x-flexColChild vtex-flex-layout-0-x-flexColChild--pdp__main-content-info pb2"">
<div id=""id-0bq9rk"" class=""vtex-disclosure-layout-1-x-content vtex-disclosure-layout-1-x-content--description-and-specification vtex-disclosure-layout-1-x-content--visible vtex-disclosure-layout-1-x-content--description-and-specification--visible"">
<div class=""vtex-store-components-3-x-productDescriptionContainer"">
<div class=""vtex-store-components-3-x-productDescriptionText c-muted-1"">
<div class=""vtex-flex-layout-0-x-flexColChild vtex-flex-layout-0-x-flexColChild--pdp__main-content-info pb2"">
<div id=""id-q6svuq"" class=""vtex-disclosure-layout-1-x-content vtex-disclosure-layout-1-x-content--description-and-specification vtex-disclosure-layout-1-x-content--visible vtex-disclosure-layout-1-x-content--description-and-specification--visible"">
<div class=""vtex-store-components-3-x-productDescriptionContainer"">
<div class=""vtex-store-components-3-x-productDescriptionText c-muted-1"">
<div class=""vtex-flex-layout-0-x-flexColChild vtex-flex-layout-0-x-flexColChild--pdp__main-content-info pb2"">
<div id=""id-88bu9d"" class=""vtex-disclosure-layout-1-x-content vtex-disclosure-layout-1-x-content--description-and-specification vtex-disclosure-layout-1-x-content--visible vtex-disclosure-layout-1-x-content--description-and-specification--visible"">
<div class=""vtex-store-components-3-x-productDescriptionContainer"">
<div class=""vtex-store-components-3-x-productDescriptionText c-muted-1"">
<div class=""vtex-flex-layout-0-x-flexColChild vtex-flex-layout-0-x-flexColChild--pdp__main-content-info pb2"">
<div id=""id-88eldj"" class=""vtex-disclosure-layout-1-x-content vtex-disclosure-layout-1-x-content--description-and-specification vtex-disclosure-layout-1-x-content--visible vtex-disclosure-layout-1-x-content--description-and-specification--visible"">
<div class=""vtex-store-components-3-x-productDescriptionContainer"">
<div class=""vtex-store-components-3-x-productDescriptionText c-muted-1"">
<p class=""MsoNormal""><a href=""https://democrata.vtexassets.com/arquivos/ids/169919-1600-1600?v=638447391965430000&amp;amp;width=1600&amp;amp;height=1600&amp;amp;aspect=true"">O sapato de couro Navy Easy Leave é um produto moderno e casual. Confeccionado em couro na cor navy, o fechamento é em cadarço de elástico, cabedal detalhado com recortes e forro de tecido.</a></p>
<p class=""MsoNormal""> </p>
<p class=""MsoNormal""><a href=""https://democrata.vtexassets.com/arquivos/ids/169919-1600-1600?v=638447391965430000&amp;amp;width=1600&amp;amp;height=1600&amp;amp;aspect=true"">O solado é de Borracha e a palmilha é feita de P.U.</a></p>
<p class=""MsoNormal""><a href=""https://democrata.vtexassets.com/arquivos/ids/169919-1600-1600?v=638447391965430000&amp;amp;width=1600&amp;amp;height=1600&amp;amp;aspect=true"">Conceito Easy – praticidade e conforto no vestir. Projetado para o homem moderno.</a></p>
</div>
</div>
</div>
</div>
</div>
</div>
</div>
</div>
</div>
</div>
</div>
</div>
</div>
</div>
</div>
</div>","Tema Conversão","","","","true","Tamanho do calçado","37","","","","","","0","","","deny","manual","78.00","260.00","TRUE","TRUE","","https://cdn.shopify.com/s/files/1/0721/1168/5771/files/169919-1600-1600.jpg?v=1766929914","1","https://cdn.shopify.com/s/files/1/0721/1168/5771/files/169919-1600-1600.jpg?v=1766929914","","active"
"sapato-easy-leave-navy","","","","","","","","","38","","","","","","0","","","deny","manual","78.00","260.00","TRUE","TRUE","","https://cdn.shopify.com/s/files/1/0721/1168/5771/files/169920-1600-1600.jpg?v=1766929914","2","https://cdn.shopify.com/s/files/1/0721/1168/5771/files/169919-1600-1600.jpg?v=1766929914","",""
"sapato-easy-leave-navy","","","","","","","","","39","","","","","","0","","","deny","manual","78.00","260.00","TRUE","TRUE","","https://cdn.shopify.com/s/files/1/0721/1168/5771/files/169921-1600-1600.jpg?v=1766929914","3","https://cdn.shopify.com/s/files/1/0721/1168/5771/files/169919-1600-1600.jpg?v=1766929914","",""
"sapato-easy-leave-navy","","","","","","","","","40","","","","","","0","","","deny","manual","78.00","260.00","TRUE","TRUE","","https://cdn.shopify.com/s/files/1/0721/1168/5771/files/169922-1600-1600.jpg?v=1766929915","4","https://cdn.shopify.com/s/files/1/0721/1168/5771/files/169919-1600-1600.jpg?v=1766929914","",""
"sapato-easy-leave-navy","","","","","","","","","41","","","","","","0","","","deny","manual","78.00","260.00","TRUE","TRUE","","","","https://cdn.shopify.com/s/files/1/0721/1168/5771/files/169919-1600-1600.jpg?v=1766929914","",""
"sapato-easy-leave-navy","","","","","","","","","42","","","","","","0","","","deny","manual","78.00","260.00","TRUE","TRUE","","","","https://cdn.shopify.com/s/files/1/0721/1168/5771/files/169919-1600-1600.jpg?v=1766929914","",""
"sapato-easy-leave-navy","","","","","","","","","43","","","","","","0","","","deny","manual","78.00","260.00","TRUE","TRUE","","","","https://cdn.shopify.com/s/files/1/0721/1168/5771/files/169919-1600-1600.jpg?v=1766929914","",""
"sapato-easy-leave-navy","","","","","","","","","44","","","","","","0","","","deny","manual","78.00","260.00","TRUE","TRUE","","","","https://cdn.shopify.com/s/files/1/0721/1168/5771/files/169919-1600-1600.jpg?v=1766929914","",""
"sapato-easy-leave-marrom","Sapato Easy Leave Marrom","<div class=""vtex-flex-layout-0-x-flexColChild vtex-flex-layout-0-x-flexColChild--pdp__main-content-info pb2"">
<div class=""vtex-disclosure-layout-1-x-content vtex-disclosure-layout-1-x-content--description-and-specification vtex-disclosure-layout-1-x-content--visible vtex-disclosure-layout-1-x-content--description-and-specification--visible"" id=""id-0bq9rk"">
<div class=""vtex-store-components-3-x-productDescriptionContainer"">
<div class=""vtex-store-components-3-x-productDescriptionText c-muted-1"">
<div class=""vtex-flex-layout-0-x-flexColChild vtex-flex-layout-0-x-flexColChild--pdp__main-content-info pb2"">
<div class=""vtex-disclosure-layout-1-x-content vtex-disclosure-layout-1-x-content--description-and-specification vtex-disclosure-layout-1-x-content--visible vtex-disclosure-layout-1-x-content--description-and-specification--visible"" id=""id-q6svuq"">
<div class=""vtex-store-components-3-x-productDescriptionContainer"">
<div class=""vtex-store-components-3-x-productDescriptionText c-muted-1"">
<div class=""vtex-flex-layout-0-x-flexColChild vtex-flex-layout-0-x-flexColChild--pdp__main-content-info pb2"">
<div class=""vtex-disclosure-layout-1-x-content vtex-disclosure-layout-1-x-content--description-and-specification vtex-disclosure-layout-1-x-content--visible vtex-disclosure-layout-1-x-content--description-and-specification--visible"" id=""id-88bu9d"">
<div class=""vtex-store-components-3-x-productDescriptionContainer"">
<div class=""vtex-store-components-3-x-productDescriptionText c-muted-1"">
<div class=""vtex-flex-layout-0-x-flexColChild vtex-flex-layout-0-x-flexColChild--pdp__main-content-info pb2"">
<div class=""vtex-disclosure-layout-1-x-content vtex-disclosure-layout-1-x-content--description-and-specification vtex-disclosure-layout-1-x-content--visible vtex-disclosure-layout-1-x-content--description-and-specification--visible"" id=""id-88eldj"">
<div class=""vtex-store-components-3-x-productDescriptionContainer"">
<div class=""vtex-store-components-3-x-productDescriptionText c-muted-1"">
<p class=""MsoNormal"">O sapato de couro Marrom Easy Leave é um produto moderno e casual. Confeccionado em couro na cor marrom, o fechamento é em cadarço de elástico, cabedal detalhado com recortes e forro de tecido.</p>
<p class=""MsoNormal""> </p>
<p class=""MsoNormal"">O solado é de Borracha e a palmilha é feita de P.U.</p>
<p class=""MsoNormal"">Conceito Easy – praticidade e conforto no vestir. Projetado para o homem moderno.</p>
</div>
</div>
</div>
</div>
</div>
</div>
</div>
</div>
</div>
</div>
</div>
</div>
</div>
</div>
</div>
</div>","Tema Conversão","","","","true","Tamanho do calçado","37","","","","","","0","","","deny","manual","78.00","260.00","TRUE","TRUE","","https://cdn.shopify.com/s/files/1/0721/1168/5771/files/169915-1600-1600.jpg?v=1766929915","1","https://cdn.shopify.com/s/files/1/0721/1168/5771/files/169915-1600-1600.jpg?v=1766929915","","active"
"sapato-easy-leave-marrom","","","","","","","","","38","","","","","","0","","","deny","manual","78.00","260.00","TRUE","TRUE","","https://cdn.shopify.com/s/files/1/0721/1168/5771/files/169916-1600-1600.jpg?v=1766929914","2","https://cdn.shopify.com/s/files/1/0721/1168/5771/files/169915-1600-1600.jpg?v=1766929915","",""
"sapato-easy-leave-marrom","","","","","","","","","39","","","","","","0","","","deny","manual","78.00","260.00","TRUE","TRUE","","https://cdn.shopify.com/s/files/1/0721/1168/5771/files/169917-1600-1600.jpg?v=1766929916","3","https://cdn.shopify.com/s/files/1/0721/1168/5771/files/169915-1600-1600.jpg?v=1766929915","",""
"sapato-easy-leave-marrom","","","","","","","","","40","","","","","","0","","","deny","manual","78.00","260.00","TRUE","TRUE","","https://cdn.shopify.com/s/files/1/0721/1168/5771/files/169918-1600-1600.jpg?v=1766929914","4","https://cdn.shopify.com/s/files/1/0721/1168/5771/files/169915-1600-1600.jpg?v=1766929915","",""
"sapato-easy-leave-marrom","","","","","","","","","41","","","","","","0","","","deny","manual","78.00","260.00","TRUE","TRUE","","","","https://cdn.shopify.com/s/files/1/0721/1168/5771/files/169915-1600-1600.jpg?v=1766929915","",""
"sapato-easy-leave-marrom","","","","","","","","","42","","","","","","0","","","deny","manual","78.00","260.00","TRUE","TRUE","","","","https://cdn.shopify.com/s/files/1/0721/1168/5771/files/169915-1600-1600.jpg?v=1766929915","",""
"sapato-easy-leave-marrom","","","","","","","","","43","","","","","","0","","","deny","manual","78.00","260.00","TRUE","TRUE","","","","https://cdn.shopify.com/s/files/1/0721/1168/5771/files/169915-1600-1600.jpg?v=1766929915","",""
"sapato-easy-leave-marrom","","","","","","","","","44","","","","","","0","","","deny","manual","78.00","260.00","TRUE","TRUE","","","","https://cdn.shopify.com/s/files/1/0721/1168/5771/files/169915-1600-1600.jpg?v=1766929915","",""
"sapato-easy-angra-navy","Sapato Easy Angra Navy","<div class=""vtex-flex-layout-0-x-flexColChild vtex-flex-layout-0-x-flexColChild--pdp__main-content-info pb2"">
<div id=""id-0bq9rk"" class=""vtex-disclosure-layout-1-x-content vtex-disclosure-layout-1-x-content--description-and-specification vtex-disclosure-layout-1-x-content--visible vtex-disclosure-layout-1-x-content--description-and-specification--visible"">
<div class=""vtex-store-components-3-x-productDescriptionContainer"">
<div class=""vtex-store-components-3-x-productDescriptionText c-muted-1"">
<div class=""vtex-flex-layout-0-x-flexColChild vtex-flex-layout-0-x-flexColChild--pdp__main-content-info pb2"">
<div id=""id-q6svuq"" class=""vtex-disclosure-layout-1-x-content vtex-disclosure-layout-1-x-content--description-and-specification vtex-disclosure-layout-1-x-content--visible vtex-disclosure-layout-1-x-content--description-and-specification--visible"">
<div class=""vtex-store-components-3-x-productDescriptionContainer"">
<div class=""vtex-store-components-3-x-productDescriptionText c-muted-1"">
<div class=""vtex-flex-layout-0-x-flexColChild vtex-flex-layout-0-x-flexColChild--pdp__main-content-info pb2"">
<div id=""id-88bu9d"" class=""vtex-disclosure-layout-1-x-content vtex-disclosure-layout-1-x-content--description-and-specification vtex-disclosure-layout-1-x-content--visible vtex-disclosure-layout-1-x-content--description-and-specification--visible"">
<div class=""vtex-store-components-3-x-productDescriptionContainer"">
<div class=""vtex-store-components-3-x-productDescriptionText c-muted-1"">
<div class=""vtex-flex-layout-0-x-flexColChild vtex-flex-layout-0-x-flexColChild--pdp__main-content-info pb2"">
<div id=""id-88eldj"" class=""vtex-disclosure-layout-1-x-content vtex-disclosure-layout-1-x-content--description-and-specification vtex-disclosure-layout-1-x-content--visible vtex-disclosure-layout-1-x-content--description-and-specification--visible"">
<div class=""vtex-store-components-3-x-productDescriptionContainer"">
<div class=""vtex-store-components-3-x-productDescriptionText c-muted-1"">
<div><span>O <b>Mocassim de Couro Easy</b> da Linha Angra é perfeito para o uso diário devido a sua leveza.</span></div>
<div><span>Ele possui frente do cabedal costurado a mão com tira em couro, detalhe em metal com o nome da marca na parte superior,  forro de tecido, solado de borracha e bico arrendodado. Além disso, a palmilha macia de p.u proporciona mais conforto.</span></div>
</div>
</div>
</div>
</div>
</div>
</div>
</div>
</div>
</div>
</div>
</div>
</div>
</div>
</div>
</div>
</div>","Tema Conversão","","","","true","Tamanho do calçado","37","","","","","","0","","","deny","manual","90.00","300.00","TRUE","TRUE","","https://cdn.shopify.com/s/files/1/0721/1168/5771/files/170614-1600-1600.jpg?v=1766929903","1","https://cdn.shopify.com/s/files/1/0721/1168/5771/files/170614-1600-1600.jpg?v=1766929903","","active"
"sapato-easy-angra-navy","","","","","","","","","38","","","","","","0","","","deny","manual","90.00","300.00","TRUE","TRUE","","https://cdn.shopify.com/s/files/1/0721/1168/5771/files/170615-1600-1600.jpg?v=1766929904","2","https://cdn.shopify.com/s/files/1/0721/1168/5771/files/170614-1600-1600.jpg?v=1766929903","",""
"sapato-easy-angra-navy","","","","","","","","","39","","","","","","0","","","deny","manual","90.00","300.00","TRUE","TRUE","","https://cdn.shopify.com/s/files/1/0721/1168/5771/files/170616-1600-1600.jpg?v=1766929905","3","https://cdn.shopify.com/s/files/1/0721/1168/5771/files/170614-1600-1600.jpg?v=1766929903","",""
"sapato-easy-angra-navy","","","","","","","","","40","","","","","","0","","","deny","manual","90.00","300.00","TRUE","TRUE","","https://cdn.shopify.com/s/files/1/0721/1168/5771/files/170617-1600-1600.jpg?v=1766929904","4","https://cdn.shopify.com/s/files/1/0721/1168/5771/files/170614-1600-1600.jpg?v=1766929903","",""
"sapato-easy-angra-navy","","","","","","","","","41","","","","","","0","","","deny","manual","90.00","300.00","TRUE","TRUE","","","","https://cdn.shopify.com/s/files/1/0721/1168/5771/files/170614-1600-1600.jpg?v=1766929903","",""
"sapato-easy-angra-navy","","","","","","","","","42","","","","","","0","","","deny","manual","90.00","300.00","TRUE","TRUE","","","","https://cdn.shopify.com/s/files/1/0721/1168/5771/files/170614-1600-1600.jpg?v=1766929903","",""
"sapato-easy-angra-navy","","","","","","","","","43","","","","","","0","","","deny","manual","90.00","300.00","TRUE","TRUE","","","","https://cdn.shopify.com/s/files/1/0721/1168/5771/files/170614-1600-1600.jpg?v=1766929903","",""
"sapato-easy-angra-navy","","","","","","","","","44","","","","","","0","","","deny","manual","90.00","300.00","TRUE","TRUE","","","","https://cdn.shopify.com/s/files/1/0721/1168/5771/files/170614-1600-1600.jpg?v=1766929903","",""
"sapato-denim-bold-preto","Sapato Denim Bold Preto","<div class=""vtex-flex-layout-0-x-flexColChild vtex-flex-layout-0-x-flexColChild--pdp__main-content-info pb2"">
<div id=""id-0bq9rk"" class=""vtex-disclosure-layout-1-x-content vtex-disclosure-layout-1-x-content--description-and-specification vtex-disclosure-layout-1-x-content--visible vtex-disclosure-layout-1-x-content--description-and-specification--visible"">
<div class=""vtex-store-components-3-x-productDescriptionContainer"">
<div class=""vtex-store-components-3-x-productDescriptionText c-muted-1"">
<div class=""vtex-flex-layout-0-x-flexColChild vtex-flex-layout-0-x-flexColChild--pdp__main-content-info pb2"">
<div id=""id-q6svuq"" class=""vtex-disclosure-layout-1-x-content vtex-disclosure-layout-1-x-content--description-and-specification vtex-disclosure-layout-1-x-content--visible vtex-disclosure-layout-1-x-content--description-and-specification--visible"">
<div class=""vtex-store-components-3-x-productDescriptionContainer"">
<div class=""vtex-store-components-3-x-productDescriptionText c-muted-1"">
<div class=""vtex-flex-layout-0-x-flexColChild vtex-flex-layout-0-x-flexColChild--pdp__main-content-info pb2"">
<div id=""id-88bu9d"" class=""vtex-disclosure-layout-1-x-content vtex-disclosure-layout-1-x-content--description-and-specification vtex-disclosure-layout-1-x-content--visible vtex-disclosure-layout-1-x-content--description-and-specification--visible"">
<div class=""vtex-store-components-3-x-productDescriptionContainer"">
<div class=""vtex-store-components-3-x-productDescriptionText c-muted-1"">
<p class=""MsoNormal"">O Sapato de Couro Preto Denim Bold é um produto confortável e moderno, se destacando pelo solado que possui grande durabilidade.</p>
<p class=""MsoNormal"">Confeccionado em couro na cor preto.  Possui o fechamento sem cadarço facilitando o calce, bico arredondado e detalhe da logo da marca na lateral. Possui uma costura na parte superior do cabedal.</p>
<p class=""MsoNormal"">Sua sola é feita de Micro Expandido, aumentando a sua durabilidade e a sua palmilha é macia feita de P.U com forro de tecido.</p>
<p class=""MsoNormal"">O conceito Denim oferece liberdade para transitar de uma reunião de trabalho para um happy hour e estar bem vestido. Contemporâneo, despojado, confortável e leve, perfeito para o uso no dia a dia.</p>
</div>
</div>
</div>
</div>
</div>
</div>
</div>
</div>
</div>
</div>
</div>
</div>","Tema Conversão","","","","true","Tamanho do calçado","37","","","","","","0","","","deny","manual","78.00","260.00","TRUE","TRUE","","https://cdn.shopify.com/s/files/1/0721/1168/5771/files/170453-1600-1600.jpg?v=1766929958","1","https://cdn.shopify.com/s/files/1/0721/1168/5771/files/170453-1600-1600.jpg?v=1766929958","","active"
"sapato-denim-bold-preto","","","","","","","","","38","","","","","","0","","","deny","manual","78.00","260.00","TRUE","TRUE","","https://cdn.shopify.com/s/files/1/0721/1168/5771/files/170454-1600-1600.jpg?v=1766929958","2","https://cdn.shopify.com/s/files/1/0721/1168/5771/files/170453-1600-1600.jpg?v=1766929958","",""
"sapato-denim-bold-preto","","","","","","","","","39","","","","","","0","","","deny","manual","78.00","260.00","TRUE","TRUE","","https://cdn.shopify.com/s/files/1/0721/1168/5771/files/170455-1600-1600.jpg?v=1766929958","3","https://cdn.shopify.com/s/files/1/0721/1168/5771/files/170453-1600-1600.jpg?v=1766929958","",""
"sapato-denim-bold-preto","","","","","","","","","40","","","","","","0","","","deny","manual","78.00","260.00","TRUE","TRUE","","https://cdn.shopify.com/s/files/1/0721/1168/5771/files/170456-1600-1600.jpg?v=1766929957","4","https://cdn.shopify.com/s/files/1/0721/1168/5771/files/170453-1600-1600.jpg?v=1766929958","",""
"sapato-denim-bold-preto","","","","","","","","","41","","","","","","0","","","deny","manual","78.00","260.00","TRUE","TRUE","","","","https://cdn.shopify.com/s/files/1/0721/1168/5771/files/170453-1600-1600.jpg?v=1766929958","",""
"sapato-denim-bold-preto","","","","","","","","","42","","","","","","0","","","deny","manual","78.00","260.00","TRUE","TRUE","","","","https://cdn.shopify.com/s/files/1/0721/1168/5771/files/170453-1600-1600.jpg?v=1766929958","",""
"sapato-denim-bold-preto","","","","","","","","","43","","","","","","0","","","deny","manual","78.00","260.00","TRUE","TRUE","","","","https://cdn.shopify.com/s/files/1/0721/1168/5771/files/170453-1600-1600.jpg?v=1766929958","",""
"sapato-denim-bold-preto","","","","","","","","","44","","","","","","0","","","deny","manual","78.00","260.00","TRUE","TRUE","","","","https://cdn.shopify.com/s/files/1/0721/1168/5771/files/170453-1600-1600.jpg?v=1766929958","",""
"sapato-denim-bold-mogno","Sapato Denim Bold Mogno","<div class=""vtex-flex-layout-0-x-flexColChild vtex-flex-layout-0-x-flexColChild--pdp__main-content-info pb2"">
<div id=""id-0bq9rk"" class=""vtex-disclosure-layout-1-x-content vtex-disclosure-layout-1-x-content--description-and-specification vtex-disclosure-layout-1-x-content--visible vtex-disclosure-layout-1-x-content--description-and-specification--visible"">
<div class=""vtex-store-components-3-x-productDescriptionContainer"">
<div class=""vtex-store-components-3-x-productDescriptionText c-muted-1"">
<div class=""vtex-flex-layout-0-x-flexColChild vtex-flex-layout-0-x-flexColChild--pdp__main-content-info pb2"">
<div id=""id-q6svuq"" class=""vtex-disclosure-layout-1-x-content vtex-disclosure-layout-1-x-content--description-and-specification vtex-disclosure-layout-1-x-content--visible vtex-disclosure-layout-1-x-content--description-and-specification--visible"">
<div class=""vtex-store-components-3-x-productDescriptionContainer"">
<div class=""vtex-store-components-3-x-productDescriptionText c-muted-1"">
<div class=""vtex-flex-layout-0-x-flexColChild vtex-flex-layout-0-x-flexColChild--pdp__main-content-info pb2"">
<div id=""id-88bu9d"" class=""vtex-disclosure-layout-1-x-content vtex-disclosure-layout-1-x-content--description-and-specification vtex-disclosure-layout-1-x-content--visible vtex-disclosure-layout-1-x-content--description-and-specification--visible"">
<div class=""vtex-store-components-3-x-productDescriptionContainer"">
<div class=""vtex-store-components-3-x-productDescriptionText c-muted-1"">
<div class=""vtex-flex-layout-0-x-flexColChild vtex-flex-layout-0-x-flexColChild--pdp__main-content-info pb2"">
<div id=""id-88eldj"" class=""vtex-disclosure-layout-1-x-content vtex-disclosure-layout-1-x-content--description-and-specification vtex-disclosure-layout-1-x-content--visible vtex-disclosure-layout-1-x-content--description-and-specification--visible"">
<div class=""vtex-store-components-3-x-productDescriptionContainer"">
<div class=""vtex-store-components-3-x-productDescriptionText c-muted-1"">
<p class=""MsoNormal"">O Sapato de Couro Mogno Denim Bold é um produto confortável e moderno, se destacando pelo solado que possui grande durabilidade.</p>
<p class=""MsoNormal"">Confeccionado em couro na cor mogno. Possui o fechamento sem cadarço facilitando o calce, bico arredondado e detalhe da logo da marca na lateral. Possui uma costura na parte superior do cabedal.</p>
<p class=""MsoNormal"">Sua sola é feita de Micro Expandido, aumentando a sua durabilidade e a sua palmilha é macia feita de P.U com forro de tecido.</p>
<p class=""MsoNormal"">O conceito Denim oferece liberdade para transitar de uma reunião de trabalho para um happy hour e estar bem vestido. Contemporâneo, despojado, confortável e leve, perfeito para o uso no dia a dia.</p>
</div>
</div>
</div>
</div>
</div>
</div>
</div>
</div>
</div>
</div>
</div>
</div>
</div>
</div>
</div>
</div>","Tema Conversão","","","","true","Tamanho do calçado","37","","","","","","0","","","deny","manual","90.00","300.00","TRUE","TRUE","","https://cdn.shopify.com/s/files/1/0721/1168/5771/files/169661-1600-1600.jpg?v=1766929924","1","https://cdn.shopify.com/s/files/1/0721/1168/5771/files/169661-1600-1600.jpg?v=1766929924","","active"
"sapato-denim-bold-mogno","","","","","","","","","38","","","","","","0","","","deny","manual","90.00","300.00","TRUE","TRUE","","https://cdn.shopify.com/s/files/1/0721/1168/5771/files/169662-1600-1600.jpg?v=1766929924","2","https://cdn.shopify.com/s/files/1/0721/1168/5771/files/169661-1600-1600.jpg?v=1766929924","",""
"sapato-denim-bold-mogno","","","","","","","","","39","","","","","","0","","","deny","manual","90.00","300.00","TRUE","TRUE","","https://cdn.shopify.com/s/files/1/0721/1168/5771/files/169663-1600-1600.jpg?v=1766929924","3","https://cdn.shopify.com/s/files/1/0721/1168/5771/files/169661-1600-1600.jpg?v=1766929924","",""
"sapato-denim-bold-mogno","","","","","","","","","40","","","","","","0","","","deny","manual","90.00","300.00","TRUE","TRUE","","https://cdn.shopify.com/s/files/1/0721/1168/5771/files/169664-1600-1600.jpg?v=1766929924","4","https://cdn.shopify.com/s/files/1/0721/1168/5771/files/169661-1600-1600.jpg?v=1766929924","",""
"sapato-denim-bold-mogno","","","","","","","","","41","","","","","","0","","","deny","manual","90.00","300.00","TRUE","TRUE","","","","https://cdn.shopify.com/s/files/1/0721/1168/5771/files/169661-1600-1600.jpg?v=1766929924","",""
"sapato-denim-bold-mogno","","","","","","","","","42","","","","","","0","","","deny","manual","90.00","300.00","TRUE","TRUE","","","","https://cdn.shopify.com/s/files/1/0721/1168/5771/files/169661-1600-1600.jpg?v=1766929924","",""
"sapato-denim-bold-mogno","","","","","","","","","43","","","","","","0","","","deny","manual","90.00","300.00","TRUE","TRUE","","","","https://cdn.shopify.com/s/files/1/0721/1168/5771/files/169661-1600-1600.jpg?v=1766929924","",""
"sapato-denim-bold-mogno","","","","","","","","","44","","","","","","0","","","deny","manual","90.00","300.00","TRUE","TRUE","","","","https://cdn.shopify.com/s/files/1/0721/1168/5771/files/169661-1600-1600.jpg?v=1766929924","",""
"sapato-de-couro-smart-comfort-madison-hi-soft-32-marrom-cadarco","Sapato de Couro Smart Comfort Madison Hi-Soft 32 Marrom Cadarço","<div class=""vtex-flex-layout-0-x-flexColChild vtex-flex-layout-0-x-flexColChild--pdp__main-content-info pb2"">
<div id=""id-0bq9rk"" class=""vtex-disclosure-layout-1-x-content vtex-disclosure-layout-1-x-content--description-and-specification vtex-disclosure-layout-1-x-content--visible vtex-disclosure-layout-1-x-content--description-and-specification--visible"">
<div class=""vtex-store-components-3-x-productDescriptionContainer"">
<div class=""vtex-store-components-3-x-productDescriptionText c-muted-1"">
<div class=""vtex-flex-layout-0-x-flexColChild vtex-flex-layout-0-x-flexColChild--pdp__main-content-info pb2"">
<div id=""id-q6svuq"" class=""vtex-disclosure-layout-1-x-content vtex-disclosure-layout-1-x-content--description-and-specification vtex-disclosure-layout-1-x-content--visible vtex-disclosure-layout-1-x-content--description-and-specification--visible"">
<div class=""vtex-store-components-3-x-productDescriptionContainer"">
<div class=""vtex-store-components-3-x-productDescriptionText c-muted-1"">
<div class=""vtex-flex-layout-0-x-flexColChild vtex-flex-layout-0-x-flexColChild--pdp__main-content-info pb2"">
<div id=""id-88bu9d"" class=""vtex-disclosure-layout-1-x-content vtex-disclosure-layout-1-x-content--description-and-specification vtex-disclosure-layout-1-x-content--visible vtex-disclosure-layout-1-x-content--description-and-specification--visible"">
<div class=""vtex-store-components-3-x-productDescriptionContainer"">
<div class=""vtex-store-components-3-x-productDescriptionText c-muted-1"">
<div class=""vtex-flex-layout-0-x-flexColChild vtex-flex-layout-0-x-flexColChild--pdp__main-content-info pb2"">
<div id=""id-88eldj"" class=""vtex-disclosure-layout-1-x-content vtex-disclosure-layout-1-x-content--description-and-specification vtex-disclosure-layout-1-x-content--visible vtex-disclosure-layout-1-x-content--description-and-specification--visible"">
<div class=""vtex-store-components-3-x-productDescriptionContainer"">
<div class=""vtex-store-components-3-x-productDescriptionText c-muted-1"">
<p>O<span> </span><strong>Sapato de Couro Marrom</strong><span> </span>Smart Comfort da linha Madison traz em destaque o conforto e design moderno.</p>
<p>Ele possui cabedal com recortes e detalhes em micropontos na lateral, forro de tecido, fechamento por cadarço de amarrar e sola de borracha com salto. Também conta com<span> </span><strong>palmilha em PU e com a tecnologia hi-soft 32</strong>, que oferece absoluto conforto para os seus pés.</p>
<p>Linha Madison: calçados com design moderno e conforto para todos os momentos.</p>
</div>
</div>
</div>
</div>
</div>
</div>
</div>
</div>
</div>
</div>
</div>
</div>
</div>
</div>
</div>
</div>","Tema Conversão","","","","true","Tamanho do calçado","37","","","","","","0","","","deny","manual","90.00","300.00","TRUE","TRUE","","https://cdn.shopify.com/s/files/1/0721/1168/5771/files/166312-1600-1600.jpg?v=1766929916","1","https://cdn.shopify.com/s/files/1/0721/1168/5771/files/166312-1600-1600.jpg?v=1766929916","","active"
"sapato-de-couro-smart-comfort-madison-hi-soft-32-marrom-cadarco","","","","","","","","","38","","","","","","0","","","deny","manual","90.00","300.00","TRUE","TRUE","","https://cdn.shopify.com/s/files/1/0721/1168/5771/files/166313-1600-1600.jpg?v=1766929918","2","https://cdn.shopify.com/s/files/1/0721/1168/5771/files/166312-1600-1600.jpg?v=1766929916","",""
"sapato-de-couro-smart-comfort-madison-hi-soft-32-marrom-cadarco","","","","","","","","","39","","","","","","0","","","deny","manual","90.00","300.00","TRUE","TRUE","","https://cdn.shopify.com/s/files/1/0721/1168/5771/files/166314-1600-1600.jpg?v=1766929917","3","https://cdn.shopify.com/s/files/1/0721/1168/5771/files/166312-1600-1600.jpg?v=1766929916","",""
"sapato-de-couro-smart-comfort-madison-hi-soft-32-marrom-cadarco","","","","","","","","","40","","","","","","0","","","deny","manual","90.00","300.00","TRUE","TRUE","","https://cdn.shopify.com/s/files/1/0721/1168/5771/files/166315-1600-1600.jpg?v=1766929916","4","https://cdn.shopify.com/s/files/1/0721/1168/5771/files/166312-1600-1600.jpg?v=1766929916","",""
"sapato-de-couro-smart-comfort-madison-hi-soft-32-marrom-cadarco","","","","","","","","","41","","","","","","0","","","deny","manual","90.00","300.00","TRUE","TRUE","","https://cdn.shopify.com/s/files/1/0721/1168/5771/files/167536-1600-1600.jpg?v=1766929916","5","https://cdn.shopify.com/s/files/1/0721/1168/5771/files/166312-1600-1600.jpg?v=1766929916","",""
"sapato-de-couro-smart-comfort-madison-hi-soft-32-marrom-cadarco","","","","","","","","","42","","","","","","0","","","deny","manual","90.00","300.00","TRUE","TRUE","","","","https://cdn.shopify.com/s/files/1/0721/1168/5771/files/166312-1600-1600.jpg?v=1766929916","",""
"sapato-de-couro-smart-comfort-madison-hi-soft-32-marrom-cadarco","","","","","","","","","43","","","","","","0","","","deny","manual","90.00","300.00","TRUE","TRUE","","","","https://cdn.shopify.com/s/files/1/0721/1168/5771/files/166312-1600-1600.jpg?v=1766929916","",""
"sapato-de-couro-smart-comfort-madison-hi-soft-32-marrom-cadarco","","","","","","","","","44","","","","","","0","","","deny","manual","90.00","300.00","TRUE","TRUE","","","","https://cdn.shopify.com/s/files/1/0721/1168/5771/files/166312-1600-1600.jpg?v=1766929916","",""
"sapato-de-couro-metropolitan-bay-tan-cadarco","Sapato de Couro Metropolitan Bay Tan Cadarço","<div class=""vtex-flex-layout-0-x-flexColChild vtex-flex-layout-0-x-flexColChild--pdp__main-content-info pb2"">
<div class=""vtex-disclosure-layout-1-x-content vtex-disclosure-layout-1-x-content--description-and-specification vtex-disclosure-layout-1-x-content--visible vtex-disclosure-layout-1-x-content--description-and-specification--visible"" id=""id-0bq9rk"">
<div class=""vtex-store-components-3-x-productDescriptionContainer"">
<div class=""vtex-store-components-3-x-productDescriptionText c-muted-1"">
<div class=""vtex-flex-layout-0-x-flexColChild vtex-flex-layout-0-x-flexColChild--pdp__main-content-info pb2"">
<div class=""vtex-disclosure-layout-1-x-content vtex-disclosure-layout-1-x-content--description-and-specification vtex-disclosure-layout-1-x-content--visible vtex-disclosure-layout-1-x-content--description-and-specification--visible"" id=""id-q6svuq"">
<div class=""vtex-store-components-3-x-productDescriptionContainer"">
<div class=""vtex-store-components-3-x-productDescriptionText c-muted-1"">
<div class=""vtex-flex-layout-0-x-flexColChild vtex-flex-layout-0-x-flexColChild--pdp__main-content-info pb2"">
<div class=""vtex-disclosure-layout-1-x-content vtex-disclosure-layout-1-x-content--description-and-specification vtex-disclosure-layout-1-x-content--visible vtex-disclosure-layout-1-x-content--description-and-specification--visible"" id=""id-88bu9d"">
<div class=""vtex-store-components-3-x-productDescriptionContainer"">
<div class=""vtex-store-components-3-x-productDescriptionText c-muted-1"">
<div class=""vtex-flex-layout-0-x-flexColChild vtex-flex-layout-0-x-flexColChild--pdp__main-content-info pb2"">
<div class=""vtex-disclosure-layout-1-x-content vtex-disclosure-layout-1-x-content--description-and-specification vtex-disclosure-layout-1-x-content--visible vtex-disclosure-layout-1-x-content--description-and-specification--visible"" id=""id-88eldj"">
<div class=""vtex-store-components-3-x-productDescriptionContainer"">
<div class=""vtex-store-components-3-x-productDescriptionText c-muted-1"">
<p>O<span> </span><strong>Sapato Metropolitan Bay</strong><span> </span>é confeccionado<span> </span><strong>em couro na cor tan. Possui fechamento em cadarço de amarrar</strong>, cabedal detalhado com recortes e perfuros no couro, forro em sintético e tecido. Traz ainda sola de micro expandido e palmilha fixa.</p>
<p>Linha Metropolitan - Elegantes, modernos, sofisticados e confortáveis, os modelos dessa linha estão associados à composição de visual impecável – sóbrio e formal – do homem de gosto apurado.</p>
</div>
</div>
</div>
</div>
</div>
</div>
</div>
</div>
</div>
</div>
</div>
</div>
</div>
</div>
</div>
</div>","Tema Conversão","","","","true","Tamanho do calçado","37","","","","","","0","","","deny","manual","87.00","290.00","TRUE","TRUE","","https://cdn.shopify.com/s/files/1/0721/1168/5771/files/164553-1600-1600.jpg?v=1766929905","1","https://cdn.shopify.com/s/files/1/0721/1168/5771/files/164553-1600-1600.jpg?v=1766929905","","active"
"sapato-de-couro-metropolitan-bay-tan-cadarco","","","","","","","","","38","","","","","","0","","","deny","manual","87.00","290.00","TRUE","TRUE","","https://cdn.shopify.com/s/files/1/0721/1168/5771/files/164554-1600-1600.jpg?v=1766929906","2","https://cdn.shopify.com/s/files/1/0721/1168/5771/files/164553-1600-1600.jpg?v=1766929905","",""
"sapato-de-couro-metropolitan-bay-tan-cadarco","","","","","","","","","39","","","","","","0","","","deny","manual","87.00","290.00","TRUE","TRUE","","https://cdn.shopify.com/s/files/1/0721/1168/5771/files/164555-1600-1600.jpg?v=1766929905","3","https://cdn.shopify.com/s/files/1/0721/1168/5771/files/164553-1600-1600.jpg?v=1766929905","",""
"sapato-de-couro-metropolitan-bay-tan-cadarco","","","","","","","","","40","","","","","","0","","","deny","manual","87.00","290.00","TRUE","TRUE","","https://cdn.shopify.com/s/files/1/0721/1168/5771/files/167030-1600-1600.jpg?v=1766929905","4","https://cdn.shopify.com/s/files/1/0721/1168/5771/files/164553-1600-1600.jpg?v=1766929905","",""
"sapato-de-couro-metropolitan-bay-tan-cadarco","","","","","","","","","41","","","","","","0","","","deny","manual","87.00","290.00","TRUE","TRUE","","","","https://cdn.shopify.com/s/files/1/0721/1168/5771/files/164553-1600-1600.jpg?v=1766929905","",""
"sapato-de-couro-metropolitan-bay-tan-cadarco","","","","","","","","","42","","","","","","0","","","deny","manual","87.00","290.00","TRUE","TRUE","","","","https://cdn.shopify.com/s/files/1/0721/1168/5771/files/164553-1600-1600.jpg?v=1766929905","",""
"sapato-de-couro-metropolitan-bay-tan-cadarco","","","","","","","","","43","","","","","","0","","","deny","manual","87.00","290.00","TRUE","TRUE","","","","https://cdn.shopify.com/s/files/1/0721/1168/5771/files/164553-1600-1600.jpg?v=1766929905","",""
"sapato-de-couro-metropolitan-bay-tan-cadarco","","","","","","","","","44","","","","","","0","","","deny","manual","87.00","290.00","TRUE","TRUE","","","","https://cdn.shopify.com/s/files/1/0721/1168/5771/files/164553-1600-1600.jpg?v=1766929905","",""
"sapato-de-couro-metropolitan-bay-tan","Sapato de Couro Metropolitan Bay Tan","<div class=""vtex-flex-layout-0-x-flexColChild vtex-flex-layout-0-x-flexColChild--pdp__main-content-info pb2"">
<div class=""vtex-disclosure-layout-1-x-content vtex-disclosure-layout-1-x-content--description-and-specification vtex-disclosure-layout-1-x-content--visible vtex-disclosure-layout-1-x-content--description-and-specification--visible"" id=""id-0bq9rk"">
<div class=""vtex-store-components-3-x-productDescriptionContainer"">
<div class=""vtex-store-components-3-x-productDescriptionText c-muted-1"">
<div class=""vtex-flex-layout-0-x-flexColChild vtex-flex-layout-0-x-flexColChild--pdp__main-content-info pb2"">
<div class=""vtex-disclosure-layout-1-x-content vtex-disclosure-layout-1-x-content--description-and-specification vtex-disclosure-layout-1-x-content--visible vtex-disclosure-layout-1-x-content--description-and-specification--visible"" id=""id-q6svuq"">
<div class=""vtex-store-components-3-x-productDescriptionContainer"">
<div class=""vtex-store-components-3-x-productDescriptionText c-muted-1"">
<div class=""vtex-flex-layout-0-x-flexColChild vtex-flex-layout-0-x-flexColChild--pdp__main-content-info pb2"">
<div class=""vtex-disclosure-layout-1-x-content vtex-disclosure-layout-1-x-content--description-and-specification vtex-disclosure-layout-1-x-content--visible vtex-disclosure-layout-1-x-content--description-and-specification--visible"" id=""id-88bu9d"">
<div class=""vtex-store-components-3-x-productDescriptionContainer"">
<div class=""vtex-store-components-3-x-productDescriptionText c-muted-1"">
<div class=""vtex-flex-layout-0-x-flexColChild vtex-flex-layout-0-x-flexColChild--pdp__main-content-info pb2"">
<div class=""vtex-disclosure-layout-1-x-content vtex-disclosure-layout-1-x-content--description-and-specification vtex-disclosure-layout-1-x-content--visible vtex-disclosure-layout-1-x-content--description-and-specification--visible"" id=""id-88eldj"">
<div class=""vtex-store-components-3-x-productDescriptionContainer"">
<div class=""vtex-store-components-3-x-productDescriptionText c-muted-1"">
<p>O<span> </span><strong>Sapato Metropolitan Bay</strong><span> </span>é confeccionado em couro na cor tan. Possui recorte nas laterais facilitando o calce, cabedal detalhado com perfuros no couro na parte de trás, forro em sintético e tecido. Traz ainda sola de micro expandido e palmilha fixa.</p>
<p>Linha Metropolitan - Elegantes, modernos, sofisticados e confortáveis, os modelos dessa linha estão associados à composição de visual impecável – sóbrio e formal – do homem de gosto apurado.</p>
</div>
</div>
</div>
</div>
</div>
</div>
</div>
</div>
</div>
</div>
</div>
</div>
</div>
</div>
</div>
</div>","Tema Conversão","","","","true","Tamanho do calçado","37","","","","","","0","","","deny","manual","87.00","290.00","TRUE","TRUE","","https://cdn.shopify.com/s/files/1/0721/1168/5771/files/163644-1600-1600.jpg?v=1766929910","1","https://cdn.shopify.com/s/files/1/0721/1168/5771/files/163644-1600-1600.jpg?v=1766929910","","active"
"sapato-de-couro-metropolitan-bay-tan","","","","","","","","","38","","","","","","0","","","deny","manual","87.00","290.00","TRUE","TRUE","","https://cdn.shopify.com/s/files/1/0721/1168/5771/files/163645-1600-1600.jpg?v=1766929911","2","https://cdn.shopify.com/s/files/1/0721/1168/5771/files/163644-1600-1600.jpg?v=1766929910","",""
"sapato-de-couro-metropolitan-bay-tan","","","","","","","","","39","","","","","","0","","","deny","manual","87.00","290.00","TRUE","TRUE","","https://cdn.shopify.com/s/files/1/0721/1168/5771/files/163646-1600-1600.jpg?v=1766929910","3","https://cdn.shopify.com/s/files/1/0721/1168/5771/files/163644-1600-1600.jpg?v=1766929910","",""
"sapato-de-couro-metropolitan-bay-tan","","","","","","","","","40","","","","","","0","","","deny","manual","87.00","290.00","TRUE","TRUE","","https://cdn.shopify.com/s/files/1/0721/1168/5771/files/167029-1600-1600.jpg?v=1766929910","4","https://cdn.shopify.com/s/files/1/0721/1168/5771/files/163644-1600-1600.jpg?v=1766929910","",""
"sapato-de-couro-metropolitan-bay-tan","","","","","","","","","41","","","","","","0","","","deny","manual","87.00","290.00","TRUE","TRUE","","","","https://cdn.shopify.com/s/files/1/0721/1168/5771/files/163644-1600-1600.jpg?v=1766929910","",""
"sapato-de-couro-metropolitan-bay-tan","","","","","","","","","42","","","","","","0","","","deny","manual","87.00","290.00","TRUE","TRUE","","","","https://cdn.shopify.com/s/files/1/0721/1168/5771/files/163644-1600-1600.jpg?v=1766929910","",""
"sapato-de-couro-metropolitan-bay-tan","","","","","","","","","43","","","","","","0","","","deny","manual","87.00","290.00","TRUE","TRUE","","","","https://cdn.shopify.com/s/files/1/0721/1168/5771/files/163644-1600-1600.jpg?v=1766929910","",""
"sapato-de-couro-metropolitan-bay-tan","","","","","","","","","44","","","","","","0","","","deny","manual","87.00","290.00","TRUE","TRUE","","","","https://cdn.shopify.com/s/files/1/0721/1168/5771/files/163644-1600-1600.jpg?v=1766929910","",""
"sapato-clash-denim-preto","Sapato Clash Denim Preto","<div class=""vtex-flex-layout-0-x-flexColChild vtex-flex-layout-0-x-flexColChild--pdp__main-content-info pb2"">
<div class=""vtex-disclosure-layout-1-x-content vtex-disclosure-layout-1-x-content--description-and-specification vtex-disclosure-layout-1-x-content--visible vtex-disclosure-layout-1-x-content--description-and-specification--visible"" id=""id-0bq9rk"">
<div class=""vtex-store-components-3-x-productDescriptionContainer"">
<div class=""vtex-store-components-3-x-productDescriptionText c-muted-1"">
<div class=""vtex-flex-layout-0-x-flexColChild vtex-flex-layout-0-x-flexColChild--pdp__main-content-info pb2"">
<div class=""vtex-disclosure-layout-1-x-content vtex-disclosure-layout-1-x-content--description-and-specification vtex-disclosure-layout-1-x-content--visible vtex-disclosure-layout-1-x-content--description-and-specification--visible"" id=""id-q6svuq"">
<div class=""vtex-store-components-3-x-productDescriptionContainer"">
<div class=""vtex-store-components-3-x-productDescriptionText c-muted-1"">
<div class=""vtex-flex-layout-0-x-flexColChild vtex-flex-layout-0-x-flexColChild--pdp__main-content-info pb2"">
<div class=""vtex-disclosure-layout-1-x-content vtex-disclosure-layout-1-x-content--description-and-specification vtex-disclosure-layout-1-x-content--visible vtex-disclosure-layout-1-x-content--description-and-specification--visible"" id=""id-88bu9d"">
<div class=""vtex-store-components-3-x-productDescriptionContainer"">
<div class=""vtex-store-components-3-x-productDescriptionText c-muted-1"">
<div class=""vtex-flex-layout-0-x-flexColChild vtex-flex-layout-0-x-flexColChild--pdp__main-content-info pb2"">
<div class=""vtex-disclosure-layout-1-x-content vtex-disclosure-layout-1-x-content--description-and-specification vtex-disclosure-layout-1-x-content--visible vtex-disclosure-layout-1-x-content--description-and-specification--visible"" id=""id-88eldj"">
<div class=""vtex-store-components-3-x-productDescriptionContainer"">
<div class=""vtex-store-components-3-x-productDescriptionText c-muted-1"">
<p>O Sapato Denim Clash é confeccionado em couro na cor Preto. Possui <span>fechamento sem cadarço</span>, facilitando o calce, logo da marca na língua e detalhe de couro marrom no calcanhar com puxador de tecido, costura na parte superior do cabedal feita a mão. Sua sola é feita de Micro Expandido e blaqueada na lateral, além de contar com uma palmilha macia de p.u com forro de tecido e bico arredondado.</p>
<p>Linha Denim - Liberdade para transitar de uma reunião de trabalho para um happy hour e estar bem vestido. Contemporâneo, despojado, confortável e leve, perfeito para o uso no dia a dia.</p>
</div>
</div>
</div>
</div>
</div>
</div>
</div>
</div>
</div>
</div>
</div>
</div>
</div>
</div>
</div>
</div>","Tema Conversão","","","","true","Tamanho do calçado","37","","","","","","0","","","deny","manual","84.00","280.00","TRUE","TRUE","","https://cdn.shopify.com/s/files/1/0721/1168/5771/files/169242-1600-1600.jpg?v=1766929918","1","https://cdn.shopify.com/s/files/1/0721/1168/5771/files/169242-1600-1600.jpg?v=1766929918","","active"
"sapato-clash-denim-preto","","","","","","","","","38","","","","","","0","","","deny","manual","84.00","280.00","TRUE","TRUE","","https://cdn.shopify.com/s/files/1/0721/1168/5771/files/169243-1600-1600.jpg?v=1766929918","2","https://cdn.shopify.com/s/files/1/0721/1168/5771/files/169242-1600-1600.jpg?v=1766929918","",""
"sapato-clash-denim-preto","","","","","","","","","39","","","","","","0","","","deny","manual","84.00","280.00","TRUE","TRUE","","https://cdn.shopify.com/s/files/1/0721/1168/5771/files/169244-1600-1600.jpg?v=1766929919","3","https://cdn.shopify.com/s/files/1/0721/1168/5771/files/169242-1600-1600.jpg?v=1766929918","",""
"sapato-clash-denim-preto","","","","","","","","","40","","","","","","0","","","deny","manual","84.00","280.00","TRUE","TRUE","","https://cdn.shopify.com/s/files/1/0721/1168/5771/files/169245-1600-1600.jpg?v=1766929918","4","https://cdn.shopify.com/s/files/1/0721/1168/5771/files/169242-1600-1600.jpg?v=1766929918","",""
"sapato-clash-denim-preto","","","","","","","","","41","","","","","","0","","","deny","manual","84.00","280.00","TRUE","TRUE","","","","https://cdn.shopify.com/s/files/1/0721/1168/5771/files/169242-1600-1600.jpg?v=1766929918","",""
"sapato-clash-denim-preto","","","","","","","","","42","","","","","","0","","","deny","manual","84.00","280.00","TRUE","TRUE","","","","https://cdn.shopify.com/s/files/1/0721/1168/5771/files/169242-1600-1600.jpg?v=1766929918","",""
"sapato-clash-denim-preto","","","","","","","","","43","","","","","","0","","","deny","manual","84.00","280.00","TRUE","TRUE","","","","https://cdn.shopify.com/s/files/1/0721/1168/5771/files/169242-1600-1600.jpg?v=1766929918","",""
"sapato-clash-denim-preto","","","","","","","","","44","","","","","","0","","","deny","manual","84.00","280.00","TRUE","TRUE","","","","https://cdn.shopify.com/s/files/1/0721/1168/5771/files/169242-1600-1600.jpg?v=1766929918","",""
"sapato-clash-denim-conhaque","Sapato Clash Denim Conhaque","<div class=""vtex-flex-layout-0-x-flexColChild vtex-flex-layout-0-x-flexColChild--pdp__main-content-info pb2"">
<div id=""id-0bq9rk"" class=""vtex-disclosure-layout-1-x-content vtex-disclosure-layout-1-x-content--description-and-specification vtex-disclosure-layout-1-x-content--visible vtex-disclosure-layout-1-x-content--description-and-specification--visible"">
<div class=""vtex-store-components-3-x-productDescriptionContainer"">
<div class=""vtex-store-components-3-x-productDescriptionText c-muted-1"">
<div class=""vtex-flex-layout-0-x-flexColChild vtex-flex-layout-0-x-flexColChild--pdp__main-content-info pb2"">
<div id=""id-q6svuq"" class=""vtex-disclosure-layout-1-x-content vtex-disclosure-layout-1-x-content--description-and-specification vtex-disclosure-layout-1-x-content--visible vtex-disclosure-layout-1-x-content--description-and-specification--visible"">
<div class=""vtex-store-components-3-x-productDescriptionContainer"">
<div class=""vtex-store-components-3-x-productDescriptionText c-muted-1"">
<div class=""vtex-flex-layout-0-x-flexColChild vtex-flex-layout-0-x-flexColChild--pdp__main-content-info pb2"">
<div id=""id-88bu9d"" class=""vtex-disclosure-layout-1-x-content vtex-disclosure-layout-1-x-content--description-and-specification vtex-disclosure-layout-1-x-content--visible vtex-disclosure-layout-1-x-content--description-and-specification--visible"">
<div class=""vtex-store-components-3-x-productDescriptionContainer"">
<div class=""vtex-store-components-3-x-productDescriptionText c-muted-1"">
<div class=""vtex-flex-layout-0-x-flexColChild vtex-flex-layout-0-x-flexColChild--pdp__main-content-info pb2"">
<div id=""id-88eldj"" class=""vtex-disclosure-layout-1-x-content vtex-disclosure-layout-1-x-content--description-and-specification vtex-disclosure-layout-1-x-content--visible vtex-disclosure-layout-1-x-content--description-and-specification--visible"">
<div class=""vtex-store-components-3-x-productDescriptionContainer"">
<div class=""vtex-store-components-3-x-productDescriptionText c-muted-1"">
<div class=""vtex-flex-layout-0-x-flexColChild vtex-flex-layout-0-x-flexColChild--pdp__main-content-info pb2"">
<div id=""id-2drkkc"" class=""vtex-disclosure-layout-1-x-content vtex-disclosure-layout-1-x-content--description-and-specification vtex-disclosure-layout-1-x-content--visible vtex-disclosure-layout-1-x-content--description-and-specification--visible"">
<div class=""vtex-store-components-3-x-productDescriptionContainer"">
<div class=""vtex-store-components-3-x-productDescriptionText c-muted-1"">
<p>O Sapato Denim Clash é confeccionado em couro na cor conhaque. Possui <span>fechamento sem cadarço</span>, facilitando o calce, logo da marca na língua e puxador de tecido no calcanhar, costura na parte superior do cabedal feita a mão. Sua sola é feita de Micro Expandido e blaqueada na lateral, além de contar com uma palmilha macia de p.u com forro de tecido e bico arredondado.</p>
<p>Linha Denim - Liberdade para transitar de uma reunião de trabalho para um happy hour e estar bem vestido. Contemporâneo, despojado, confortável e leve, perfeito para o uso no dia a dia.</p>
</div>
</div>
</div>
</div>
<div class=""vtex-flex-layout-0-x-flexColChild vtex-flex-layout-0-x-flexColChild--pdp__main-content-info pb0"">
<div class=""vtex-store-components-3-x-shareContainer db"">
<div class=""vtex-store-components-3-x-shareLabel c-muted-2 t-small mb3"">Compartilhar</div>
<div class=""vtex-store-components-3-x-shareButtons flex flex-row""></div>
</div>
</div>
</div>
</div>
</div>
</div>
</div>
</div>
</div>
</div>
</div>
</div>
</div>
</div>
</div>
</div>
</div>
</div>","Tema Conversão","","","","true","Tamanho do calçado","37","","","","","","0","","","deny","manual","84.00","280.00","TRUE","TRUE","","https://cdn.shopify.com/s/files/1/0721/1168/5771/files/169246-1600-1600.jpg?v=1766929908","1","https://cdn.shopify.com/s/files/1/0721/1168/5771/files/169246-1600-1600.jpg?v=1766929908","","active"
"sapato-clash-denim-conhaque","","","","","","","","","38","","","","","","0","","","deny","manual","84.00","280.00","TRUE","TRUE","","https://cdn.shopify.com/s/files/1/0721/1168/5771/files/169247-1600-1600.jpg?v=1766929909","2","https://cdn.shopify.com/s/files/1/0721/1168/5771/files/169246-1600-1600.jpg?v=1766929908","",""
"sapato-clash-denim-conhaque","","","","","","","","","39","","","","","","0","","","deny","manual","84.00","280.00","TRUE","TRUE","","https://cdn.shopify.com/s/files/1/0721/1168/5771/files/169248-1600-1600.jpg?v=1766929909","3","https://cdn.shopify.com/s/files/1/0721/1168/5771/files/169246-1600-1600.jpg?v=1766929908","",""
"sapato-clash-denim-conhaque","","","","","","","","","40","","","","","","0","","","deny","manual","84.00","280.00","TRUE","TRUE","","https://cdn.shopify.com/s/files/1/0721/1168/5771/files/169249-1600-1600.jpg?v=1766929909","4","https://cdn.shopify.com/s/files/1/0721/1168/5771/files/169246-1600-1600.jpg?v=1766929908","",""
"sapato-clash-denim-conhaque","","","","","","","","","41","","","","","","0","","","deny","manual","84.00","280.00","TRUE","TRUE","","","","https://cdn.shopify.com/s/files/1/0721/1168/5771/files/169246-1600-1600.jpg?v=1766929908","",""
"sapato-clash-denim-conhaque","","","","","","","","","42","","","","","","0","","","deny","manual","84.00","280.00","TRUE","TRUE","","","","https://cdn.shopify.com/s/files/1/0721/1168/5771/files/169246-1600-1600.jpg?v=1766929908","",""
"sapato-clash-denim-conhaque","","","","","","","","","43","","","","","","0","","","deny","manual","84.00","280.00","TRUE","TRUE","","","","https://cdn.shopify.com/s/files/1/0721/1168/5771/files/169246-1600-1600.jpg?v=1766929908","",""
"sapato-clash-denim-conhaque","","","","","","","","","44","","","","","","0","","","deny","manual","84.00","280.00","TRUE","TRUE","","","","https://cdn.shopify.com/s/files/1/0721/1168/5771/files/169246-1600-1600.jpg?v=1766929908","",""
"sapato-astro-garage-marrom","Sapato Astro Garage Marrom","<div class=""vtex-flex-layout-0-x-flexColChild vtex-flex-layout-0-x-flexColChild--pdp__main-content-info pb2"">
<div id=""id-0bq9rk"" class=""vtex-disclosure-layout-1-x-content vtex-disclosure-layout-1-x-content--description-and-specification vtex-disclosure-layout-1-x-content--visible vtex-disclosure-layout-1-x-content--description-and-specification--visible"">
<div class=""vtex-store-components-3-x-productDescriptionContainer"">
<div class=""vtex-store-components-3-x-productDescriptionText c-muted-1"">
<div class=""vtex-flex-layout-0-x-flexColChild vtex-flex-layout-0-x-flexColChild--pdp__main-content-info pb2"">
<div id=""id-q6svuq"" class=""vtex-disclosure-layout-1-x-content vtex-disclosure-layout-1-x-content--description-and-specification vtex-disclosure-layout-1-x-content--visible vtex-disclosure-layout-1-x-content--description-and-specification--visible"">
<div class=""vtex-store-components-3-x-productDescriptionContainer"">
<div class=""vtex-store-components-3-x-productDescriptionText c-muted-1"">
<div class=""vtex-flex-layout-0-x-flexColChild vtex-flex-layout-0-x-flexColChild--pdp__main-content-info pb2"">
<div id=""id-88bu9d"" class=""vtex-disclosure-layout-1-x-content vtex-disclosure-layout-1-x-content--description-and-specification vtex-disclosure-layout-1-x-content--visible vtex-disclosure-layout-1-x-content--description-and-specification--visible"">
<div class=""vtex-store-components-3-x-productDescriptionContainer"">
<div class=""vtex-store-components-3-x-productDescriptionText c-muted-1"">
<div class=""vtex-flex-layout-0-x-flexColChild vtex-flex-layout-0-x-flexColChild--pdp__main-content-info pb2"">
<div id=""id-88eldj"" class=""vtex-disclosure-layout-1-x-content vtex-disclosure-layout-1-x-content--description-and-specification vtex-disclosure-layout-1-x-content--visible vtex-disclosure-layout-1-x-content--description-and-specification--visible"">
<div class=""vtex-store-components-3-x-productDescriptionContainer"">
<div class=""vtex-store-components-3-x-productDescriptionText c-muted-1"">
<p><b>O S</b><span>aparo Garage Astro na cor Marrom</span> é confeccionado <span>em couro</span>. Possui cabedal com recortes no couro, forro em couro e tecido,<span> fechamento em cadarço de amarrar</span>. Conta com sola de borracha com salto e palmilha fixa ao calçado.</p>
<p>Linha Garage - Força, design, personalidade e conforto – principais atributos da linha criada para homens de vanguarda, que se distinguem e se destacam entre os demais. Rústicos e elegantes.</p>
<p>Características</p>
<p>Salto: 3cm</p>
</div>
</div>
</div>
</div>
</div>
</div>
</div>
</div>
</div>
</div>
</div>
</div>
</div>
</div>
</div>
</div>","Tema Conversão","","","","true","Tamanho do calçado","37","","","","","","0","","","deny","manual","72.00","240.00","TRUE","TRUE","","https://cdn.shopify.com/s/files/1/0721/1168/5771/files/168493-1600-1600.jpg?v=1766929954","1","https://cdn.shopify.com/s/files/1/0721/1168/5771/files/168493-1600-1600.jpg?v=1766929954","","active"
"sapato-astro-garage-marrom","","","","","","","","","38","","","","","","0","","","deny","manual","72.00","240.00","TRUE","TRUE","","https://cdn.shopify.com/s/files/1/0721/1168/5771/files/168494-1600-1600.jpg?v=1766929954","2","https://cdn.shopify.com/s/files/1/0721/1168/5771/files/168493-1600-1600.jpg?v=1766929954","",""
"sapato-astro-garage-marrom","","","","","","","","","39","","","","","","0","","","deny","manual","72.00","240.00","TRUE","TRUE","","https://cdn.shopify.com/s/files/1/0721/1168/5771/files/168495-1600-1600.jpg?v=1766929954","3","https://cdn.shopify.com/s/files/1/0721/1168/5771/files/168493-1600-1600.jpg?v=1766929954","",""
"sapato-astro-garage-marrom","","","","","","","","","40","","","","","","0","","","deny","manual","72.00","240.00","TRUE","TRUE","","https://cdn.shopify.com/s/files/1/0721/1168/5771/files/168496-1600-1600.jpg?v=1766929954","4","https://cdn.shopify.com/s/files/1/0721/1168/5771/files/168493-1600-1600.jpg?v=1766929954","",""
"sapato-astro-garage-marrom","","","","","","","","","41","","","","","","0","","","deny","manual","72.00","240.00","TRUE","TRUE","","","","https://cdn.shopify.com/s/files/1/0721/1168/5771/files/168493-1600-1600.jpg?v=1766929954","",""
"sapato-astro-garage-marrom","","","","","","","","","42","","","","","","0","","","deny","manual","72.00","240.00","TRUE","TRUE","","","","https://cdn.shopify.com/s/files/1/0721/1168/5771/files/168493-1600-1600.jpg?v=1766929954","",""
"sapato-astro-garage-marrom","","","","","","","","","43","","","","","","0","","","deny","manual","72.00","240.00","TRUE","TRUE","","","","https://cdn.shopify.com/s/files/1/0721/1168/5771/files/168493-1600-1600.jpg?v=1766929954","",""
"sapato-astro-garage-marrom","","","","","","","","","44","","","","","","0","","","deny","manual","72.00","240.00","TRUE","TRUE","","","","https://cdn.shopify.com/s/files/1/0721/1168/5771/files/168493-1600-1600.jpg?v=1766929954","",""
"sapatenis-denim-rave-preto-marrom","Sapatênis Denim Rave Preto/Marrom","<div class=""vtex-flex-layout-0-x-flexColChild vtex-flex-layout-0-x-flexColChild--pdp__main-content-info pb2"">
<div id=""id-0bq9rk"" class=""vtex-disclosure-layout-1-x-content vtex-disclosure-layout-1-x-content--description-and-specification vtex-disclosure-layout-1-x-content--visible vtex-disclosure-layout-1-x-content--description-and-specification--visible"">
<div class=""vtex-store-components-3-x-productDescriptionContainer"">
<div class=""vtex-store-components-3-x-productDescriptionText c-muted-1"">
<div class=""vtex-flex-layout-0-x-flexColChild vtex-flex-layout-0-x-flexColChild--pdp__main-content-info pb2"">
<div id=""id-q6svuq"" class=""vtex-disclosure-layout-1-x-content vtex-disclosure-layout-1-x-content--description-and-specification vtex-disclosure-layout-1-x-content--visible vtex-disclosure-layout-1-x-content--description-and-specification--visible"">
<div class=""vtex-store-components-3-x-productDescriptionContainer"">
<div class=""vtex-store-components-3-x-productDescriptionText c-muted-1"">
<div class=""vtex-flex-layout-0-x-flexColChild vtex-flex-layout-0-x-flexColChild--pdp__main-content-info pb2"">
<div id=""id-88bu9d"" class=""vtex-disclosure-layout-1-x-content vtex-disclosure-layout-1-x-content--description-and-specification vtex-disclosure-layout-1-x-content--visible vtex-disclosure-layout-1-x-content--description-and-specification--visible"">
<div class=""vtex-store-components-3-x-productDescriptionContainer"">
<div class=""vtex-store-components-3-x-productDescriptionText c-muted-1"">
<div class=""vtex-flex-layout-0-x-flexColChild vtex-flex-layout-0-x-flexColChild--pdp__main-content-info pb2"">
<div id=""id-88eldj"" class=""vtex-disclosure-layout-1-x-content vtex-disclosure-layout-1-x-content--description-and-specification vtex-disclosure-layout-1-x-content--visible vtex-disclosure-layout-1-x-content--description-and-specification--visible"">
<div class=""vtex-store-components-3-x-productDescriptionContainer"">
<div class=""vtex-store-components-3-x-productDescriptionText c-muted-1"">
<p>O Sapatênis Denim Rave é<span> </span><strong>confeccionado em couro</strong><span> </span>na cor preta. Possui<span> </span><strong>fechamento por elástico</strong>, que o torna fácil de calçar, cabedal com detalhes texturizados e em pespontos no couro. Seu forro é em tecido, além de contar com sola de micro expandido e uma palmilha macia.</p>
<p>Linha Denim - Liberdade para transitar de uma reunião de trabalho para um happy hour e estar bem vestido. Contemporâneo, despojado, confortável e leve, perfeito para o uso no dia a dia.</p>
</div>
</div>
</div>
</div>
</div>
</div>
</div>
</div>
</div>
</div>
</div>
</div>
</div>
</div>
</div>
</div>","Tema Conversão","","","","true","Tamanho do calçado","37","","","","","","0","","","deny","manual","75.00","250.00","TRUE","TRUE","","https://cdn.shopify.com/s/files/1/0721/1168/5771/files/163777-1600-1600.jpg?v=1766929951","1","https://cdn.shopify.com/s/files/1/0721/1168/5771/files/163777-1600-1600.jpg?v=1766929951","","active"
"sapatenis-denim-rave-preto-marrom","","","","","","","","","38","","","","","","0","","","deny","manual","75.00","250.00","TRUE","TRUE","","https://cdn.shopify.com/s/files/1/0721/1168/5771/files/163778-1600-1600.jpg?v=1766929952","2","https://cdn.shopify.com/s/files/1/0721/1168/5771/files/163777-1600-1600.jpg?v=1766929951","",""
"sapatenis-denim-rave-preto-marrom","","","","","","","","","39","","","","","","0","","","deny","manual","75.00","250.00","TRUE","TRUE","","https://cdn.shopify.com/s/files/1/0721/1168/5771/files/163779-1600-1600.jpg?v=1766929952","3","https://cdn.shopify.com/s/files/1/0721/1168/5771/files/163777-1600-1600.jpg?v=1766929951","",""
"sapatenis-denim-rave-preto-marrom","","","","","","","","","40","","","","","","0","","","deny","manual","75.00","250.00","TRUE","TRUE","","https://cdn.shopify.com/s/files/1/0721/1168/5771/files/163780-1600-1600.jpg?v=1766929952","4","https://cdn.shopify.com/s/files/1/0721/1168/5771/files/163777-1600-1600.jpg?v=1766929951","",""
"sapatenis-denim-rave-preto-marrom","","","","","","","","","41","","","","","","0","","","deny","manual","75.00","250.00","TRUE","TRUE","","","","https://cdn.shopify.com/s/files/1/0721/1168/5771/files/163777-1600-1600.jpg?v=1766929951","",""
"sapatenis-denim-rave-preto-marrom","","","","","","","","","42","","","","","","0","","","deny","manual","75.00","250.00","TRUE","TRUE","","","","https://cdn.shopify.com/s/files/1/0721/1168/5771/files/163777-1600-1600.jpg?v=1766929951","",""
"sapatenis-denim-rave-preto-marrom","","","","","","","","","43","","","","","","0","","","deny","manual","75.00","250.00","TRUE","TRUE","","","","https://cdn.shopify.com/s/files/1/0721/1168/5771/files/163777-1600-1600.jpg?v=1766929951","",""
"sapatenis-denim-rave-preto-marrom","","","","","","","","","44","","","","","","0","","","deny","manual","75.00","250.00","TRUE","TRUE","","","","https://cdn.shopify.com/s/files/1/0721/1168/5771/files/163777-1600-1600.jpg?v=1766929951","",""
"sapatenis-denim-rave-branco","Sapatênis Denim Rave Branco","<div class=""vtex-flex-layout-0-x-flexColChild vtex-flex-layout-0-x-flexColChild--pdp__main-content-info pb2"">
<div id=""id-0bq9rk"" class=""vtex-disclosure-layout-1-x-content vtex-disclosure-layout-1-x-content--description-and-specification vtex-disclosure-layout-1-x-content--visible vtex-disclosure-layout-1-x-content--description-and-specification--visible"">
<div class=""vtex-store-components-3-x-productDescriptionContainer"">
<div class=""vtex-store-components-3-x-productDescriptionText c-muted-1"">
<div class=""vtex-flex-layout-0-x-flexColChild vtex-flex-layout-0-x-flexColChild--pdp__main-content-info pb2"">
<div id=""id-q6svuq"" class=""vtex-disclosure-layout-1-x-content vtex-disclosure-layout-1-x-content--description-and-specification vtex-disclosure-layout-1-x-content--visible vtex-disclosure-layout-1-x-content--description-and-specification--visible"">
<div class=""vtex-store-components-3-x-productDescriptionContainer"">
<div class=""vtex-store-components-3-x-productDescriptionText c-muted-1"">
<div class=""vtex-flex-layout-0-x-flexColChild vtex-flex-layout-0-x-flexColChild--pdp__main-content-info pb2"">
<div id=""id-88bu9d"" class=""vtex-disclosure-layout-1-x-content vtex-disclosure-layout-1-x-content--description-and-specification vtex-disclosure-layout-1-x-content--visible vtex-disclosure-layout-1-x-content--description-and-specification--visible"">
<div class=""vtex-store-components-3-x-productDescriptionContainer"">
<div class=""vtex-store-components-3-x-productDescriptionText c-muted-1"">
<div class=""vtex-flex-layout-0-x-flexColChild vtex-flex-layout-0-x-flexColChild--pdp__main-content-info pb2"">
<div id=""id-88eldj"" class=""vtex-disclosure-layout-1-x-content vtex-disclosure-layout-1-x-content--description-and-specification vtex-disclosure-layout-1-x-content--visible vtex-disclosure-layout-1-x-content--description-and-specification--visible"">
<div class=""vtex-store-components-3-x-productDescriptionContainer"">
<div class=""vtex-store-components-3-x-productDescriptionText c-muted-1"">
<p class=""MsoNormal"">O Sapatênis de Couro Branco Denim Rave é um produto casual e confortável.</p>
<p class=""MsoNormal"">O sapatênis Denim Rave é confeccionado em couro na cor branco. Possui fechamento por elástico que o torna fácil de calçar, cabedal com detalhes texturizados e em pespontos no couro. O forro é em tecido, além de contar com solado Micro Expandido e a palmilha feita de P.U.</p>
<p class=""MsoNormal"">Conceito Denim - liberdade para transitar de uma reunião de trabalho para um happy hour e estar bem vestido. Contemporâneo, despojado, confortável e leve, perfeito para o uso no dia a dia.</p>
</div>
</div>
</div>
</div>
</div>
</div>
</div>
</div>
</div>
</div>
</div>
</div>
</div>
</div>
</div>
</div>","Tema Conversão","","","","true","Tamanho do calçado","37","","","","","","0","","","deny","manual","86.97","289.90","TRUE","TRUE","","https://cdn.shopify.com/s/files/1/0721/1168/5771/files/169923-1600-1600.jpg?v=1766929886","1","https://cdn.shopify.com/s/files/1/0721/1168/5771/files/169923-1600-1600.jpg?v=1766929886","","active"
"sapatenis-denim-rave-branco","","","","","","","","","38","","","","","","0","","","deny","manual","86.97","289.90","TRUE","TRUE","","https://cdn.shopify.com/s/files/1/0721/1168/5771/files/169924-1600-1600.jpg?v=1766929886","2","https://cdn.shopify.com/s/files/1/0721/1168/5771/files/169923-1600-1600.jpg?v=1766929886","",""
"sapatenis-denim-rave-branco","","","","","","","","","39","","","","","","0","","","deny","manual","86.97","289.90","TRUE","TRUE","","https://cdn.shopify.com/s/files/1/0721/1168/5771/files/169925-1600-1600.jpg?v=1766929885","3","https://cdn.shopify.com/s/files/1/0721/1168/5771/files/169923-1600-1600.jpg?v=1766929886","",""
"sapatenis-denim-rave-branco","","","","","","","","","40","","","","","","0","","","deny","manual","86.97","289.90","TRUE","TRUE","","https://cdn.shopify.com/s/files/1/0721/1168/5771/files/169928-1600-1600.jpg?v=1766929884","4","https://cdn.shopify.com/s/files/1/0721/1168/5771/files/169923-1600-1600.jpg?v=1766929886","",""
"sapatenis-denim-rave-branco","","","","","","","","","41","","","","","","0","","","deny","manual","86.97","289.90","TRUE","TRUE","","","","https://cdn.shopify.com/s/files/1/0721/1168/5771/files/169923-1600-1600.jpg?v=1766929886","",""
"sapatenis-denim-rave-branco","","","","","","","","","42","","","","","","0","","","deny","manual","86.97","289.90","TRUE","TRUE","","","","https://cdn.shopify.com/s/files/1/0721/1168/5771/files/169923-1600-1600.jpg?v=1766929886","",""
"sapatenis-denim-rave-branco","","","","","","","","","43","","","","","","0","","","deny","manual","86.97","289.90","TRUE","TRUE","","","","https://cdn.shopify.com/s/files/1/0721/1168/5771/files/169923-1600-1600.jpg?v=1766929886","",""
"sapatenis-denim-rave-branco","","","","","","","","","44","","","","","","0","","","deny","manual","86.97","289.90","TRUE","TRUE","","","","https://cdn.shopify.com/s/files/1/0721/1168/5771/files/169923-1600-1600.jpg?v=1766929886","",""
"sapatenis-denim-preto-clash","Sapatênis Denim Preto Clash","<div class=""vtex-flex-layout-0-x-flexColChild vtex-flex-layout-0-x-flexColChild--pdp__main-content-info pb2"">
<div class=""vtex-disclosure-layout-1-x-content vtex-disclosure-layout-1-x-content--description-and-specification vtex-disclosure-layout-1-x-content--visible vtex-disclosure-layout-1-x-content--description-and-specification--visible"" id=""id-0bq9rk"">
<div class=""vtex-store-components-3-x-productDescriptionContainer"">
<div class=""vtex-store-components-3-x-productDescriptionText c-muted-1"">
<div class=""vtex-flex-layout-0-x-flexColChild vtex-flex-layout-0-x-flexColChild--pdp__main-content-info pb2"">
<div class=""vtex-disclosure-layout-1-x-content vtex-disclosure-layout-1-x-content--description-and-specification vtex-disclosure-layout-1-x-content--visible vtex-disclosure-layout-1-x-content--description-and-specification--visible"" id=""id-q6svuq"">
<div class=""vtex-store-components-3-x-productDescriptionContainer"">
<div class=""vtex-store-components-3-x-productDescriptionText c-muted-1"">
<div class=""vtex-flex-layout-0-x-flexColChild vtex-flex-layout-0-x-flexColChild--pdp__main-content-info pb2"">
<div class=""vtex-disclosure-layout-1-x-content vtex-disclosure-layout-1-x-content--description-and-specification vtex-disclosure-layout-1-x-content--visible vtex-disclosure-layout-1-x-content--description-and-specification--visible"" id=""id-88bu9d"">
<div class=""vtex-store-components-3-x-productDescriptionContainer"">
<div class=""vtex-store-components-3-x-productDescriptionText c-muted-1"">
<div class=""vtex-flex-layout-0-x-flexColChild vtex-flex-layout-0-x-flexColChild--pdp__main-content-info pb2"">
<div class=""vtex-disclosure-layout-1-x-content vtex-disclosure-layout-1-x-content--description-and-specification vtex-disclosure-layout-1-x-content--visible vtex-disclosure-layout-1-x-content--description-and-specification--visible"" id=""id-88eldj"">
<div class=""vtex-store-components-3-x-productDescriptionContainer"">
<div class=""vtex-store-components-3-x-productDescriptionText c-muted-1"">
<p>O Sapatênis Denim Clash é confeccionado em couro na cor navy. Possui <span>fechamento em elástico</span>, facilitando o calce, tag com o logo da marca na língua e puxador de tecido no calcanhar, costura na parte superior do cabedal feita a mão. Sua sola é feita de Micro Expandido e blaqueada na lateral, além de contar com uma palmilha macia e bico arredondado.</p>
<p>Linha Denim - Liberdade para transitar de uma reunião de trabalho para um happy hour e estar bem vestido. Contemporâneo, despojado, confortável e leve, perfeito para o uso no dia a dia.</p>
</div>
</div>
</div>
</div>
</div>
</div>
</div>
</div>
</div>
</div>
</div>
</div>
</div>
</div>
</div>
</div>","Tema Conversão","","","","true","Tamanho do calçado","37","","","","","","0","","","deny","manual","83.97","279.90","TRUE","TRUE","","https://cdn.shopify.com/s/files/1/0721/1168/5771/files/169722-1600-1600.jpg?v=1766929891","1","https://cdn.shopify.com/s/files/1/0721/1168/5771/files/169722-1600-1600.jpg?v=1766929891","","active"
"sapatenis-denim-preto-clash","","","","","","","","","38","","","","","","0","","","deny","manual","83.97","279.90","TRUE","TRUE","","https://cdn.shopify.com/s/files/1/0721/1168/5771/files/169723-1600-1600.jpg?v=1766929888","2","https://cdn.shopify.com/s/files/1/0721/1168/5771/files/169722-1600-1600.jpg?v=1766929891","",""
"sapatenis-denim-preto-clash","","","","","","","","","39","","","","","","0","","","deny","manual","83.97","279.90","TRUE","TRUE","","https://cdn.shopify.com/s/files/1/0721/1168/5771/files/169724-1600-1600.jpg?v=1766929889","3","https://cdn.shopify.com/s/files/1/0721/1168/5771/files/169722-1600-1600.jpg?v=1766929891","",""
"sapatenis-denim-preto-clash","","","","","","","","","40","","","","","","0","","","deny","manual","83.97","279.90","TRUE","TRUE","","https://cdn.shopify.com/s/files/1/0721/1168/5771/files/169725-1600-1600.jpg?v=1766929891","4","https://cdn.shopify.com/s/files/1/0721/1168/5771/files/169722-1600-1600.jpg?v=1766929891","",""
"sapatenis-denim-preto-clash","","","","","","","","","41","","","","","","0","","","deny","manual","83.97","279.90","TRUE","TRUE","","","","https://cdn.shopify.com/s/files/1/0721/1168/5771/files/169722-1600-1600.jpg?v=1766929891","",""
"sapatenis-denim-preto-clash","","","","","","","","","42","","","","","","0","","","deny","manual","83.97","279.90","TRUE","TRUE","","","","https://cdn.shopify.com/s/files/1/0721/1168/5771/files/169722-1600-1600.jpg?v=1766929891","",""
"sapatenis-denim-preto-clash","","","","","","","","","43","","","","","","0","","","deny","manual","83.97","279.90","TRUE","TRUE","","","","https://cdn.shopify.com/s/files/1/0721/1168/5771/files/169722-1600-1600.jpg?v=1766929891","",""
"sapatenis-denim-preto-clash","","","","","","","","","44","","","","","","0","","","deny","manual","83.97","279.90","TRUE","TRUE","","","","https://cdn.shopify.com/s/files/1/0721/1168/5771/files/169722-1600-1600.jpg?v=1766929891","",""
"sapatenis-denim-preto-city","Sapatênis Denim Preto City","<div class=""vtex-flex-layout-0-x-flexColChild vtex-flex-layout-0-x-flexColChild--pdp__main-content-info pb2"">
<div id=""id-0bq9rk"" class=""vtex-disclosure-layout-1-x-content vtex-disclosure-layout-1-x-content--description-and-specification vtex-disclosure-layout-1-x-content--visible vtex-disclosure-layout-1-x-content--description-and-specification--visible"">
<div class=""vtex-store-components-3-x-productDescriptionContainer"">
<div class=""vtex-store-components-3-x-productDescriptionText c-muted-1"">
<div class=""vtex-flex-layout-0-x-flexColChild vtex-flex-layout-0-x-flexColChild--pdp__main-content-info pb2"">
<div id=""id-q6svuq"" class=""vtex-disclosure-layout-1-x-content vtex-disclosure-layout-1-x-content--description-and-specification vtex-disclosure-layout-1-x-content--visible vtex-disclosure-layout-1-x-content--description-and-specification--visible"">
<div class=""vtex-store-components-3-x-productDescriptionContainer"">
<div class=""vtex-store-components-3-x-productDescriptionText c-muted-1"">
<div class=""vtex-flex-layout-0-x-flexColChild vtex-flex-layout-0-x-flexColChild--pdp__main-content-info pb2"">
<div id=""id-88bu9d"" class=""vtex-disclosure-layout-1-x-content vtex-disclosure-layout-1-x-content--description-and-specification vtex-disclosure-layout-1-x-content--visible vtex-disclosure-layout-1-x-content--description-and-specification--visible"">
<div class=""vtex-store-components-3-x-productDescriptionContainer"">
<div class=""vtex-store-components-3-x-productDescriptionText c-muted-1"">
<div class=""vtex-flex-layout-0-x-flexColChild vtex-flex-layout-0-x-flexColChild--pdp__main-content-info pb2"">
<div id=""id-88eldj"" class=""vtex-disclosure-layout-1-x-content vtex-disclosure-layout-1-x-content--description-and-specification vtex-disclosure-layout-1-x-content--visible vtex-disclosure-layout-1-x-content--description-and-specification--visible"">
<div class=""vtex-store-components-3-x-productDescriptionContainer"">
<div class=""vtex-store-components-3-x-productDescriptionText c-muted-1"">
<p>O Sapatênis Denim City é confeccionado em couro na cor neve. Possui <span>fechamento por elástico</span>, que o torna fácil de calçar, cabedal com detalhes perfurados e em pespontos no couro. Seu forro é em tecido, colarinho acolchoado, além de contar com sola de borracha blaqueada e uma palmilha macia.</p>
<p>Linha Denim - Liberdade para transitar de uma reunião de trabalho para um happy hour e estar bem vestido. Contemporâneo, despojado, confortável e leve, perfeito para o uso no dia a dia.</p>
</div>
</div>
</div>
</div>
</div>
</div>
</div>
</div>
</div>
</div>
</div>
</div>
</div>
</div>
</div>
</div>","Tema Conversão","","","","true","Tamanho do calçado","37","","","","","","0","","","deny","manual","86.97","289.90","TRUE","TRUE","","https://cdn.shopify.com/s/files/1/0721/1168/5771/files/169714-1600-1600.jpg?v=1766929888","1","https://cdn.shopify.com/s/files/1/0721/1168/5771/files/169714-1600-1600.jpg?v=1766929888","","active"
"sapatenis-denim-preto-city","","","","","","","","","38","","","","","","0","","","deny","manual","86.97","289.90","TRUE","TRUE","","https://cdn.shopify.com/s/files/1/0721/1168/5771/files/169715-1600-1600.jpg?v=1766929886","2","https://cdn.shopify.com/s/files/1/0721/1168/5771/files/169714-1600-1600.jpg?v=1766929888","",""
"sapatenis-denim-preto-city","","","","","","","","","39","","","","","","0","","","deny","manual","86.97","289.90","TRUE","TRUE","","https://cdn.shopify.com/s/files/1/0721/1168/5771/files/169716-1600-1600.jpg?v=1766929886","3","https://cdn.shopify.com/s/files/1/0721/1168/5771/files/169714-1600-1600.jpg?v=1766929888","",""
"sapatenis-denim-preto-city","","","","","","","","","40","","","","","","0","","","deny","manual","86.97","289.90","TRUE","TRUE","","https://cdn.shopify.com/s/files/1/0721/1168/5771/files/169717-1600-1600.jpg?v=1766929885","4","https://cdn.shopify.com/s/files/1/0721/1168/5771/files/169714-1600-1600.jpg?v=1766929888","",""
"sapatenis-denim-preto-city","","","","","","","","","41","","","","","","0","","","deny","manual","86.97","289.90","TRUE","TRUE","","","","https://cdn.shopify.com/s/files/1/0721/1168/5771/files/169714-1600-1600.jpg?v=1766929888","",""
"sapatenis-denim-preto-city","","","","","","","","","42","","","","","","0","","","deny","manual","86.97","289.90","TRUE","TRUE","","","","https://cdn.shopify.com/s/files/1/0721/1168/5771/files/169714-1600-1600.jpg?v=1766929888","",""
"sapatenis-denim-preto-city","","","","","","","","","43","","","","","","0","","","deny","manual","86.97","289.90","TRUE","TRUE","","","","https://cdn.shopify.com/s/files/1/0721/1168/5771/files/169714-1600-1600.jpg?v=1766929888","",""
"sapatenis-denim-preto-city","","","","","","","","","44","","","","","","0","","","deny","manual","86.97","289.90","TRUE","TRUE","","","","https://cdn.shopify.com/s/files/1/0721/1168/5771/files/169714-1600-1600.jpg?v=1766929888","",""
"sapatenis-denim-marrom-rave","Sapatênis Denim Marrom Rave","<div class=""vtex-flex-layout-0-x-flexColChild vtex-flex-layout-0-x-flexColChild--pdp__main-content-info pb2"">
<div id=""id-0bq9rk"" class=""vtex-disclosure-layout-1-x-content vtex-disclosure-layout-1-x-content--description-and-specification vtex-disclosure-layout-1-x-content--visible vtex-disclosure-layout-1-x-content--description-and-specification--visible"">
<div class=""vtex-store-components-3-x-productDescriptionContainer"">
<div class=""vtex-store-components-3-x-productDescriptionText c-muted-1"">
<div class=""vtex-flex-layout-0-x-flexColChild vtex-flex-layout-0-x-flexColChild--pdp__main-content-info pb2"">
<div id=""id-q6svuq"" class=""vtex-disclosure-layout-1-x-content vtex-disclosure-layout-1-x-content--description-and-specification vtex-disclosure-layout-1-x-content--visible vtex-disclosure-layout-1-x-content--description-and-specification--visible"">
<div class=""vtex-store-components-3-x-productDescriptionContainer"">
<div class=""vtex-store-components-3-x-productDescriptionText c-muted-1"">
<div class=""vtex-flex-layout-0-x-flexColChild vtex-flex-layout-0-x-flexColChild--pdp__main-content-info pb2"">
<div id=""id-88bu9d"" class=""vtex-disclosure-layout-1-x-content vtex-disclosure-layout-1-x-content--description-and-specification vtex-disclosure-layout-1-x-content--visible vtex-disclosure-layout-1-x-content--description-and-specification--visible"">
<div class=""vtex-store-components-3-x-productDescriptionContainer"">
<div class=""vtex-store-components-3-x-productDescriptionText c-muted-1"">
<div class=""vtex-flex-layout-0-x-flexColChild vtex-flex-layout-0-x-flexColChild--pdp__main-content-info pb2"">
<div id=""id-88eldj"" class=""vtex-disclosure-layout-1-x-content vtex-disclosure-layout-1-x-content--description-and-specification vtex-disclosure-layout-1-x-content--visible vtex-disclosure-layout-1-x-content--description-and-specification--visible"">
<div class=""vtex-store-components-3-x-productDescriptionContainer"">
<div class=""vtex-store-components-3-x-productDescriptionText c-muted-1"">
<div class=""vtex-flex-layout-0-x-flexColChild vtex-flex-layout-0-x-flexColChild--pdp__main-content-info pb2"">
<div id=""id-5ecdtd"" class=""vtex-disclosure-layout-1-x-content vtex-disclosure-layout-1-x-content--description-and-specification vtex-disclosure-layout-1-x-content--visible vtex-disclosure-layout-1-x-content--description-and-specification--visible"">
<div class=""vtex-store-components-3-x-productDescriptionContainer"">
<div class=""vtex-store-components-3-x-productDescriptionText c-muted-1"">
<p class=""MsoNormal"">O Sapatênis de Couro Marrom Denim Rave é um produto casual e confortável.</p>
<p class=""MsoNormal"">O sapatênis Denim Rave é confeccionado em couro na cor marrom. Possui fechamento por elástico que o torna fácil de calçar, cabedal com detalhes texturizados e em pespontos no couro. O forro é em tecido, além de contar com solado Micro Expandido e a palmilha feita de P.U.</p>
<p class=""MsoNormal"">Conceito Denim - liberdade para transitar de uma reunião de trabalho para um happy hour e estar bem vestido. Contemporâneo, despojado, confortável e leve, perfeito para o uso no dia a dia.</p>
</div>
</div>
</div>
</div>
<div class=""vtex-flex-layout-0-x-flexColChild vtex-flex-layout-0-x-flexColChild--pdp__main-content-info pb0"">
<div class=""vtex-store-components-3-x-shareContainer db"">
<div class=""vtex-store-components-3-x-shareLabel c-muted-2 t-small mb3"">Compartilhar</div>
<div class=""vtex-store-components-3-x-shareButtons flex flex-row""></div>
</div>
</div>
</div>
</div>
</div>
</div>
</div>
</div>
</div>
</div>
</div>
</div>
</div>
</div>
</div>
</div>
</div>
</div>","Tema Conversão","","","","true","Tamanho do calçado","37","","","","","","0","","","deny","manual","72.00","240.00","TRUE","TRUE","","https://cdn.shopify.com/s/files/1/0721/1168/5771/files/170421-1600-1600.jpg?v=1766929949","1","https://cdn.shopify.com/s/files/1/0721/1168/5771/files/170421-1600-1600.jpg?v=1766929949","","active"
"sapatenis-denim-marrom-rave","","","","","","","","","38","","","","","","0","","","deny","manual","72.00","240.00","TRUE","TRUE","","https://cdn.shopify.com/s/files/1/0721/1168/5771/files/170422-1600-1600.jpg?v=1766929949","2","https://cdn.shopify.com/s/files/1/0721/1168/5771/files/170421-1600-1600.jpg?v=1766929949","",""
"sapatenis-denim-marrom-rave","","","","","","","","","39","","","","","","0","","","deny","manual","72.00","240.00","TRUE","TRUE","","https://cdn.shopify.com/s/files/1/0721/1168/5771/files/170423-1600-1600.jpg?v=1766929949","3","https://cdn.shopify.com/s/files/1/0721/1168/5771/files/170421-1600-1600.jpg?v=1766929949","",""
"sapatenis-denim-marrom-rave","","","","","","","","","40","","","","","","0","","","deny","manual","72.00","240.00","TRUE","TRUE","","https://cdn.shopify.com/s/files/1/0721/1168/5771/files/170424-1600-1600.jpg?v=1766929949","4","https://cdn.shopify.com/s/files/1/0721/1168/5771/files/170421-1600-1600.jpg?v=1766929949","",""
"sapatenis-denim-marrom-rave","","","","","","","","","41","","","","","","0","","","deny","manual","72.00","240.00","TRUE","TRUE","","","","https://cdn.shopify.com/s/files/1/0721/1168/5771/files/170421-1600-1600.jpg?v=1766929949","",""
"sapatenis-denim-marrom-rave","","","","","","","","","42","","","","","","0","","","deny","manual","72.00","240.00","TRUE","TRUE","","","","https://cdn.shopify.com/s/files/1/0721/1168/5771/files/170421-1600-1600.jpg?v=1766929949","",""
"sapatenis-denim-marrom-rave","","","","","","","","","43","","","","","","0","","","deny","manual","72.00","240.00","TRUE","TRUE","","","","https://cdn.shopify.com/s/files/1/0721/1168/5771/files/170421-1600-1600.jpg?v=1766929949","",""
"sapatenis-denim-marrom-rave","","","","","","","","","44","","","","","","0","","","deny","manual","72.00","240.00","TRUE","TRUE","","","","https://cdn.shopify.com/s/files/1/0721/1168/5771/files/170421-1600-1600.jpg?v=1766929949","",""
"sapatenis-denim-marrom-city","Sapatênis Denim Marrom City","<div class=""vtex-flex-layout-0-x-flexColChild vtex-flex-layout-0-x-flexColChild--pdp__main-content-info pb2"">
<div id=""id-0bq9rk"" class=""vtex-disclosure-layout-1-x-content vtex-disclosure-layout-1-x-content--description-and-specification vtex-disclosure-layout-1-x-content--visible vtex-disclosure-layout-1-x-content--description-and-specification--visible"">
<div class=""vtex-store-components-3-x-productDescriptionContainer"">
<div class=""vtex-store-components-3-x-productDescriptionText c-muted-1"">
<div class=""vtex-flex-layout-0-x-flexColChild vtex-flex-layout-0-x-flexColChild--pdp__main-content-info pb2"">
<div id=""id-q6svuq"" class=""vtex-disclosure-layout-1-x-content vtex-disclosure-layout-1-x-content--description-and-specification vtex-disclosure-layout-1-x-content--visible vtex-disclosure-layout-1-x-content--description-and-specification--visible"">
<div class=""vtex-store-components-3-x-productDescriptionContainer"">
<div class=""vtex-store-components-3-x-productDescriptionText c-muted-1"">
<div class=""vtex-flex-layout-0-x-flexColChild vtex-flex-layout-0-x-flexColChild--pdp__main-content-info pb2"">
<div id=""id-88bu9d"" class=""vtex-disclosure-layout-1-x-content vtex-disclosure-layout-1-x-content--description-and-specification vtex-disclosure-layout-1-x-content--visible vtex-disclosure-layout-1-x-content--description-and-specification--visible"">
<div class=""vtex-store-components-3-x-productDescriptionContainer"">
<div class=""vtex-store-components-3-x-productDescriptionText c-muted-1"">
<div class=""vtex-flex-layout-0-x-flexColChild vtex-flex-layout-0-x-flexColChild--pdp__main-content-info pb2"">
<div id=""id-88eldj"" class=""vtex-disclosure-layout-1-x-content vtex-disclosure-layout-1-x-content--description-and-specification vtex-disclosure-layout-1-x-content--visible vtex-disclosure-layout-1-x-content--description-and-specification--visible"">
<div class=""vtex-store-components-3-x-productDescriptionContainer"">
<div class=""vtex-store-components-3-x-productDescriptionText c-muted-1"">
<p>O Sapatênis Denim City é confeccionado em couro na cor neve. Possui <span>fechamento por elástico</span>, que o torna fácil de calçar, cabedal com detalhes perfurados e em pespontos no couro. Seu forro é em tecido, colarinho acolchoado, além de contar com sola de borracha blaqueada e uma palmilha macia.</p>
<p>Linha Denim - Liberdade para transitar de uma reunião de trabalho para um happy hour e estar bem vestido. Contemporâneo, despojado, confortável e leve, perfeito para o uso no dia a dia.</p>
</div>
</div>
</div>
</div>
</div>
</div>
</div>
</div>
</div>
</div>
</div>
</div>
</div>
</div>
</div>
</div>","Tema Conversão","","","","true","Tamanho do calçado","37","","","","","","0","","","deny","manual","86.97","289.90","TRUE","TRUE","","https://cdn.shopify.com/s/files/1/0721/1168/5771/files/169718-1600-1600.jpg?v=1766929884","1","https://cdn.shopify.com/s/files/1/0721/1168/5771/files/169718-1600-1600.jpg?v=1766929884","","active"
"sapatenis-denim-marrom-city","","","","","","","","","38","","","","","","0","","","deny","manual","86.97","289.90","TRUE","TRUE","","https://cdn.shopify.com/s/files/1/0721/1168/5771/files/169719-1600-1600.jpg?v=1766929887","2","https://cdn.shopify.com/s/files/1/0721/1168/5771/files/169718-1600-1600.jpg?v=1766929884","",""
"sapatenis-denim-marrom-city","","","","","","","","","39","","","","","","0","","","deny","manual","86.97","289.90","TRUE","TRUE","","https://cdn.shopify.com/s/files/1/0721/1168/5771/files/169720-1600-1600.jpg?v=1766929885","3","https://cdn.shopify.com/s/files/1/0721/1168/5771/files/169718-1600-1600.jpg?v=1766929884","",""
"sapatenis-denim-marrom-city","","","","","","","","","40","","","","","","0","","","deny","manual","86.97","289.90","TRUE","TRUE","","https://cdn.shopify.com/s/files/1/0721/1168/5771/files/169721-1600-1600.jpg?v=1766929887","4","https://cdn.shopify.com/s/files/1/0721/1168/5771/files/169718-1600-1600.jpg?v=1766929884","",""
"sapatenis-denim-marrom-city","","","","","","","","","41","","","","","","0","","","deny","manual","86.97","289.90","TRUE","TRUE","","","","https://cdn.shopify.com/s/files/1/0721/1168/5771/files/169718-1600-1600.jpg?v=1766929884","",""
"sapatenis-denim-marrom-city","","","","","","","","","42","","","","","","0","","","deny","manual","86.97","289.90","TRUE","TRUE","","","","https://cdn.shopify.com/s/files/1/0721/1168/5771/files/169718-1600-1600.jpg?v=1766929884","",""
"sapatenis-denim-marrom-city","","","","","","","","","43","","","","","","0","","","deny","manual","86.97","289.90","TRUE","TRUE","","","","https://cdn.shopify.com/s/files/1/0721/1168/5771/files/169718-1600-1600.jpg?v=1766929884","",""
"sapatenis-denim-marrom-city","","","","","","","","","44","","","","","","0","","","deny","manual","86.97","289.90","TRUE","TRUE","","","","https://cdn.shopify.com/s/files/1/0721/1168/5771/files/169718-1600-1600.jpg?v=1766929884","",""
"sapatenis-denim-clash-navy","Sapatênis Denim Clash Navy","<div class=""vtex-flex-layout-0-x-flexColChild vtex-flex-layout-0-x-flexColChild--pdp__main-content-info pb2"">
<div class=""vtex-disclosure-layout-1-x-content vtex-disclosure-layout-1-x-content--description-and-specification vtex-disclosure-layout-1-x-content--visible vtex-disclosure-layout-1-x-content--description-and-specification--visible"" id=""id-0bq9rk"">
<div class=""vtex-store-components-3-x-productDescriptionContainer"">
<div class=""vtex-store-components-3-x-productDescriptionText c-muted-1"">
<div class=""vtex-flex-layout-0-x-flexColChild vtex-flex-layout-0-x-flexColChild--pdp__main-content-info pb2"">
<div class=""vtex-disclosure-layout-1-x-content vtex-disclosure-layout-1-x-content--description-and-specification vtex-disclosure-layout-1-x-content--visible vtex-disclosure-layout-1-x-content--description-and-specification--visible"" id=""id-q6svuq"">
<div class=""vtex-store-components-3-x-productDescriptionContainer"">
<div class=""vtex-store-components-3-x-productDescriptionText c-muted-1"">
<div class=""vtex-flex-layout-0-x-flexColChild vtex-flex-layout-0-x-flexColChild--pdp__main-content-info pb2"">
<div class=""vtex-disclosure-layout-1-x-content vtex-disclosure-layout-1-x-content--description-and-specification vtex-disclosure-layout-1-x-content--visible vtex-disclosure-layout-1-x-content--description-and-specification--visible"" id=""id-88bu9d"">
<div class=""vtex-store-components-3-x-productDescriptionContainer"">
<div class=""vtex-store-components-3-x-productDescriptionText c-muted-1"">
<div class=""vtex-flex-layout-0-x-flexColChild vtex-flex-layout-0-x-flexColChild--pdp__main-content-info pb2"">
<div class=""vtex-disclosure-layout-1-x-content vtex-disclosure-layout-1-x-content--description-and-specification vtex-disclosure-layout-1-x-content--visible vtex-disclosure-layout-1-x-content--description-and-specification--visible"" id=""id-88eldj"">
<div class=""vtex-store-components-3-x-productDescriptionContainer"">
<div class=""vtex-store-components-3-x-productDescriptionText c-muted-1"">
<p>O Sapatênis Denim Clash é confeccionado em couro na cor navy. Possui <span>fechamento em elástico</span>, facilitando o calce, tag com o logo da marca na língua e puxador de tecido no calcanhar, costura na parte superior do cabedal feita a mão. Sua sola é feita de Micro Expandido e blaqueada na lateral, além de contar com uma palmilha macia e bico arredondado.</p>
<p>Linha Denim - Liberdade para transitar de uma reunião de trabalho para um happy hour e estar bem vestido. Contemporâneo, despojado, confortável e leve, perfeito para o uso no dia a dia.</p>
</div>
</div>
</div>
</div>
</div>
</div>
</div>
</div>
</div>
</div>
</div>
</div>
</div>
</div>
</div>
</div>","Tema Conversão","","","","true","Tamanho do calçado","37","","","","","","0","","","deny","manual","83.97","279.90","TRUE","TRUE","","https://cdn.shopify.com/s/files/1/0721/1168/5771/files/168469-1600-1600.jpg?v=1766929891","1","https://cdn.shopify.com/s/files/1/0721/1168/5771/files/168469-1600-1600.jpg?v=1766929891","","active"
"sapatenis-denim-clash-navy","","","","","","","","","38","","","","","","0","","","deny","manual","83.97","279.90","TRUE","TRUE","","https://cdn.shopify.com/s/files/1/0721/1168/5771/files/168470-1600-1600.jpg?v=1766929890","2","https://cdn.shopify.com/s/files/1/0721/1168/5771/files/168469-1600-1600.jpg?v=1766929891","",""
"sapatenis-denim-clash-navy","","","","","","","","","39","","","","","","0","","","deny","manual","83.97","279.90","TRUE","TRUE","","https://cdn.shopify.com/s/files/1/0721/1168/5771/files/168471-1600-1600.jpg?v=1766929890","3","https://cdn.shopify.com/s/files/1/0721/1168/5771/files/168469-1600-1600.jpg?v=1766929891","",""
"sapatenis-denim-clash-navy","","","","","","","","","40","","","","","","0","","","deny","manual","83.97","279.90","TRUE","TRUE","","https://cdn.shopify.com/s/files/1/0721/1168/5771/files/168472-1600-1600.jpg?v=1766929889","4","https://cdn.shopify.com/s/files/1/0721/1168/5771/files/168469-1600-1600.jpg?v=1766929891","",""
"sapatenis-denim-clash-navy","","","","","","","","","41","","","","","","0","","","deny","manual","83.97","279.90","TRUE","TRUE","","","","https://cdn.shopify.com/s/files/1/0721/1168/5771/files/168469-1600-1600.jpg?v=1766929891","",""
"sapatenis-denim-clash-navy","","","","","","","","","42","","","","","","0","","","deny","manual","83.97","279.90","TRUE","TRUE","","","","https://cdn.shopify.com/s/files/1/0721/1168/5771/files/168469-1600-1600.jpg?v=1766929891","",""
"sapatenis-denim-clash-navy","","","","","","","","","43","","","","","","0","","","deny","manual","83.97","279.90","TRUE","TRUE","","","","https://cdn.shopify.com/s/files/1/0721/1168/5771/files/168469-1600-1600.jpg?v=1766929891","",""
"sapatenis-denim-clash-navy","","","","","","","","","44","","","","","","0","","","deny","manual","83.97","279.90","TRUE","TRUE","","","","https://cdn.shopify.com/s/files/1/0721/1168/5771/files/168469-1600-1600.jpg?v=1766929891","",""
"sapatenis-denim-clash-conhaque","Sapatênis Denim Clash Conhaque","<div class=""vtex-flex-layout-0-x-flexColChild vtex-flex-layout-0-x-flexColChild--pdp__main-content-info pb2"">
<div class=""vtex-disclosure-layout-1-x-content vtex-disclosure-layout-1-x-content--description-and-specification vtex-disclosure-layout-1-x-content--visible vtex-disclosure-layout-1-x-content--description-and-specification--visible"" id=""id-0bq9rk"">
<div class=""vtex-store-components-3-x-productDescriptionContainer"">
<div class=""vtex-store-components-3-x-productDescriptionText c-muted-1"">
<div class=""vtex-flex-layout-0-x-flexColChild vtex-flex-layout-0-x-flexColChild--pdp__main-content-info pb2"">
<div class=""vtex-disclosure-layout-1-x-content vtex-disclosure-layout-1-x-content--description-and-specification vtex-disclosure-layout-1-x-content--visible vtex-disclosure-layout-1-x-content--description-and-specification--visible"" id=""id-q6svuq"">
<div class=""vtex-store-components-3-x-productDescriptionContainer"">
<div class=""vtex-store-components-3-x-productDescriptionText c-muted-1"">
<div class=""vtex-flex-layout-0-x-flexColChild vtex-flex-layout-0-x-flexColChild--pdp__main-content-info pb2"">
<div class=""vtex-disclosure-layout-1-x-content vtex-disclosure-layout-1-x-content--description-and-specification vtex-disclosure-layout-1-x-content--visible vtex-disclosure-layout-1-x-content--description-and-specification--visible"" id=""id-88bu9d"">
<div class=""vtex-store-components-3-x-productDescriptionContainer"">
<div class=""vtex-store-components-3-x-productDescriptionText c-muted-1"">
<div class=""vtex-flex-layout-0-x-flexColChild vtex-flex-layout-0-x-flexColChild--pdp__main-content-info pb2"">
<div class=""vtex-disclosure-layout-1-x-content vtex-disclosure-layout-1-x-content--description-and-specification vtex-disclosure-layout-1-x-content--visible vtex-disclosure-layout-1-x-content--description-and-specification--visible"" id=""id-88eldj"">
<div class=""vtex-store-components-3-x-productDescriptionContainer"">
<div class=""vtex-store-components-3-x-productDescriptionText c-muted-1"">
<p>O Sapatênis Denim Clash é confeccionado em couro na cor conhaque. Possui <span>fechamento em elástico</span>, facilitando o calce, tag com o logo da marca na língua e puxador de tecido no calcanhar, costura na parte superior do cabedal feita a mão. Sua sola é feita de Micro Expandido e blaqueada na lateral, além de contar com uma palmilha macia e bico arredondado.</p>
<p>Linha Denim - Liberdade para transitar de uma reunião de trabalho para um happy hour e estar bem vestido. Contemporâneo, despojado, confortável e leve, perfeito para o uso no dia a dia.</p>
</div>
</div>
</div>
</div>
</div>
</div>
</div>
</div>
</div>
</div>
</div>
</div>
</div>
</div>
</div>
</div>","Tema Conversão","","","","true","Tamanho do calçado","37","","","","","","0","","","deny","manual","83.97","279.90","TRUE","TRUE","","https://cdn.shopify.com/s/files/1/0721/1168/5771/files/168473-1600-1600.jpg?v=1766929891","1","https://cdn.shopify.com/s/files/1/0721/1168/5771/files/168473-1600-1600.jpg?v=1766929891","","active"
"sapatenis-denim-clash-conhaque","","","","","","","","","38","","","","","","0","","","deny","manual","83.97","279.90","TRUE","TRUE","","https://cdn.shopify.com/s/files/1/0721/1168/5771/files/168474-1600-1600.jpg?v=1766929889","2","https://cdn.shopify.com/s/files/1/0721/1168/5771/files/168473-1600-1600.jpg?v=1766929891","",""
"sapatenis-denim-clash-conhaque","","","","","","","","","39","","","","","","0","","","deny","manual","83.97","279.90","TRUE","TRUE","","https://cdn.shopify.com/s/files/1/0721/1168/5771/files/168475-1600-1600.jpg?v=1766929890","3","https://cdn.shopify.com/s/files/1/0721/1168/5771/files/168473-1600-1600.jpg?v=1766929891","",""
"sapatenis-denim-clash-conhaque","","","","","","","","","40","","","","","","0","","","deny","manual","83.97","279.90","TRUE","TRUE","","https://cdn.shopify.com/s/files/1/0721/1168/5771/files/168476-1600-1600.jpg?v=1766929889","4","https://cdn.shopify.com/s/files/1/0721/1168/5771/files/168473-1600-1600.jpg?v=1766929891","",""
"sapatenis-denim-clash-conhaque","","","","","","","","","41","","","","","","0","","","deny","manual","83.97","279.90","TRUE","TRUE","","","","https://cdn.shopify.com/s/files/1/0721/1168/5771/files/168473-1600-1600.jpg?v=1766929891","",""
"sapatenis-denim-clash-conhaque","","","","","","","","","42","","","","","","0","","","deny","manual","83.97","279.90","TRUE","TRUE","","","","https://cdn.shopify.com/s/files/1/0721/1168/5771/files/168473-1600-1600.jpg?v=1766929891","",""
"sapatenis-denim-clash-conhaque","","","","","","","","","43","","","","","","0","","","deny","manual","83.97","279.90","TRUE","TRUE","","","","https://cdn.shopify.com/s/files/1/0721/1168/5771/files/168473-1600-1600.jpg?v=1766929891","",""
"sapatenis-denim-clash-conhaque","","","","","","","","","44","","","","","","0","","","deny","manual","83.97","279.90","TRUE","TRUE","","","","https://cdn.shopify.com/s/files/1/0721/1168/5771/files/168473-1600-1600.jpg?v=1766929891","",""
"sapatenis-denim-city-smoke","Sapatênis Denim City Smoke","<div class=""vtex-flex-layout-0-x-flexColChild vtex-flex-layout-0-x-flexColChild--pdp__main-content-info pb2"">
<div id=""id-0bq9rk"" class=""vtex-disclosure-layout-1-x-content vtex-disclosure-layout-1-x-content--description-and-specification vtex-disclosure-layout-1-x-content--visible vtex-disclosure-layout-1-x-content--description-and-specification--visible"">
<div class=""vtex-store-components-3-x-productDescriptionContainer"">
<div class=""vtex-store-components-3-x-productDescriptionText c-muted-1"">
<div class=""vtex-flex-layout-0-x-flexColChild vtex-flex-layout-0-x-flexColChild--pdp__main-content-info pb2"">
<div id=""id-q6svuq"" class=""vtex-disclosure-layout-1-x-content vtex-disclosure-layout-1-x-content--description-and-specification vtex-disclosure-layout-1-x-content--visible vtex-disclosure-layout-1-x-content--description-and-specification--visible"">
<div class=""vtex-store-components-3-x-productDescriptionContainer"">
<div class=""vtex-store-components-3-x-productDescriptionText c-muted-1"">
<div class=""vtex-flex-layout-0-x-flexColChild vtex-flex-layout-0-x-flexColChild--pdp__main-content-info pb2"">
<div id=""id-88bu9d"" class=""vtex-disclosure-layout-1-x-content vtex-disclosure-layout-1-x-content--description-and-specification vtex-disclosure-layout-1-x-content--visible vtex-disclosure-layout-1-x-content--description-and-specification--visible"">
<div class=""vtex-store-components-3-x-productDescriptionContainer"">
<div class=""vtex-store-components-3-x-productDescriptionText c-muted-1"">
<div class=""vtex-flex-layout-0-x-flexColChild vtex-flex-layout-0-x-flexColChild--pdp__main-content-info pb2"">
<div id=""id-88eldj"" class=""vtex-disclosure-layout-1-x-content vtex-disclosure-layout-1-x-content--description-and-specification vtex-disclosure-layout-1-x-content--visible vtex-disclosure-layout-1-x-content--description-and-specification--visible"">
<div class=""vtex-store-components-3-x-productDescriptionContainer"">
<div class=""vtex-store-components-3-x-productDescriptionText c-muted-1"">
<p>O Sapatênis Denim City é confeccionado em couro na cor neve. Possui <span>fechamento por elástico</span>, que o torna fácil de calçar, cabedal com detalhes perfurados e em pespontos no couro. Seu forro é em tecido, colarinho acolchoado, além de contar com sola de borracha blaqueada e uma palmilha macia.</p>
<p>Linha Denim - Liberdade para transitar de uma reunião de trabalho para um happy hour e estar bem vestido. Contemporâneo, despojado, confortável e leve, perfeito para o uso no dia a dia.</p>
</div>
</div>
</div>
</div>
</div>
</div>
</div>
</div>
</div>
</div>
</div>
</div>
</div>
</div>
</div>
</div>","Tema Conversão","","","","true","Tamanho do calçado","37","","","","","","0","","","deny","manual","86.97","289.90","TRUE","TRUE","","https://cdn.shopify.com/s/files/1/0721/1168/5771/files/166964-1600-1600.jpg?v=1766929886","1","https://cdn.shopify.com/s/files/1/0721/1168/5771/files/166964-1600-1600.jpg?v=1766929886","","active"
"sapatenis-denim-city-smoke","","","","","","","","","38","","","","","","0","","","deny","manual","86.97","289.90","TRUE","TRUE","","https://cdn.shopify.com/s/files/1/0721/1168/5771/files/166965-1600-1600.jpg?v=1766929884","2","https://cdn.shopify.com/s/files/1/0721/1168/5771/files/166964-1600-1600.jpg?v=1766929886","",""
"sapatenis-denim-city-smoke","","","","","","","","","39","","","","","","0","","","deny","manual","86.97","289.90","TRUE","TRUE","","https://cdn.shopify.com/s/files/1/0721/1168/5771/files/166966-1600-1600.jpg?v=1766929887","3","https://cdn.shopify.com/s/files/1/0721/1168/5771/files/166964-1600-1600.jpg?v=1766929886","",""
"sapatenis-denim-city-smoke","","","","","","","","","40","","","","","","0","","","deny","manual","86.97","289.90","TRUE","TRUE","","https://cdn.shopify.com/s/files/1/0721/1168/5771/files/166967-1600-1600.jpg?v=1766929898","4","https://cdn.shopify.com/s/files/1/0721/1168/5771/files/166964-1600-1600.jpg?v=1766929886","",""
"sapatenis-denim-city-smoke","","","","","","","","","41","","","","","","0","","","deny","manual","86.97","289.90","TRUE","TRUE","","","","https://cdn.shopify.com/s/files/1/0721/1168/5771/files/166964-1600-1600.jpg?v=1766929886","",""
"sapatenis-denim-city-smoke","","","","","","","","","42","","","","","","0","","","deny","manual","86.97","289.90","TRUE","TRUE","","","","https://cdn.shopify.com/s/files/1/0721/1168/5771/files/166964-1600-1600.jpg?v=1766929886","",""
"sapatenis-denim-city-smoke","","","","","","","","","43","","","","","","0","","","deny","manual","86.97","289.90","TRUE","TRUE","","","","https://cdn.shopify.com/s/files/1/0721/1168/5771/files/166964-1600-1600.jpg?v=1766929886","",""
"sapatenis-denim-city-smoke","","","","","","","","","44","","","","","","0","","","deny","manual","86.97","289.90","TRUE","TRUE","","","","https://cdn.shopify.com/s/files/1/0721/1168/5771/files/166964-1600-1600.jpg?v=1766929886","",""
"sapatenis-denim-city-neve","Sapatênis Denim City Neve","<div class=""vtex-flex-layout-0-x-flexColChild vtex-flex-layout-0-x-flexColChild--pdp__main-content-info pb2"">
<div id=""id-0bq9rk"" class=""vtex-disclosure-layout-1-x-content vtex-disclosure-layout-1-x-content--description-and-specification vtex-disclosure-layout-1-x-content--visible vtex-disclosure-layout-1-x-content--description-and-specification--visible"">
<div class=""vtex-store-components-3-x-productDescriptionContainer"">
<div class=""vtex-store-components-3-x-productDescriptionText c-muted-1"">
<div class=""vtex-flex-layout-0-x-flexColChild vtex-flex-layout-0-x-flexColChild--pdp__main-content-info pb2"">
<div id=""id-q6svuq"" class=""vtex-disclosure-layout-1-x-content vtex-disclosure-layout-1-x-content--description-and-specification vtex-disclosure-layout-1-x-content--visible vtex-disclosure-layout-1-x-content--description-and-specification--visible"">
<div class=""vtex-store-components-3-x-productDescriptionContainer"">
<div class=""vtex-store-components-3-x-productDescriptionText c-muted-1"">
<div class=""vtex-flex-layout-0-x-flexColChild vtex-flex-layout-0-x-flexColChild--pdp__main-content-info pb2"">
<div id=""id-88bu9d"" class=""vtex-disclosure-layout-1-x-content vtex-disclosure-layout-1-x-content--description-and-specification vtex-disclosure-layout-1-x-content--visible vtex-disclosure-layout-1-x-content--description-and-specification--visible"">
<div class=""vtex-store-components-3-x-productDescriptionContainer"">
<div class=""vtex-store-components-3-x-productDescriptionText c-muted-1"">
<div class=""vtex-flex-layout-0-x-flexColChild vtex-flex-layout-0-x-flexColChild--pdp__main-content-info pb2"">
<div id=""id-88eldj"" class=""vtex-disclosure-layout-1-x-content vtex-disclosure-layout-1-x-content--description-and-specification vtex-disclosure-layout-1-x-content--visible vtex-disclosure-layout-1-x-content--description-and-specification--visible"">
<div class=""vtex-store-components-3-x-productDescriptionContainer"">
<div class=""vtex-store-components-3-x-productDescriptionText c-muted-1"">
<p>O Sapatênis Denim City é confeccionado em couro na cor neve. Possui <span>fechamento por elástico</span>, que o torna fácil de calçar, cabedal com detalhes perfurados e em pespontos no couro. Seu forro é em tecido, colarinho acolchoado, além de contar com sola de borracha blaqueada e uma palmilha macia.</p>
<p>Linha Denim - Liberdade para transitar de uma reunião de trabalho para um happy hour e estar bem vestido. Contemporâneo, despojado, confortável e leve, perfeito para o uso no dia a dia.</p>
</div>
</div>
</div>
</div>
</div>
</div>
</div>
</div>
</div>
</div>
</div>
</div>
</div>
</div>
</div>
</div>","Tema Conversão","","","","true","Tamanho do calçado","37","","","","","","0","","","deny","manual","86.97","289.90","TRUE","TRUE","","https://cdn.shopify.com/s/files/1/0721/1168/5771/files/167319-1600-1600.jpg?v=1766929887","1","https://cdn.shopify.com/s/files/1/0721/1168/5771/files/167319-1600-1600.jpg?v=1766929887","","active"
"sapatenis-denim-city-neve","","","","","","","","","38","","","","","","0","","","deny","manual","86.97","289.90","TRUE","TRUE","","https://cdn.shopify.com/s/files/1/0721/1168/5771/files/167320-1600-1600.jpg?v=1766929889","2","https://cdn.shopify.com/s/files/1/0721/1168/5771/files/167319-1600-1600.jpg?v=1766929887","",""
"sapatenis-denim-city-neve","","","","","","","","","39","","","","","","0","","","deny","manual","86.97","289.90","TRUE","TRUE","","https://cdn.shopify.com/s/files/1/0721/1168/5771/files/167321-1600-1600.jpg?v=1766929888","3","https://cdn.shopify.com/s/files/1/0721/1168/5771/files/167319-1600-1600.jpg?v=1766929887","",""
"sapatenis-denim-city-neve","","","","","","","","","40","","","","","","0","","","deny","manual","86.97","289.90","TRUE","TRUE","","https://cdn.shopify.com/s/files/1/0721/1168/5771/files/167322-1600-1600.jpg?v=1766929887","4","https://cdn.shopify.com/s/files/1/0721/1168/5771/files/167319-1600-1600.jpg?v=1766929887","",""
"sapatenis-denim-city-neve","","","","","","","","","41","","","","","","0","","","deny","manual","86.97","289.90","TRUE","TRUE","","","","https://cdn.shopify.com/s/files/1/0721/1168/5771/files/167319-1600-1600.jpg?v=1766929887","",""
"sapatenis-denim-city-neve","","","","","","","","","42","","","","","","0","","","deny","manual","86.97","289.90","TRUE","TRUE","","","","https://cdn.shopify.com/s/files/1/0721/1168/5771/files/167319-1600-1600.jpg?v=1766929887","",""
"sapatenis-denim-city-neve","","","","","","","","","43","","","","","","0","","","deny","manual","86.97","289.90","TRUE","TRUE","","","","https://cdn.shopify.com/s/files/1/0721/1168/5771/files/167319-1600-1600.jpg?v=1766929887","",""
"sapatenis-denim-city-neve","","","","","","","","","44","","","","","","0","","","deny","manual","86.97","289.90","TRUE","TRUE","","","","https://cdn.shopify.com/s/files/1/0721/1168/5771/files/167319-1600-1600.jpg?v=1766929887","",""
"sapatenis-denim-bold-mogno","Sapatênis Denim Bold Mogno","<div class=""vtex-flex-layout-0-x-flexColChild vtex-flex-layout-0-x-flexColChild--pdp__main-content-info pb2"">
<div id=""id-0bq9rk"" class=""vtex-disclosure-layout-1-x-content vtex-disclosure-layout-1-x-content--description-and-specification vtex-disclosure-layout-1-x-content--visible vtex-disclosure-layout-1-x-content--description-and-specification--visible"">
<div class=""vtex-store-components-3-x-productDescriptionContainer"">
<div class=""vtex-store-components-3-x-productDescriptionText c-muted-1"">
<div class=""vtex-flex-layout-0-x-flexColChild vtex-flex-layout-0-x-flexColChild--pdp__main-content-info pb2"">
<div id=""id-q6svuq"" class=""vtex-disclosure-layout-1-x-content vtex-disclosure-layout-1-x-content--description-and-specification vtex-disclosure-layout-1-x-content--visible vtex-disclosure-layout-1-x-content--description-and-specification--visible"">
<div class=""vtex-store-components-3-x-productDescriptionContainer"">
<div class=""vtex-store-components-3-x-productDescriptionText c-muted-1"">
<div class=""vtex-flex-layout-0-x-flexColChild vtex-flex-layout-0-x-flexColChild--pdp__main-content-info pb2"">
<div id=""id-88bu9d"" class=""vtex-disclosure-layout-1-x-content vtex-disclosure-layout-1-x-content--description-and-specification vtex-disclosure-layout-1-x-content--visible vtex-disclosure-layout-1-x-content--description-and-specification--visible"">
<div class=""vtex-store-components-3-x-productDescriptionContainer"">
<div class=""vtex-store-components-3-x-productDescriptionText c-muted-1"">
<div class=""vtex-flex-layout-0-x-flexColChild vtex-flex-layout-0-x-flexColChild--pdp__main-content-info pb2"">
<div id=""id-88eldj"" class=""vtex-disclosure-layout-1-x-content vtex-disclosure-layout-1-x-content--description-and-specification vtex-disclosure-layout-1-x-content--visible vtex-disclosure-layout-1-x-content--description-and-specification--visible"">
<div class=""vtex-store-components-3-x-productDescriptionContainer"">
<div class=""vtex-store-components-3-x-productDescriptionText c-muted-1"">
<p class=""MsoNormal"">O Sapatênis de Couro Mogno Denim Bold é um produto confortável e moderno, se destacando pelo solado que possui grande durabilidade.</p>
<p class=""MsoNormal"">Confeccionado em couro na cor mogno, possui o fechamento em cadarço de amarrar, bico com arredondado e detalhe da logo da marca na lateral. Contém uma costura na parte superior do cabedal.</p>
<p class=""MsoNormal"">A palmilha é feita P.U com forro de tecido e o solado feito de Micro Expandido.</p>
<p class=""MsoNormal"">O conceito Denim oferece liberdade para transitar de uma reunião de trabalho para um happy hour e estar bem vestido. Contemporâneo, despojado, confortável e leve, perfeito para o uso no dia a dia.</p>
</div>
</div>
</div>
</div>
</div>
</div>
</div>
</div>
</div>
</div>
</div>
</div>
</div>
</div>
</div>
</div>","Tema Conversão","","","","true","Tamanho do calçado","37","","","","","","0","","","deny","manual","89.97","299.90","TRUE","TRUE","","https://cdn.shopify.com/s/files/1/0721/1168/5771/files/169665-1600-1600.jpg?v=1766929890","1","https://cdn.shopify.com/s/files/1/0721/1168/5771/files/169665-1600-1600.jpg?v=1766929890","","active"
"sapatenis-denim-bold-mogno","","","","","","","","","38","","","","","","0","","","deny","manual","89.97","299.90","TRUE","TRUE","","https://cdn.shopify.com/s/files/1/0721/1168/5771/files/169666-1600-1600.jpg?v=1766929888","2","https://cdn.shopify.com/s/files/1/0721/1168/5771/files/169665-1600-1600.jpg?v=1766929890","",""
"sapatenis-denim-bold-mogno","","","","","","","","","39","","","","","","0","","","deny","manual","89.97","299.90","TRUE","TRUE","","https://cdn.shopify.com/s/files/1/0721/1168/5771/files/169667-1600-1600.jpg?v=1766929890","3","https://cdn.shopify.com/s/files/1/0721/1168/5771/files/169665-1600-1600.jpg?v=1766929890","",""
"sapatenis-denim-bold-mogno","","","","","","","","","40","","","","","","0","","","deny","manual","89.97","299.90","TRUE","TRUE","","https://cdn.shopify.com/s/files/1/0721/1168/5771/files/169668-1600-1600.jpg?v=1766929888","4","https://cdn.shopify.com/s/files/1/0721/1168/5771/files/169665-1600-1600.jpg?v=1766929890","",""
"sapatenis-denim-bold-mogno","","","","","","","","","41","","","","","","0","","","deny","manual","89.97","299.90","TRUE","TRUE","","","","https://cdn.shopify.com/s/files/1/0721/1168/5771/files/169665-1600-1600.jpg?v=1766929890","",""
"sapatenis-denim-bold-mogno","","","","","","","","","42","","","","","","0","","","deny","manual","89.97","299.90","TRUE","TRUE","","","","https://cdn.shopify.com/s/files/1/0721/1168/5771/files/169665-1600-1600.jpg?v=1766929890","",""
"sapatenis-denim-bold-mogno","","","","","","","","","43","","","","","","0","","","deny","manual","89.97","299.90","TRUE","TRUE","","","","https://cdn.shopify.com/s/files/1/0721/1168/5771/files/169665-1600-1600.jpg?v=1766929890","",""
"sapatenis-denim-bold-mogno","","","","","","","","","44","","","","","","0","","","deny","manual","89.97","299.90","TRUE","TRUE","","","","https://cdn.shopify.com/s/files/1/0721/1168/5771/files/169665-1600-1600.jpg?v=1766929890","",""
"sandalia-easy-zion-smoke","Sandália Easy Zion Smoke","<div class=""vtex-flex-layout-0-x-flexColChild vtex-flex-layout-0-x-flexColChild--pdp__main-content-info pb2"">
<div class=""vtex-disclosure-layout-1-x-content vtex-disclosure-layout-1-x-content--description-and-specification vtex-disclosure-layout-1-x-content--visible vtex-disclosure-layout-1-x-content--description-and-specification--visible"" id=""id-0bq9rk"">
<div class=""vtex-store-components-3-x-productDescriptionContainer"">
<div class=""vtex-store-components-3-x-productDescriptionText c-muted-1"">
<div class=""vtex-flex-layout-0-x-flexColChild vtex-flex-layout-0-x-flexColChild--pdp__main-content-info pb2"">
<div class=""vtex-disclosure-layout-1-x-content vtex-disclosure-layout-1-x-content--description-and-specification vtex-disclosure-layout-1-x-content--visible vtex-disclosure-layout-1-x-content--description-and-specification--visible"" id=""id-q6svuq"">
<div class=""vtex-store-components-3-x-productDescriptionContainer"">
<div class=""vtex-store-components-3-x-productDescriptionText c-muted-1"">
<div class=""vtex-flex-layout-0-x-flexColChild vtex-flex-layout-0-x-flexColChild--pdp__main-content-info pb2"">
<div class=""vtex-disclosure-layout-1-x-content vtex-disclosure-layout-1-x-content--description-and-specification vtex-disclosure-layout-1-x-content--visible vtex-disclosure-layout-1-x-content--description-and-specification--visible"" id=""id-88bu9d"">
<div class=""vtex-store-components-3-x-productDescriptionContainer"">
<div class=""vtex-store-components-3-x-productDescriptionText c-muted-1"">
<div class=""vtex-flex-layout-0-x-flexColChild vtex-flex-layout-0-x-flexColChild--pdp__main-content-info pb2"">
<div class=""vtex-disclosure-layout-1-x-content vtex-disclosure-layout-1-x-content--description-and-specification vtex-disclosure-layout-1-x-content--visible vtex-disclosure-layout-1-x-content--description-and-specification--visible"" id=""id-88eldj"">
<div class=""vtex-store-components-3-x-productDescriptionContainer"">
<div class=""vtex-store-components-3-x-productDescriptionText c-muted-1"">
<div class=""vtex-flex-layout-0-x-flexColChild vtex-flex-layout-0-x-flexColChild--pdp__main-content-info pb2"">
<div id=""id-3fk2kr"" class=""vtex-disclosure-layout-1-x-content vtex-disclosure-layout-1-x-content--description-and-specification vtex-disclosure-layout-1-x-content--visible vtex-disclosure-layout-1-x-content--description-and-specification--visible"">
<div class=""vtex-store-components-3-x-productDescriptionContainer"">
<div class=""vtex-store-components-3-x-productDescriptionText c-muted-1"">
<p>A Sandália Easy Zion tem sua tira produzida em couro na cor preto. Sua palmilha feita de couro é <span>macia e confortável</span>. E conta com solado de micro expandido.</p>
<p>Linha Denim - Liberdade para transitar de uma reunião de trabalho para um happy hour e estar bem vestido. Contemporâneo, despojado, confortável e leve, perfeito para o uso no dia a dia.</p>
</div>
</div>
</div>
</div>
<div class=""vtex-flex-layout-0-x-flexColChild vtex-flex-layout-0-x-flexColChild--pdp__main-content-info pb0"">
<div class=""vtex-store-components-3-x-shareContainer db"">
<div class=""vtex-store-components-3-x-shareLabel c-muted-2 t-small mb3"">Compartilhar</div>
<div class=""vtex-store-components-3-x-shareButtons flex flex-row""></div>
</div>
</div>
</div>
</div>
</div>
</div>
</div>
</div>
</div>
</div>
</div>
</div>
</div>
</div>
</div>
</div>
</div>
</div>","Tema Conversão","","","","true","Tamanho do calçado","37","","","","","","0","","","deny","manual","53.97","179.90","TRUE","TRUE","","https://cdn.shopify.com/s/files/1/0721/1168/5771/files/169357-1600-1600.jpg?v=1766929861","1","https://cdn.shopify.com/s/files/1/0721/1168/5771/files/169357-1600-1600.jpg?v=1766929861","","active"
"sandalia-easy-zion-smoke","","","","","","","","","38","","","","","","0","","","deny","manual","53.97","179.90","TRUE","TRUE","","https://cdn.shopify.com/s/files/1/0721/1168/5771/files/169358-1600-1600.jpg?v=1766929861","2","https://cdn.shopify.com/s/files/1/0721/1168/5771/files/169357-1600-1600.jpg?v=1766929861","",""
"sandalia-easy-zion-smoke","","","","","","","","","39","","","","","","0","","","deny","manual","53.97","179.90","TRUE","TRUE","","","","https://cdn.shopify.com/s/files/1/0721/1168/5771/files/169357-1600-1600.jpg?v=1766929861","",""
"sandalia-easy-zion-smoke","","","","","","","","","40","","","","","","0","","","deny","manual","53.97","179.90","TRUE","TRUE","","","","https://cdn.shopify.com/s/files/1/0721/1168/5771/files/169357-1600-1600.jpg?v=1766929861","",""
"sandalia-easy-zion-smoke","","","","","","","","","41","","","","","","0","","","deny","manual","53.97","179.90","TRUE","TRUE","","","","https://cdn.shopify.com/s/files/1/0721/1168/5771/files/169357-1600-1600.jpg?v=1766929861","",""
"sandalia-easy-zion-smoke","","","","","","","","","42","","","","","","0","","","deny","manual","53.97","179.90","TRUE","TRUE","","","","https://cdn.shopify.com/s/files/1/0721/1168/5771/files/169357-1600-1600.jpg?v=1766929861","",""
"sandalia-easy-zion-smoke","","","","","","","","","43","","","","","","0","","","deny","manual","53.97","179.90","TRUE","TRUE","","","","https://cdn.shopify.com/s/files/1/0721/1168/5771/files/169357-1600-1600.jpg?v=1766929861","",""
"sandalia-easy-zion-smoke","","","","","","","","","44","","","","","","0","","","deny","manual","53.97","179.90","TRUE","TRUE","","","","https://cdn.shopify.com/s/files/1/0721/1168/5771/files/169357-1600-1600.jpg?v=1766929861","",""
"sandalia-easy-zion-preto","Sandália Easy Zion Preto","<div class=""vtex-flex-layout-0-x-flexColChild vtex-flex-layout-0-x-flexColChild--pdp__main-content-info pb2"">
<div class=""vtex-disclosure-layout-1-x-content vtex-disclosure-layout-1-x-content--description-and-specification vtex-disclosure-layout-1-x-content--visible vtex-disclosure-layout-1-x-content--description-and-specification--visible"" id=""id-0bq9rk"">
<div class=""vtex-store-components-3-x-productDescriptionContainer"">
<div class=""vtex-store-components-3-x-productDescriptionText c-muted-1"">
<div class=""vtex-flex-layout-0-x-flexColChild vtex-flex-layout-0-x-flexColChild--pdp__main-content-info pb2"">
<div class=""vtex-disclosure-layout-1-x-content vtex-disclosure-layout-1-x-content--description-and-specification vtex-disclosure-layout-1-x-content--visible vtex-disclosure-layout-1-x-content--description-and-specification--visible"" id=""id-q6svuq"">
<div class=""vtex-store-components-3-x-productDescriptionContainer"">
<div class=""vtex-store-components-3-x-productDescriptionText c-muted-1"">
<div class=""vtex-flex-layout-0-x-flexColChild vtex-flex-layout-0-x-flexColChild--pdp__main-content-info pb2"">
<div class=""vtex-disclosure-layout-1-x-content vtex-disclosure-layout-1-x-content--description-and-specification vtex-disclosure-layout-1-x-content--visible vtex-disclosure-layout-1-x-content--description-and-specification--visible"" id=""id-88bu9d"">
<div class=""vtex-store-components-3-x-productDescriptionContainer"">
<div class=""vtex-store-components-3-x-productDescriptionText c-muted-1"">
<div class=""vtex-flex-layout-0-x-flexColChild vtex-flex-layout-0-x-flexColChild--pdp__main-content-info pb2"">
<div class=""vtex-disclosure-layout-1-x-content vtex-disclosure-layout-1-x-content--description-and-specification vtex-disclosure-layout-1-x-content--visible vtex-disclosure-layout-1-x-content--description-and-specification--visible"" id=""id-88eldj"">
<div class=""vtex-store-components-3-x-productDescriptionContainer"">
<div class=""vtex-store-components-3-x-productDescriptionText c-muted-1"">
<div class=""vtex-flex-layout-0-x-flexColChild vtex-flex-layout-0-x-flexColChild--pdp__main-content-info pb2"">
<div id=""id-3fk2kr"" class=""vtex-disclosure-layout-1-x-content vtex-disclosure-layout-1-x-content--description-and-specification vtex-disclosure-layout-1-x-content--visible vtex-disclosure-layout-1-x-content--description-and-specification--visible"">
<div class=""vtex-store-components-3-x-productDescriptionContainer"">
<div class=""vtex-store-components-3-x-productDescriptionText c-muted-1"">
<p>A Sandália Easy Zion tem sua tira produzida em couro na cor preto. Sua palmilha feita de couro é <span>macia e confortável</span>. E conta com solado de micro expandido.</p>
<p>Linha Denim - Liberdade para transitar de uma reunião de trabalho para um happy hour e estar bem vestido. Contemporâneo, despojado, confortável e leve, perfeito para o uso no dia a dia.</p>
</div>
</div>
</div>
</div>
<div class=""vtex-flex-layout-0-x-flexColChild vtex-flex-layout-0-x-flexColChild--pdp__main-content-info pb0"">
<div class=""vtex-store-components-3-x-shareContainer db"">
<div class=""vtex-store-components-3-x-shareLabel c-muted-2 t-small mb3"">Compartilhar</div>
<div class=""vtex-store-components-3-x-shareButtons flex flex-row""></div>
</div>
</div>
</div>
</div>
</div>
</div>
</div>
</div>
</div>
</div>
</div>
</div>
</div>
</div>
</div>
</div>
</div>
</div>","Tema Conversão","","","","true","Tamanho do calçado","37","","","","","","0","","","deny","manual","53.97","179.90","TRUE","TRUE","","https://cdn.shopify.com/s/files/1/0721/1168/5771/files/169349-1600-1600.jpg?v=1766929862","1","https://cdn.shopify.com/s/files/1/0721/1168/5771/files/169349-1600-1600.jpg?v=1766929862","","active"
"sandalia-easy-zion-preto","","","","","","","","","38","","","","","","0","","","deny","manual","53.97","179.90","TRUE","TRUE","","https://cdn.shopify.com/s/files/1/0721/1168/5771/files/169350-1600-1600.jpg?v=1766929862","2","https://cdn.shopify.com/s/files/1/0721/1168/5771/files/169349-1600-1600.jpg?v=1766929862","",""
"sandalia-easy-zion-preto","","","","","","","","","39","","","","","","0","","","deny","manual","53.97","179.90","TRUE","TRUE","","","","https://cdn.shopify.com/s/files/1/0721/1168/5771/files/169349-1600-1600.jpg?v=1766929862","",""
"sandalia-easy-zion-preto","","","","","","","","","40","","","","","","0","","","deny","manual","53.97","179.90","TRUE","TRUE","","","","https://cdn.shopify.com/s/files/1/0721/1168/5771/files/169349-1600-1600.jpg?v=1766929862","",""
"sandalia-easy-zion-preto","","","","","","","","","41","","","","","","0","","","deny","manual","53.97","179.90","TRUE","TRUE","","","","https://cdn.shopify.com/s/files/1/0721/1168/5771/files/169349-1600-1600.jpg?v=1766929862","",""
"sandalia-easy-zion-preto","","","","","","","","","42","","","","","","0","","","deny","manual","53.97","179.90","TRUE","TRUE","","","","https://cdn.shopify.com/s/files/1/0721/1168/5771/files/169349-1600-1600.jpg?v=1766929862","",""
"sandalia-easy-zion-preto","","","","","","","","","43","","","","","","0","","","deny","manual","53.97","179.90","TRUE","TRUE","","","","https://cdn.shopify.com/s/files/1/0721/1168/5771/files/169349-1600-1600.jpg?v=1766929862","",""
"sandalia-easy-zion-preto","","","","","","","","","44","","","","","","0","","","deny","manual","53.97","179.90","TRUE","TRUE","","","","https://cdn.shopify.com/s/files/1/0721/1168/5771/files/169349-1600-1600.jpg?v=1766929862","",""
"sandalia-easy-weekend-preto","Sandália Easy Weekend Preto","<div class=""vtex-flex-layout-0-x-flexColChild vtex-flex-layout-0-x-flexColChild--pdp__main-content-info pb2"">
<div class=""vtex-disclosure-layout-1-x-content vtex-disclosure-layout-1-x-content--description-and-specification vtex-disclosure-layout-1-x-content--visible vtex-disclosure-layout-1-x-content--description-and-specification--visible"" id=""id-0bq9rk"">
<div class=""vtex-store-components-3-x-productDescriptionContainer"">
<div class=""vtex-store-components-3-x-productDescriptionText c-muted-1"">
<div class=""vtex-flex-layout-0-x-flexColChild vtex-flex-layout-0-x-flexColChild--pdp__main-content-info pb2"">
<div class=""vtex-disclosure-layout-1-x-content vtex-disclosure-layout-1-x-content--description-and-specification vtex-disclosure-layout-1-x-content--visible vtex-disclosure-layout-1-x-content--description-and-specification--visible"" id=""id-q6svuq"">
<div class=""vtex-store-components-3-x-productDescriptionContainer"">
<div class=""vtex-store-components-3-x-productDescriptionText c-muted-1"">
<div class=""vtex-flex-layout-0-x-flexColChild vtex-flex-layout-0-x-flexColChild--pdp__main-content-info pb2"">
<div class=""vtex-disclosure-layout-1-x-content vtex-disclosure-layout-1-x-content--description-and-specification vtex-disclosure-layout-1-x-content--visible vtex-disclosure-layout-1-x-content--description-and-specification--visible"" id=""id-88bu9d"">
<div class=""vtex-store-components-3-x-productDescriptionContainer"">
<div class=""vtex-store-components-3-x-productDescriptionText c-muted-1"">
<div class=""vtex-flex-layout-0-x-flexColChild vtex-flex-layout-0-x-flexColChild--pdp__main-content-info pb2"">
<div class=""vtex-disclosure-layout-1-x-content vtex-disclosure-layout-1-x-content--description-and-specification vtex-disclosure-layout-1-x-content--visible vtex-disclosure-layout-1-x-content--description-and-specification--visible"" id=""id-88eldj"">
<div class=""vtex-store-components-3-x-productDescriptionContainer"">
<div class=""vtex-store-components-3-x-productDescriptionText c-muted-1"">
<div class=""vtex-flex-layout-0-x-flexColChild vtex-flex-layout-0-x-flexColChild--pdp__main-content-info pb2"">
<div id=""id-3fk2kr"" class=""vtex-disclosure-layout-1-x-content vtex-disclosure-layout-1-x-content--description-and-specification vtex-disclosure-layout-1-x-content--visible vtex-disclosure-layout-1-x-content--description-and-specification--visible"">
<div class=""vtex-store-components-3-x-productDescriptionContainer"">
<div class=""vtex-store-components-3-x-productDescriptionText c-muted-1"">
<p><span>A <strong>Sandália Easy Weekend </strong>tem seu cabedal e forro produzidos em couro na cor preta, possui regulagem com fivelas de metal.</span></p>
<p><span>Seu solado é feito de micro expandido com a logo Democrata.</span></p>
<p><span><br></span></p>
<p><span>Características principais:</span></p>
<p><span>Material</span><span>: Couro Legítimo.</span></p>
<p><span>Solado</span><span>: Micro expandido, um solado leve e confortável.</span></p>
<p><span>Fechamento</span><span>: Possui duas tiras com fechamento em fivelas de metal.</span></p>
<p><span>Estilo</span><span>: Casual.</span></p>
</div>
</div>
</div>
</div>
</div>
</div>
</div>
</div>
</div>
</div>
</div>
</div>
</div>
</div>
</div>
</div>
</div>
</div>
</div>
</div>","Tema Conversão","","","","true","Tamanho do calçado","37","","","","","","0","","","deny","manual","71.97","239.90","TRUE","TRUE","","https://cdn.shopify.com/s/files/1/0721/1168/5771/files/169377-1600-1600.jpg?v=1766929857","1","https://cdn.shopify.com/s/files/1/0721/1168/5771/files/169377-1600-1600.jpg?v=1766929857","","active"
"sandalia-easy-weekend-preto","","","","","","","","","38","","","","","","0","","","deny","manual","71.97","239.90","TRUE","TRUE","","https://cdn.shopify.com/s/files/1/0721/1168/5771/files/169378-1600-1600.jpg?v=1766929857","2","https://cdn.shopify.com/s/files/1/0721/1168/5771/files/169377-1600-1600.jpg?v=1766929857","",""
"sandalia-easy-weekend-preto","","","","","","","","","39","","","","","","0","","","deny","manual","71.97","239.90","TRUE","TRUE","","","","https://cdn.shopify.com/s/files/1/0721/1168/5771/files/169377-1600-1600.jpg?v=1766929857","",""
"sandalia-easy-weekend-preto","","","","","","","","","40","","","","","","0","","","deny","manual","71.97","239.90","TRUE","TRUE","","","","https://cdn.shopify.com/s/files/1/0721/1168/5771/files/169377-1600-1600.jpg?v=1766929857","",""
"sandalia-easy-weekend-preto","","","","","","","","","41","","","","","","0","","","deny","manual","71.97","239.90","TRUE","TRUE","","","","https://cdn.shopify.com/s/files/1/0721/1168/5771/files/169377-1600-1600.jpg?v=1766929857","",""
"sandalia-easy-weekend-preto","","","","","","","","","42","","","","","","0","","","deny","manual","71.97","239.90","TRUE","TRUE","","","","https://cdn.shopify.com/s/files/1/0721/1168/5771/files/169377-1600-1600.jpg?v=1766929857","",""
"sandalia-easy-weekend-preto","","","","","","","","","43","","","","","","0","","","deny","manual","71.97","239.90","TRUE","TRUE","","","","https://cdn.shopify.com/s/files/1/0721/1168/5771/files/169377-1600-1600.jpg?v=1766929857","",""
"sandalia-easy-weekend-preto","","","","","","","","","44","","","","","","0","","","deny","manual","71.97","239.90","TRUE","TRUE","","","","https://cdn.shopify.com/s/files/1/0721/1168/5771/files/169377-1600-1600.jpg?v=1766929857","",""
"sandalia-easy-soul-smoke","Sandália Easy Soul Smoke","<div class=""vtex-flex-layout-0-x-flexColChild vtex-flex-layout-0-x-flexColChild--pdp__main-content-info pb2"">
<div class=""vtex-disclosure-layout-1-x-content vtex-disclosure-layout-1-x-content--description-and-specification vtex-disclosure-layout-1-x-content--visible vtex-disclosure-layout-1-x-content--description-and-specification--visible"" id=""id-0bq9rk"">
<div class=""vtex-store-components-3-x-productDescriptionContainer"">
<div class=""vtex-store-components-3-x-productDescriptionText c-muted-1"">
<div class=""vtex-flex-layout-0-x-flexColChild vtex-flex-layout-0-x-flexColChild--pdp__main-content-info pb2"">
<div class=""vtex-disclosure-layout-1-x-content vtex-disclosure-layout-1-x-content--description-and-specification vtex-disclosure-layout-1-x-content--visible vtex-disclosure-layout-1-x-content--description-and-specification--visible"" id=""id-q6svuq"">
<div class=""vtex-store-components-3-x-productDescriptionContainer"">
<div class=""vtex-store-components-3-x-productDescriptionText c-muted-1"">
<div class=""vtex-flex-layout-0-x-flexColChild vtex-flex-layout-0-x-flexColChild--pdp__main-content-info pb2"">
<div class=""vtex-disclosure-layout-1-x-content vtex-disclosure-layout-1-x-content--description-and-specification vtex-disclosure-layout-1-x-content--visible vtex-disclosure-layout-1-x-content--description-and-specification--visible"" id=""id-88bu9d"">
<div class=""vtex-store-components-3-x-productDescriptionContainer"">
<div class=""vtex-store-components-3-x-productDescriptionText c-muted-1"">
<div class=""vtex-flex-layout-0-x-flexColChild vtex-flex-layout-0-x-flexColChild--pdp__main-content-info pb2"">
<div class=""vtex-disclosure-layout-1-x-content vtex-disclosure-layout-1-x-content--description-and-specification vtex-disclosure-layout-1-x-content--visible vtex-disclosure-layout-1-x-content--description-and-specification--visible"" id=""id-88eldj"">
<div class=""vtex-store-components-3-x-productDescriptionContainer"">
<div class=""vtex-store-components-3-x-productDescriptionText c-muted-1"">
<div class=""vtex-flex-layout-0-x-flexColChild vtex-flex-layout-0-x-flexColChild--pdp__main-content-info pb2"">
<div id=""id-3fk2kr"" class=""vtex-disclosure-layout-1-x-content vtex-disclosure-layout-1-x-content--description-and-specification vtex-disclosure-layout-1-x-content--visible vtex-disclosure-layout-1-x-content--description-and-specification--visible"">
<div class=""vtex-store-components-3-x-productDescriptionContainer"">
<div class=""vtex-store-components-3-x-productDescriptionText c-muted-1"">
<p>A <a href=""https://www.democrata.com.br/calcados/sandalias?O=OrderByReleaseDateDESC"">Sandália</a> Easy Soul possui cabedal e forro feitos em couro na cor preta. Regulagem com fechamento em fita aderente, e uma  tira no calcanhar, <span>garantindo mais conforto no seu dia a dia.</span></p>
<p><span>Seu solado é feito de micro expandido com a logo Democrata.</span></p>
<p><span><br></span></p>
<p><span>Características principais</span></p>
<p><span>Material</span><span>: Couro Legítimo.</span></p>
<p><span>Solado</span><span>: Micro expandido, um solado leve e confortável.</span></p>
<p><span>Fechamento</span><span>: Possui duas tiras com fechamento em fita aderente.</span></p>
<p><span>Estilo</span><span>: Casual.</span></p>
</div>
</div>
</div>
</div>
</div>
</div>
</div>
</div>
</div>
</div>
</div>
</div>
</div>
</div>
</div>
</div>
</div>
</div>
</div>
</div>","Tema Conversão","","","","true","Tamanho do calçado","37","","","","","","0","","","deny","manual","71.97","239.90","TRUE","TRUE","","https://cdn.shopify.com/s/files/1/0721/1168/5771/files/169369-1600-1600.jpg?v=1766929860","1","https://cdn.shopify.com/s/files/1/0721/1168/5771/files/169369-1600-1600.jpg?v=1766929860","","active"
"sandalia-easy-soul-smoke","","","","","","","","","38","","","","","","0","","","deny","manual","71.97","239.90","TRUE","TRUE","","https://cdn.shopify.com/s/files/1/0721/1168/5771/files/169370-1600-1600.jpg?v=1766929858","2","https://cdn.shopify.com/s/files/1/0721/1168/5771/files/169369-1600-1600.jpg?v=1766929860","",""
"sandalia-easy-soul-smoke","","","","","","","","","39","","","","","","0","","","deny","manual","71.97","239.90","TRUE","TRUE","","","","https://cdn.shopify.com/s/files/1/0721/1168/5771/files/169369-1600-1600.jpg?v=1766929860","",""
"sandalia-easy-soul-smoke","","","","","","","","","40","","","","","","0","","","deny","manual","71.97","239.90","TRUE","TRUE","","","","https://cdn.shopify.com/s/files/1/0721/1168/5771/files/169369-1600-1600.jpg?v=1766929860","",""
"sandalia-easy-soul-smoke","","","","","","","","","41","","","","","","0","","","deny","manual","71.97","239.90","TRUE","TRUE","","","","https://cdn.shopify.com/s/files/1/0721/1168/5771/files/169369-1600-1600.jpg?v=1766929860","",""
"sandalia-easy-soul-smoke","","","","","","","","","42","","","","","","0","","","deny","manual","71.97","239.90","TRUE","TRUE","","","","https://cdn.shopify.com/s/files/1/0721/1168/5771/files/169369-1600-1600.jpg?v=1766929860","",""
"sandalia-easy-soul-smoke","","","","","","","","","43","","","","","","0","","","deny","manual","71.97","239.90","TRUE","TRUE","","","","https://cdn.shopify.com/s/files/1/0721/1168/5771/files/169369-1600-1600.jpg?v=1766929860","",""
"sandalia-easy-soul-smoke","","","","","","","","","44","","","","","","0","","","deny","manual","71.97","239.90","TRUE","TRUE","","","","https://cdn.shopify.com/s/files/1/0721/1168/5771/files/169369-1600-1600.jpg?v=1766929860","",""
"sandalia-easy-soul-preto","Sandália Easy Soul Preto","<div class=""vtex-flex-layout-0-x-flexColChild vtex-flex-layout-0-x-flexColChild--pdp__main-content-info pb2"">
<div class=""vtex-disclosure-layout-1-x-content vtex-disclosure-layout-1-x-content--description-and-specification vtex-disclosure-layout-1-x-content--visible vtex-disclosure-layout-1-x-content--description-and-specification--visible"" id=""id-0bq9rk"">
<div class=""vtex-store-components-3-x-productDescriptionContainer"">
<div class=""vtex-store-components-3-x-productDescriptionText c-muted-1"">
<div class=""vtex-flex-layout-0-x-flexColChild vtex-flex-layout-0-x-flexColChild--pdp__main-content-info pb2"">
<div class=""vtex-disclosure-layout-1-x-content vtex-disclosure-layout-1-x-content--description-and-specification vtex-disclosure-layout-1-x-content--visible vtex-disclosure-layout-1-x-content--description-and-specification--visible"" id=""id-q6svuq"">
<div class=""vtex-store-components-3-x-productDescriptionContainer"">
<div class=""vtex-store-components-3-x-productDescriptionText c-muted-1"">
<div class=""vtex-flex-layout-0-x-flexColChild vtex-flex-layout-0-x-flexColChild--pdp__main-content-info pb2"">
<div class=""vtex-disclosure-layout-1-x-content vtex-disclosure-layout-1-x-content--description-and-specification vtex-disclosure-layout-1-x-content--visible vtex-disclosure-layout-1-x-content--description-and-specification--visible"" id=""id-88bu9d"">
<div class=""vtex-store-components-3-x-productDescriptionContainer"">
<div class=""vtex-store-components-3-x-productDescriptionText c-muted-1"">
<div class=""vtex-flex-layout-0-x-flexColChild vtex-flex-layout-0-x-flexColChild--pdp__main-content-info pb2"">
<div class=""vtex-disclosure-layout-1-x-content vtex-disclosure-layout-1-x-content--description-and-specification vtex-disclosure-layout-1-x-content--visible vtex-disclosure-layout-1-x-content--description-and-specification--visible"" id=""id-88eldj"">
<div class=""vtex-store-components-3-x-productDescriptionContainer"">
<div class=""vtex-store-components-3-x-productDescriptionText c-muted-1"">
<div class=""vtex-flex-layout-0-x-flexColChild vtex-flex-layout-0-x-flexColChild--pdp__main-content-info pb2"">
<div id=""id-3fk2kr"" class=""vtex-disclosure-layout-1-x-content vtex-disclosure-layout-1-x-content--description-and-specification vtex-disclosure-layout-1-x-content--visible vtex-disclosure-layout-1-x-content--description-and-specification--visible"">
<div class=""vtex-store-components-3-x-productDescriptionContainer"">
<div class=""vtex-store-components-3-x-productDescriptionText c-muted-1"">
<p>A <a href=""https://www.democrata.com.br/calcados/sandalias?O=OrderByReleaseDateDESC"">Sandália</a> Easy Soul possui cabedal e forro feitos em couro na cor preta. Regulagem com fechamento em fita aderente, e uma  tira no calcanhar, <span>garantindo mais conforto no seu dia a dia.</span></p>
<p><span>Seu solado é feito de micro expandido com a logo Democrata.</span></p>
<p><span><br></span></p>
<p><span>Características principais</span></p>
<p><span>Material</span><span>: Couro Legítimo.</span></p>
<p><span>Solado</span><span>: Micro expandido, um solado leve e confortável.</span></p>
<p><span>Fechamento</span><span>: Possui duas tiras com fechamento em fita aderente.</span></p>
<p><span>Estilo</span><span>: Casual.</span></p>
</div>
</div>
</div>
</div>
</div>
</div>
</div>
</div>
</div>
</div>
</div>
</div>
</div>
</div>
</div>
</div>
</div>
</div>
</div>
</div>","Tema Conversão","","","","true","Tamanho do calçado","37","","","","","","0","","","deny","manual","71.97","239.90","TRUE","TRUE","","https://cdn.shopify.com/s/files/1/0721/1168/5771/files/169361-1600-1600.jpg?v=1766929861","1","https://cdn.shopify.com/s/files/1/0721/1168/5771/files/169361-1600-1600.jpg?v=1766929861","","active"
"sandalia-easy-soul-preto","","","","","","","","","38","","","","","","0","","","deny","manual","71.97","239.90","TRUE","TRUE","","https://cdn.shopify.com/s/files/1/0721/1168/5771/files/169362-1600-1600.jpg?v=1766929862","2","https://cdn.shopify.com/s/files/1/0721/1168/5771/files/169361-1600-1600.jpg?v=1766929861","",""
"sandalia-easy-soul-preto","","","","","","","","","39","","","","","","0","","","deny","manual","71.97","239.90","TRUE","TRUE","","","","https://cdn.shopify.com/s/files/1/0721/1168/5771/files/169361-1600-1600.jpg?v=1766929861","",""
"sandalia-easy-soul-preto","","","","","","","","","40","","","","","","0","","","deny","manual","71.97","239.90","TRUE","TRUE","","","","https://cdn.shopify.com/s/files/1/0721/1168/5771/files/169361-1600-1600.jpg?v=1766929861","",""
"sandalia-easy-soul-preto","","","","","","","","","41","","","","","","0","","","deny","manual","71.97","239.90","TRUE","TRUE","","","","https://cdn.shopify.com/s/files/1/0721/1168/5771/files/169361-1600-1600.jpg?v=1766929861","",""
"sandalia-easy-soul-preto","","","","","","","","","42","","","","","","0","","","deny","manual","71.97","239.90","TRUE","TRUE","","","","https://cdn.shopify.com/s/files/1/0721/1168/5771/files/169361-1600-1600.jpg?v=1766929861","",""
"sandalia-easy-soul-preto","","","","","","","","","43","","","","","","0","","","deny","manual","71.97","239.90","TRUE","TRUE","","","","https://cdn.shopify.com/s/files/1/0721/1168/5771/files/169361-1600-1600.jpg?v=1766929861","",""
"sandalia-easy-soul-preto","","","","","","","","","44","","","","","","0","","","deny","manual","71.97","239.90","TRUE","TRUE","","","","https://cdn.shopify.com/s/files/1/0721/1168/5771/files/169361-1600-1600.jpg?v=1766929861","",""
"sandalia-easy-soul-mouro","Sandália Easy Soul Mouro","<div class=""vtex-flex-layout-0-x-flexColChild vtex-flex-layout-0-x-flexColChild--pdp__main-content-info pb2"">
<div class=""vtex-disclosure-layout-1-x-content vtex-disclosure-layout-1-x-content--description-and-specification vtex-disclosure-layout-1-x-content--visible vtex-disclosure-layout-1-x-content--description-and-specification--visible"" id=""id-0bq9rk"">
<div class=""vtex-store-components-3-x-productDescriptionContainer"">
<div class=""vtex-store-components-3-x-productDescriptionText c-muted-1"">
<div class=""vtex-flex-layout-0-x-flexColChild vtex-flex-layout-0-x-flexColChild--pdp__main-content-info pb2"">
<div class=""vtex-disclosure-layout-1-x-content vtex-disclosure-layout-1-x-content--description-and-specification vtex-disclosure-layout-1-x-content--visible vtex-disclosure-layout-1-x-content--description-and-specification--visible"" id=""id-q6svuq"">
<div class=""vtex-store-components-3-x-productDescriptionContainer"">
<div class=""vtex-store-components-3-x-productDescriptionText c-muted-1"">
<div class=""vtex-flex-layout-0-x-flexColChild vtex-flex-layout-0-x-flexColChild--pdp__main-content-info pb2"">
<div class=""vtex-disclosure-layout-1-x-content vtex-disclosure-layout-1-x-content--description-and-specification vtex-disclosure-layout-1-x-content--visible vtex-disclosure-layout-1-x-content--description-and-specification--visible"" id=""id-88bu9d"">
<div class=""vtex-store-components-3-x-productDescriptionContainer"">
<div class=""vtex-store-components-3-x-productDescriptionText c-muted-1"">
<div class=""vtex-flex-layout-0-x-flexColChild vtex-flex-layout-0-x-flexColChild--pdp__main-content-info pb2"">
<div class=""vtex-disclosure-layout-1-x-content vtex-disclosure-layout-1-x-content--description-and-specification vtex-disclosure-layout-1-x-content--visible vtex-disclosure-layout-1-x-content--description-and-specification--visible"" id=""id-88eldj"">
<div class=""vtex-store-components-3-x-productDescriptionContainer"">
<div class=""vtex-store-components-3-x-productDescriptionText c-muted-1"">
<div class=""vtex-flex-layout-0-x-flexColChild vtex-flex-layout-0-x-flexColChild--pdp__main-content-info pb2"">
<div id=""id-3fk2kr"" class=""vtex-disclosure-layout-1-x-content vtex-disclosure-layout-1-x-content--description-and-specification vtex-disclosure-layout-1-x-content--visible vtex-disclosure-layout-1-x-content--description-and-specification--visible"">
<div class=""vtex-store-components-3-x-productDescriptionContainer"">
<div class=""vtex-store-components-3-x-productDescriptionText c-muted-1"">
<p>A <a href=""https://www.democrata.com.br/calcados/sandalias?O=OrderByReleaseDateDESC"">Sandália</a> Easy Soul possui cabedal e forro feitos em couro na cor preta. Regulagem com fechamento em fita aderente, e uma  tira no calcanhar, <span>garantindo mais conforto no seu dia a dia.</span></p>
<p><span>Seu solado é feito de micro expandido com a logo Democrata.</span></p>
<p><span><br></span></p>
<p><span>Características principais</span></p>
<p><span>Material</span><span>: Couro Legítimo.</span></p>
<p><span>Solado</span><span>: Micro expandido, um solado leve e confortável.</span></p>
<p><span>Fechamento</span><span>: Possui duas tiras com fechamento em fita aderente.</span></p>
<p><span>Estilo</span><span>: Casual.</span></p>
</div>
</div>
</div>
</div>
</div>
</div>
</div>
</div>
</div>
</div>
</div>
</div>
</div>
</div>
</div>
</div>
</div>
</div>
</div>
</div>","Tema Conversão","","","","true","Tamanho do calçado","37","","","","","","0","","","deny","manual","71.97","239.90","TRUE","TRUE","","https://cdn.shopify.com/s/files/1/0721/1168/5771/files/169365-1600-1600.jpg?v=1766929858","1","https://cdn.shopify.com/s/files/1/0721/1168/5771/files/169365-1600-1600.jpg?v=1766929858","","active"
"sandalia-easy-soul-mouro","","","","","","","","","38","","","","","","0","","","deny","manual","71.97","239.90","TRUE","TRUE","","https://cdn.shopify.com/s/files/1/0721/1168/5771/files/169366-1600-1600.jpg?v=1766929859","2","https://cdn.shopify.com/s/files/1/0721/1168/5771/files/169365-1600-1600.jpg?v=1766929858","",""
"sandalia-easy-soul-mouro","","","","","","","","","39","","","","","","0","","","deny","manual","71.97","239.90","TRUE","TRUE","","","","https://cdn.shopify.com/s/files/1/0721/1168/5771/files/169365-1600-1600.jpg?v=1766929858","",""
"sandalia-easy-soul-mouro","","","","","","","","","40","","","","","","0","","","deny","manual","71.97","239.90","TRUE","TRUE","","","","https://cdn.shopify.com/s/files/1/0721/1168/5771/files/169365-1600-1600.jpg?v=1766929858","",""
"sandalia-easy-soul-mouro","","","","","","","","","41","","","","","","0","","","deny","manual","71.97","239.90","TRUE","TRUE","","","","https://cdn.shopify.com/s/files/1/0721/1168/5771/files/169365-1600-1600.jpg?v=1766929858","",""
"sandalia-easy-soul-mouro","","","","","","","","","42","","","","","","0","","","deny","manual","71.97","239.90","TRUE","TRUE","","","","https://cdn.shopify.com/s/files/1/0721/1168/5771/files/169365-1600-1600.jpg?v=1766929858","",""
"sandalia-easy-soul-mouro","","","","","","","","","43","","","","","","0","","","deny","manual","71.97","239.90","TRUE","TRUE","","","","https://cdn.shopify.com/s/files/1/0721/1168/5771/files/169365-1600-1600.jpg?v=1766929858","",""
"sandalia-easy-soul-mouro","","","","","","","","","44","","","","","","0","","","deny","manual","71.97","239.90","TRUE","TRUE","","","","https://cdn.shopify.com/s/files/1/0721/1168/5771/files/169365-1600-1600.jpg?v=1766929858","",""
"pasta-em-couro-preto","Pasta Em Couro Preto","<p class=""MsoNormal""><span>Um produto versátil pela possibilidade da alça de mão ou de ombro, você escolhe. Os três bolsos externos facilitam no dia a dia e na organização dos itens que precisam ser alcançados de forma rápida. Na divisão principal um espaço para notebook de até 15,6"", e espaço suficiente para documentos, livros, e outros itens. Na divisão auxiliar estão os bolsos organizadores e o porta canetas. A peça preferida dos profissionais liberais.</span></p>
<p class=""MsoNormal""><span>Material externo: Couro Soft Premium Preto e Milano Preto<br>Cor: Preto<br>Material interno: Tecido Xadrez 70% algodão / 30% poliéster<br>Metais de alta qualidade cor ônix</span></p>
<ul>
<li class=""MsoNormal""><span>Compartimento acolchoado e seguro para notebook de até 15,6”</span></li>
<li class=""MsoNormal""><span>Porta caneta e dois bolsos organizadores para itens pequenos</span></li>
<li class=""MsoNormal""><span>Bolso interno de segurança com zíper</span></li>
<li class=""MsoNormal""><span>Dois bolsos de acesso rápido com zíper na parte externa</span></li>
<li class=""MsoNormal""><span>Bolsa prático e de fácil acesso com zíper nas costas</span></li>
<li class=""MsoNormal""><span>Alça de ombro regulável</span></li>
</ul>
<p class=""MsoNormal""><span>DIMENSÕES<br>Medidas: 41 cm L x 32 cm A x 10 cm P <br>Peso:  1,3 kg<br>Tamanho máximo do notebook: 15,6 polegadas</span></p>","Tema Conversão","","","","true","Title","Default Title","","","","","","0","","","deny","manual","200.00","1000.00","TRUE","TRUE","","https://cdn.shopify.com/s/files/1/0721/1168/5771/files/164511-1600-1600.jpg?v=1766929818","1","","","active"
"pasta-em-couro-preto","","","","","","","","","","","","","","","","","","","","","","","","","https://cdn.shopify.com/s/files/1/0721/1168/5771/files/164512-1600-1600.jpg?v=1766929819","2","","",""
"pasta-em-couro-preto","","","","","","","","","","","","","","","","","","","","","","","","","https://cdn.shopify.com/s/files/1/0721/1168/5771/files/164513-1600-1600.jpg?v=1766929887","3","","",""
"pasta-em-couro-preto","","","","","","","","","","","","","","","","","","","","","","","","","https://cdn.shopify.com/s/files/1/0721/1168/5771/files/166518-1600-1600.jpg?v=1766929819","4","","",""
"pasta-em-couro-preto","","","","","","","","","","","","","","","","","","","","","","","","","https://cdn.shopify.com/s/files/1/0721/1168/5771/files/166519-1600-1600.jpg?v=1766929821","5","","",""
"oculos-escuro-transparente-democrata","Óculos Escuro Transparente Democrata","<p class=""MsoNormal"">O Óculos de Sol Democrata vai te impressionar por sua leveza e resistência. Possui proteção total com lentes polarizadas e sua versatilidade faz o que ele se torne a melhor opção para te acompanhar no dia-a-dia.</p>
<p class=""MsoNormal"">Características:</p>
<p class=""MsoNormal"">Material: Acetato</p>
<p class=""MsoNormal"">Lentes: Polarizadas</p>
<p class=""MsoNormal"">Estojo: Couro</p>
<p class=""MsoNormal"">Acompanha Flanela</p>","Tema Conversão","","","","true","Title","Default Title","","","","","","0","","","deny","manual","89.97","299.90","TRUE","TRUE","","https://cdn.shopify.com/s/files/1/0721/1168/5771/files/170375-1600-1600.jpg?v=1766929834","1","","","active"
"oculos-escuro-transparente-democrata","","","","","","","","","","","","","","","","","","","","","","","","","https://cdn.shopify.com/s/files/1/0721/1168/5771/files/170376-1600-1600.jpg?v=1766929832","2","","",""
"oculos-escuro-transparente-democrata","","","","","","","","","","","","","","","","","","","","","","","","","https://cdn.shopify.com/s/files/1/0721/1168/5771/files/170377-1600-1600.jpg?v=1766929834","3","","",""
"oculos-escuro-transparente-democrata","","","","","","","","","","","","","","","","","","","","","","","","","https://cdn.shopify.com/s/files/1/0721/1168/5771/files/170409-1600-1600.jpg?v=1766929832","4","","",""
"oculos-escuro-transparente-democrata","","","","","","","","","","","","","","","","","","","","","","","","","https://cdn.shopify.com/s/files/1/0721/1168/5771/files/170410-1600-1600.jpg?v=1766929838","5","","",""
"oculos-escuro-matte-democrata","Óculos Escuro Matte Democrata","<p class=""MsoNormal"">O Óculos de Sol Democrata vai te impressionar por sua leveza e resistência. Possui proteção total com lentes polarizadas e sua versatilidade faz o que ele se torne a melhor opção para te acompanhar no dia-a-dia.</p>
<p class=""MsoNormal"">Características:</p>
<p class=""MsoNormal"">Material: Acetato</p>
<p class=""MsoNormal"">Lentes: Polarizadas</p>
<p class=""MsoNormal"">Estojo: Couro</p>
<p class=""MsoNormal"">Acompanha Flanela</p>","Tema Conversão","","","","true","Title","Default Title","","","","","","0","","","deny","manual","89.97","299.90","TRUE","TRUE","","https://cdn.shopify.com/s/files/1/0721/1168/5771/files/170381-1600-1600.jpg?v=1766929833","1","","","active"
"oculos-escuro-matte-democrata","","","","","","","","","","","","","","","","","","","","","","","","","https://cdn.shopify.com/s/files/1/0721/1168/5771/files/170382-1600-1600.jpg?v=1766929833","2","","",""
"oculos-escuro-matte-democrata","","","","","","","","","","","","","","","","","","","","","","","","","https://cdn.shopify.com/s/files/1/0721/1168/5771/files/170383-1600-1600.jpg?v=1766929833","3","","",""
"oculos-escuro-matte-democrata","","","","","","","","","","","","","","","","","","","","","","","","","https://cdn.shopify.com/s/files/1/0721/1168/5771/files/170407-1600-1600.jpg?v=1766929833","4","","",""
"oculos-escuro-marrom-democrata","Óculos Escuro Marrom Democrata","<p class=""MsoNormal"">O Óculos de Sol Democrata vai te impressionar por sua leveza e resistência. Possui proteção total com lentes polarizadas e sua versatilidade faz o que ele se torne a melhor opção para te acompanhar no dia-a-dia.</p>
<p class=""MsoNormal"">Características:</p>
<p class=""MsoNormal"">Material: Acetato</p>
<p class=""MsoNormal"">Lentes: Polarizadas</p>
<p class=""MsoNormal"">Estojo: Couro</p>
<p class=""MsoNormal"">Acompanha Flanela</p>","Tema Conversão","","","","true","Title","Default Title","","","","","","0","","","deny","manual","89.97","299.90","TRUE","TRUE","","https://cdn.shopify.com/s/files/1/0721/1168/5771/files/170378-1600-1600.jpg?v=1766929834","1","","","active"
"oculos-escuro-marrom-democrata","","","","","","","","","","","","","","","","","","","","","","","","","https://cdn.shopify.com/s/files/1/0721/1168/5771/files/170379-1600-1600.jpg?v=1766929836","2","","",""
"oculos-escuro-marrom-democrata","","","","","","","","","","","","","","","","","","","","","","","","","https://cdn.shopify.com/s/files/1/0721/1168/5771/files/170380-1600-1600.jpg?v=1766929845","3","","",""
"oculos-escuro-marrom-democrata","","","","","","","","","","","","","","","","","","","","","","","","","https://cdn.shopify.com/s/files/1/0721/1168/5771/files/170406-1600-1600.jpg?v=1766929833","4","","",""
"oculos-escuro-ambar-democrata","Óculos Escuro Ambar Democrata","<p class=""MsoNormal"">O Óculos de Sol Democrata vai te impressionar por sua leveza e resistência. Possui proteção total com lentes polarizadas e sua versatilidade faz o que ele se torne a melhor opção para te acompanhar no dia-a-dia.</p>
<p class=""MsoNormal"">Características:</p>
<p class=""MsoNormal"">Material: Acetato</p>
<p class=""MsoNormal"">Lentes: Polarizadas</p>
<p class=""MsoNormal"">Estojo: Couro</p>
<p class=""MsoNormal"">Acompanha Flanela</p>","Tema Conversão","","","","true","Title","Default Title","","","","","","0","","","deny","manual","89.97","299.90","TRUE","TRUE","","https://cdn.shopify.com/s/files/1/0721/1168/5771/files/170372-1600-1600.jpg?v=1766929908","1","","","active"
"oculos-escuro-ambar-democrata","","","","","","","","","","","","","","","","","","","","","","","","","https://cdn.shopify.com/s/files/1/0721/1168/5771/files/170373-1600-1600.jpg?v=1766929834","2","","",""
"oculos-escuro-ambar-democrata","","","","","","","","","","","","","","","","","","","","","","","","","https://cdn.shopify.com/s/files/1/0721/1168/5771/files/170374-1600-1600.jpg?v=1766929898","3","","",""
"oculos-escuro-ambar-democrata","","","","","","","","","","","","","","","","","","","","","","","","","https://cdn.shopify.com/s/files/1/0721/1168/5771/files/170404-1600-1600.jpg?v=1766929836","4","","",""
"oculos-escuro-ambar-democrata","","","","","","","","","","","","","","","","","","","","","","","","","https://cdn.shopify.com/s/files/1/0721/1168/5771/files/170405-1600-1600.jpg?v=1766929901","5","","",""
"necessaire-smart-casual-preto","Necessaire Smart Casual Preto","<div><span>Confeccionada em Poliester, essa Necessaire da Democrata é a escolha certa para levar seus objetos pessoais por onde for. Conta com repartição extra tanto na parte externa como interna, uma alça de apoio para carrega-la e um gancho caso queira prende-la na mochila.</span></div>
<div><br></div>
<div>
<div><span>Medidas:</span></div>
<div><span>Largura: 25cm</span></div>
<div><span>Altura: 15cm</span></div>
<div><span>Profundidade: 15cm</span></div>
</div>","Tema Conversão","","","","true","Title","Default Title","","","","","","0","","","deny","manual","30.00","100.00","TRUE","TRUE","","https://cdn.shopify.com/s/files/1/0721/1168/5771/files/170696-1600-1600.jpg?v=1766929819","1","","","active"
"necessaire-smart-casual-preto","","","","","","","","","","","","","","","","","","","","","","","","","https://cdn.shopify.com/s/files/1/0721/1168/5771/files/170697-1600-1600.jpg?v=1766929817","2","","",""
"necessaire-smart-casual-preto","","","","","","","","","","","","","","","","","","","","","","","","","https://cdn.shopify.com/s/files/1/0721/1168/5771/files/170698-1600-1600.jpg?v=1766929817","3","","",""
"necessaire-smart-casual-preto","","","","","","","","","","","","","","","","","","","","","","","","","https://cdn.shopify.com/s/files/1/0721/1168/5771/files/170699-1600-1600.jpg?v=1766929818","4","","",""
"necessaire-em-couro-preto","Necessaire Em Couro Preto","<p class=""MsoNormal""><span>Material externo: Couro<br>Cor: Preto<br>Material interno: Tecido Xadrez 70% algodão / 30% poliéster<br>Metais de alta qualidade cor ônix</span><span></span></p>
<ul>
<li class=""MsoNormal"">
<span>Divisão principal super espaçosa para colocar os itens maiores e indispensáveis numa viagem</span><span></span>
</li>
</ul>
<ul>
<li class=""MsoNormal"">
<span>Duas divisões laterais com zíper auxiliam na divisão e organização. Aqui você pode colocar os itens que não podem se misturar com o restante</span><span></span>
</li>
</ul>
<ul>
<li class=""MsoNormal"">
<span>O bolso frontal com zíper é ideal para os itens menores</span><span></span>
</li>
</ul>
<ul>
<li class=""MsoNormal"">
<span>A alça de mão é muito prática e confortável para levar de um lado para o outro.</span><span></span>
</li>
</ul>
<p class=""MsoNormal""><span>DIMENSÕES<br>Medidas: 25 cm L x 15 cm A x 13 cm P<br>Peso: 0,35 kg</span></p>","Tema Conversão","","","","true","Title","Default Title","","","","","","0","","","deny","manual","107.97","359.90","TRUE","TRUE","","https://cdn.shopify.com/s/files/1/0721/1168/5771/files/164503-1600-1600.jpg?v=1766929828","1","","","active"
"necessaire-em-couro-preto","","","","","","","","","","","","","","","","","","","","","","","","","https://cdn.shopify.com/s/files/1/0721/1168/5771/files/164504-1600-1600.jpg?v=1766929825","2","","",""
"necessaire-em-couro-preto","","","","","","","","","","","","","","","","","","","","","","","","","https://cdn.shopify.com/s/files/1/0721/1168/5771/files/166527-1600-1600.jpg?v=1766929828","3","","",""
"necessaire-em-couro-cafe","Necessaire Em Couro Café","<p class=""MsoNormal""><span>A necessaire em couro ideal para quem não quer deixar nada para trás. Super espaçosa, e muito bem dividida, conta com 3 divisões sendo a principal para acomodar os itens maiores, e as laterais para lhe ajudar na organização dos demais itens, perfeita para viagens. Prática, leve e resistente, com certeza será uma companheira de longa data. </span><span></span></p>
<p class=""MsoNormal""><span>Material externo: Couro<br>Cor: Café<br>Material interno: Tecido Xadrez 70% algodão / 30% poliéster<br>Metais de alta qualidade cor ônix</span><span></span></p>
<ul>
<li class=""MsoNormal"">
<span>Divisão principal super espaçosa para colocar os itens maiores e indispensáveis numa viagem</span><span></span>
</li>
</ul>
<ul>
<li class=""MsoNormal"">
<span>Duas divisões laterais com zíper auxiliam na divisão e organização. Aqui você pode colocar os itens que não podem se misturar com o restante</span><span></span>
</li>
</ul>
<ul>
<li class=""MsoNormal"">
<span>O bolso frontal com zíper é ideal para os itens menores</span><span></span>
</li>
</ul>
<ul>
<li class=""MsoNormal"">
<span>A alça de mão é muito prática e confortável para levar de um lado para o outro.</span><span></span>
</li>
</ul>
<p class=""MsoNormal""><span>DIMENSÕES<br>Medidas: 25 cm L x 15 cm A x 13 cm P<br>Peso: 0,35 kg</span></p>","Tema Conversão","","","","true","Title","Default Title","","","","","","0","","","deny","manual","107.97","359.90","TRUE","TRUE","","https://cdn.shopify.com/s/files/1/0721/1168/5771/files/165554-1600-1600.jpg?v=1766929825","1","","","active"
"necessaire-em-couro-cafe","","","","","","","","","","","","","","","","","","","","","","","","","https://cdn.shopify.com/s/files/1/0721/1168/5771/files/165547-1600-1600.jpg?v=1766929838","2","","",""
"necessaire-em-couro-cafe","","","","","","","","","","","","","","","","","","","","","","","","","https://cdn.shopify.com/s/files/1/0721/1168/5771/files/166526-1600-1600.jpg?v=1766929827","3","","",""
"muss-plus-60-g-incolor","Muss Plus 60 G Incolor","<p><span>Produto incolor para polimento à base de ceras naturais e água.</span><br><span>Recupere o brilho, a flexibilidade e a hidratação de seu calçado. Possui alto rendimento e ação prolongada sobre as superfícies tratadas sem agredir o couro. Recomendado para produtos com o couro liso ou sintético.</span><br><br><span>Bisnaga de 60g</span></p>","Tema Conversão","","","","true","Title","Default Title","","","","","","0","","","deny","manual","17.00","56.00","TRUE","TRUE","","https://cdn.shopify.com/s/files/1/0721/1168/5771/files/167563-1600-1600.jpg?v=1766929885","1","","","active"
"mule-denim-fender-tan","Mule Denim Fender Tan","<div class=""vtex-flex-layout-0-x-flexColChild vtex-flex-layout-0-x-flexColChild--pdp__main-content-info pb2"">
<div id=""id-0bq9rk"" class=""vtex-disclosure-layout-1-x-content vtex-disclosure-layout-1-x-content--description-and-specification vtex-disclosure-layout-1-x-content--visible vtex-disclosure-layout-1-x-content--description-and-specification--visible"">
<div class=""vtex-store-components-3-x-productDescriptionContainer"">
<div class=""vtex-store-components-3-x-productDescriptionText c-muted-1"">
<div class=""vtex-flex-layout-0-x-flexColChild vtex-flex-layout-0-x-flexColChild--pdp__main-content-info pb2"">
<div id=""id-q6svuq"" class=""vtex-disclosure-layout-1-x-content vtex-disclosure-layout-1-x-content--description-and-specification vtex-disclosure-layout-1-x-content--visible vtex-disclosure-layout-1-x-content--description-and-specification--visible"">
<div class=""vtex-store-components-3-x-productDescriptionContainer"">
<div class=""vtex-store-components-3-x-productDescriptionText c-muted-1"">
<div class=""vtex-flex-layout-0-x-flexColChild vtex-flex-layout-0-x-flexColChild--pdp__main-content-info pb2"">
<div id=""id-88bu9d"" class=""vtex-disclosure-layout-1-x-content vtex-disclosure-layout-1-x-content--description-and-specification vtex-disclosure-layout-1-x-content--visible vtex-disclosure-layout-1-x-content--description-and-specification--visible"">
<div class=""vtex-store-components-3-x-productDescriptionContainer"">
<div class=""vtex-store-components-3-x-productDescriptionText c-muted-1"">
<div class=""vtex-flex-layout-0-x-flexColChild vtex-flex-layout-0-x-flexColChild--pdp__main-content-info pb2"">
<div id=""id-88eldj"" class=""vtex-disclosure-layout-1-x-content vtex-disclosure-layout-1-x-content--description-and-specification vtex-disclosure-layout-1-x-content--visible vtex-disclosure-layout-1-x-content--description-and-specification--visible"">
<div class=""vtex-store-components-3-x-productDescriptionContainer"">
<div class=""vtex-store-components-3-x-productDescriptionText c-muted-1"">
<p>O <span>Mule de Couro Tan</span> Denim Fender é um produto robusto e moderno.</p>
<p>Ele possui <span>fechamento em elástico, palmilha macia de p.u</span>, bico arredondado, cabedal texturizado com recortes no couro. O forro é de tecido e a sola é feita de micro expandido.</p>
<p> </p>
<p>A Linha Denim oferece liberdade para transitar de uma reunião de trabalho para um happy hour e estar bem vestido. Contemporâneo, despojado, confortável e leve, perfeito para o uso no dia a dia.</p>
</div>
</div>
</div>
</div>
</div>
</div>
</div>
</div>
</div>
</div>
</div>
</div>
</div>
</div>
</div>
</div>","Tema Conversão","","","","true","Tamanho do calçado","37","","","","","","0","","","deny","manual","89.97","299.90","TRUE","TRUE","","https://cdn.shopify.com/s/files/1/0721/1168/5771/files/168819-1600-1600.jpg?v=1766929860","1","https://cdn.shopify.com/s/files/1/0721/1168/5771/files/168819-1600-1600.jpg?v=1766929860","","active"
"mule-denim-fender-tan","","","","","","","","","38","","","","","","0","","","deny","manual","89.97","299.90","TRUE","TRUE","","https://cdn.shopify.com/s/files/1/0721/1168/5771/files/168820-1600-1600.jpg?v=1766929857","2","https://cdn.shopify.com/s/files/1/0721/1168/5771/files/168819-1600-1600.jpg?v=1766929860","",""
"mule-denim-fender-tan","","","","","","","","","39","","","","","","0","","","deny","manual","89.97","299.90","TRUE","TRUE","","https://cdn.shopify.com/s/files/1/0721/1168/5771/files/168821-1600-1600.jpg?v=1766929859","3","https://cdn.shopify.com/s/files/1/0721/1168/5771/files/168819-1600-1600.jpg?v=1766929860","",""
"mule-denim-fender-tan","","","","","","","","","40","","","","","","0","","","deny","manual","89.97","299.90","TRUE","TRUE","","https://cdn.shopify.com/s/files/1/0721/1168/5771/files/168822-1600-1600.jpg?v=1766929856","4","https://cdn.shopify.com/s/files/1/0721/1168/5771/files/168819-1600-1600.jpg?v=1766929860","",""
"mule-denim-fender-tan","","","","","","","","","41","","","","","","0","","","deny","manual","89.97","299.90","TRUE","TRUE","","","","https://cdn.shopify.com/s/files/1/0721/1168/5771/files/168819-1600-1600.jpg?v=1766929860","",""
"mule-denim-fender-tan","","","","","","","","","42","","","","","","0","","","deny","manual","89.97","299.90","TRUE","TRUE","","","","https://cdn.shopify.com/s/files/1/0721/1168/5771/files/168819-1600-1600.jpg?v=1766929860","",""
"mule-denim-fender-tan","","","","","","","","","43","","","","","","0","","","deny","manual","89.97","299.90","TRUE","TRUE","","","","https://cdn.shopify.com/s/files/1/0721/1168/5771/files/168819-1600-1600.jpg?v=1766929860","",""
"mule-denim-fender-tan","","","","","","","","","44","","","","","","0","","","deny","manual","89.97","299.90","TRUE","TRUE","","","","https://cdn.shopify.com/s/files/1/0721/1168/5771/files/168819-1600-1600.jpg?v=1766929860","",""
"mule-denim-fender-preto","Mule Denim Fender Preto","<div class=""vtex-flex-layout-0-x-flexColChild vtex-flex-layout-0-x-flexColChild--pdp__main-content-info pb2"">
<div class=""vtex-disclosure-layout-1-x-content vtex-disclosure-layout-1-x-content--description-and-specification vtex-disclosure-layout-1-x-content--visible vtex-disclosure-layout-1-x-content--description-and-specification--visible"" id=""id-0bq9rk"">
<div class=""vtex-store-components-3-x-productDescriptionContainer"">
<div class=""vtex-store-components-3-x-productDescriptionText c-muted-1"">
<div class=""vtex-flex-layout-0-x-flexColChild vtex-flex-layout-0-x-flexColChild--pdp__main-content-info pb2"">
<div class=""vtex-disclosure-layout-1-x-content vtex-disclosure-layout-1-x-content--description-and-specification vtex-disclosure-layout-1-x-content--visible vtex-disclosure-layout-1-x-content--description-and-specification--visible"" id=""id-q6svuq"">
<div class=""vtex-store-components-3-x-productDescriptionContainer"">
<div class=""vtex-store-components-3-x-productDescriptionText c-muted-1"">
<div class=""vtex-flex-layout-0-x-flexColChild vtex-flex-layout-0-x-flexColChild--pdp__main-content-info pb2"">
<div class=""vtex-disclosure-layout-1-x-content vtex-disclosure-layout-1-x-content--description-and-specification vtex-disclosure-layout-1-x-content--visible vtex-disclosure-layout-1-x-content--description-and-specification--visible"" id=""id-88bu9d"">
<div class=""vtex-store-components-3-x-productDescriptionContainer"">
<div class=""vtex-store-components-3-x-productDescriptionText c-muted-1"">
<div class=""vtex-flex-layout-0-x-flexColChild vtex-flex-layout-0-x-flexColChild--pdp__main-content-info pb2"">
<div class=""vtex-disclosure-layout-1-x-content vtex-disclosure-layout-1-x-content--description-and-specification vtex-disclosure-layout-1-x-content--visible vtex-disclosure-layout-1-x-content--description-and-specification--visible"" id=""id-88eldj"">
<div class=""vtex-store-components-3-x-productDescriptionContainer"">
<div class=""vtex-store-components-3-x-productDescriptionText c-muted-1"">
<p>O <span>Mule de Couro Tan</span> Denim Fender é um produto robusto e moderno.</p>
<p>Ele possui <span>fechamento em elástico, palmilha macia de p.u</span>, bico arredondado, cabedal texturizado com recortes no couro. O forro é de tecido e a sola é feita de micro expandido.</p>
<p> </p>
<p>A Linha Denim oferece liberdade para transitar de uma reunião de trabalho para um happy hour e estar bem vestido. Contemporâneo, despojado, confortável e leve, perfeito para o uso no dia a dia.</p>
</div>
</div>
</div>
</div>
</div>
</div>
</div>
</div>
</div>
</div>
</div>
</div>
</div>
</div>
</div>
</div>","Tema Conversão","","","","true","Tamanho do calçado","37","","","","","","0","","","deny","manual","89.97","299.90","TRUE","TRUE","","https://cdn.shopify.com/s/files/1/0721/1168/5771/files/168815-1600-1600.jpg?v=1766929855","1","https://cdn.shopify.com/s/files/1/0721/1168/5771/files/168815-1600-1600.jpg?v=1766929855","","active"
"mule-denim-fender-preto","","","","","","","","","38","","","","","","0","","","deny","manual","89.97","299.90","TRUE","TRUE","","https://cdn.shopify.com/s/files/1/0721/1168/5771/files/168816-1600-1600.jpg?v=1766929856","2","https://cdn.shopify.com/s/files/1/0721/1168/5771/files/168815-1600-1600.jpg?v=1766929855","",""
"mule-denim-fender-preto","","","","","","","","","39","","","","","","0","","","deny","manual","89.97","299.90","TRUE","TRUE","","https://cdn.shopify.com/s/files/1/0721/1168/5771/files/168817-1600-1600.jpg?v=1766929858","3","https://cdn.shopify.com/s/files/1/0721/1168/5771/files/168815-1600-1600.jpg?v=1766929855","",""
"mule-denim-fender-preto","","","","","","","","","40","","","","","","0","","","deny","manual","89.97","299.90","TRUE","TRUE","","https://cdn.shopify.com/s/files/1/0721/1168/5771/files/168818-1600-1600.jpg?v=1766929856","4","https://cdn.shopify.com/s/files/1/0721/1168/5771/files/168815-1600-1600.jpg?v=1766929855","",""
"mule-denim-fender-preto","","","","","","","","","41","","","","","","0","","","deny","manual","89.97","299.90","TRUE","TRUE","","","","https://cdn.shopify.com/s/files/1/0721/1168/5771/files/168815-1600-1600.jpg?v=1766929855","",""
"mule-denim-fender-preto","","","","","","","","","42","","","","","","0","","","deny","manual","89.97","299.90","TRUE","TRUE","","","","https://cdn.shopify.com/s/files/1/0721/1168/5771/files/168815-1600-1600.jpg?v=1766929855","",""
"mule-denim-fender-preto","","","","","","","","","43","","","","","","0","","","deny","manual","89.97","299.90","TRUE","TRUE","","","","https://cdn.shopify.com/s/files/1/0721/1168/5771/files/168815-1600-1600.jpg?v=1766929855","",""
"mule-denim-fender-preto","","","","","","","","","44","","","","","","0","","","deny","manual","89.97","299.90","TRUE","TRUE","","","","https://cdn.shopify.com/s/files/1/0721/1168/5771/files/168815-1600-1600.jpg?v=1766929855","",""
"mochila-smart-democrata-preto","Mochila Smart Democrata Preto","<p><span>Versátil, este modelo confeccionado em Nylon com microfibra vai te impressionar por sua qualidade e resistência. Possui 4 compartimentos, a tornando a escolha perfeita para guardar seus objetos pessoais de maneira prática e organizada. Além disso, suas alças acolchoadas agregam conforto ao carrega-la.</span></p>","Tema Conversão","","","","true","Title","Default Title","","","","","","0","","","deny","manual","119.97","399.90","TRUE","TRUE","","https://cdn.shopify.com/s/files/1/0721/1168/5771/files/170270-1600-1600.jpg?v=1766929896","1","","","active"
"mochila-smart-democrata-preto","","","","","","","","","","","","","","","","","","","","","","","","","https://cdn.shopify.com/s/files/1/0721/1168/5771/files/170271-1600-1600.jpg?v=1766929843","2","","",""
"mochila-smart-democrata-preto","","","","","","","","","","","","","","","","","","","","","","","","","https://cdn.shopify.com/s/files/1/0721/1168/5771/files/170272-1600-1600.jpg?v=1766929834","3","","",""
"mochila-smart-democrata-preto","","","","","","","","","","","","","","","","","","","","","","","","","https://cdn.shopify.com/s/files/1/0721/1168/5771/files/170273-1600-1600.jpg?v=1766929829","4","","",""
"mochila-smart-democrata-preto","","","","","","","","","","","","","","","","","","","","","","","","","https://cdn.shopify.com/s/files/1/0721/1168/5771/files/170274-1600-1600.jpg?v=1766929834","5","","",""
"mochila-smart-democrata-preto","","","","","","","","","","","","","","","","","","","","","","","","","https://cdn.shopify.com/s/files/1/0721/1168/5771/files/170274-1600-1600_e29aceb5-c456-47a1-a0c0-cc6f349b9bc7.jpg?v=1766929833","6","","",""
"mochila-preto-smart-democrata","Mochila Preto Smart Democrata","<p class=""MsoNormal"">Confeccionada em Nylon com microfibra, este modelo vai te impressionar por sua qualidade e resistência. Conta com fechamento em zíper reforçado, porta acessórios nas laterais e compartimento para carteira e documentos. Além disso, conta com fecho frontal o que facilita na distribuição e redução do peso.</p>
<p class=""MsoNormal""><span>DIMENSÕES</span></p>
<p class=""MsoNormal""><span>Tamanho: 34 cm L x 43 cm A x 15 cm P</span></p>
<p class=""MsoNormal""><span>Peso: 1,5 kg</span></p>","Tema Conversão","","","","true","Title","Default Title","","","","","","0","","","deny","manual","99.98","499.90","TRUE","TRUE","","https://cdn.shopify.com/s/files/1/0721/1168/5771/files/170276-1600-1600.jpg?v=1766929830","1","","","active"
"mochila-preto-smart-democrata","","","","","","","","","","","","","","","","","","","","","","","","","https://cdn.shopify.com/s/files/1/0721/1168/5771/files/170277-1600-1600.jpg?v=1766929895","2","","",""
"mochila-preto-smart-democrata","","","","","","","","","","","","","","","","","","","","","","","","","https://cdn.shopify.com/s/files/1/0721/1168/5771/files/170278-1600-1600.jpg?v=1766929896","3","","",""
"mochila-preto-smart-democrata","","","","","","","","","","","","","","","","","","","","","","","","","https://cdn.shopify.com/s/files/1/0721/1168/5771/files/170279-1600-1600.jpg?v=1766929833","4","","",""
"mochila-preto-smart-democrata","","","","","","","","","","","","","","","","","","","","","","","","","https://cdn.shopify.com/s/files/1/0721/1168/5771/files/170281-1600-1600.jpg?v=1766929832","5","","",""
"mochila-preto-smart-democrata","","","","","","","","","","","","","","","","","","","","","","","","","https://cdn.shopify.com/s/files/1/0721/1168/5771/files/170282-1600-1600.jpg?v=1766929836","6","","",""
"mochila-em-couro-preto-1","Mochila Em Couro Preto","<p><span>Um modelo completo e com divisões na medida certa. Na parte interna uma divisão acolchoada e segura para um notebook de até 15"". Divisão auxiliar para documentos e outros objetos, há espaço suficiente para livros, 1 casaco e aquele necessaire pequeno do dia a dia. Ideal para aqueles que passam o dia fora de casa, e até mesmo para uma viagem de 1 dia. </span></p>
<p>Material externo: Couro Preto    <br>Cor: Preto<br>Material interno: Tecido Xadrez 70% algodão / 30% poliéster<br>Metais de alta qualidade</p>
<ul>
<li>Compartimento acolchoado e seguro para notebook de até 15”</li>
<li>Costas e alças de ombro em tecido acolchoado e transpirável para maior conforto</li>
<li>Divisão auxiliar com zíper separadora para documentos e outros objetos</li>
<li>Porta caneta e dois bolsos organizadores para itens pequenos</li>
<li>Bolso de acesso rápido com zíper na parte externa</li>
<li>Tira nas costas para prender ao carrinho da mala </li>
</ul>
<p>DIMENSÕES<br>Tamanho: 34 cm L x 43 cm A x 15 cm P<br>Peso: 1,1 kg<br>Tamanho máximo do notebook: 15 polegadas </p>","Tema Conversão","","","","true","Title","Default Title","","","","","","0","","","deny","manual","188.00","940.00","TRUE","TRUE","","https://cdn.shopify.com/s/files/1/0721/1168/5771/files/166512-1600-1600.jpg?v=1766929821","1","","","active"
"mochila-em-couro-preto-1","","","","","","","","","","","","","","","","","","","","","","","","","https://cdn.shopify.com/s/files/1/0721/1168/5771/files/166513-1600-1600.jpg?v=1766929821","2","","",""
"mochila-em-couro-preto-1","","","","","","","","","","","","","","","","","","","","","","","","","https://cdn.shopify.com/s/files/1/0721/1168/5771/files/166514-1600-1600.jpg?v=1766929830","3","","",""
"mochila-em-couro-preto-1","","","","","","","","","","","","","","","","","","","","","","","","","https://cdn.shopify.com/s/files/1/0721/1168/5771/files/166515-1600-1600.jpg?v=1766929826","4","","",""
"mochila-em-couro-preto","Mochila Em Couro Preto","<p class=""MsoNormal""><span>Um modelo completo e com divisões na medida certa. Na parte de trás uma divisão acolchoada e segura para um notebook de até 16"". Na parte principal além da divisão para documentos/tablet, bolso interno com zíper e porta objetos, há espaço suficiente para livros, 1 casaco e aquele necessaire pequeno do dia a dia. Ideal para aqueles que passam o dia fora de casa, e até mesmo para uma viagem de 1 dia. </span></p>
<p class=""MsoNormal""><span>Material externo: Couro Soft Premium Preto e Milano Preto<br>Cor: Preto<br>Material interno: Tecido Xadrez 70% algodão / 30% poliéster<br>Metais de alta qualidade cor ônix</span></p>
<p class=""MsoNormal""><span>DIMENSÕES<br>Tamanho: 37 cm L x 46 cm A x 13 cm P<br>Peso: 1,3 kg<br>Tamanho máximo do notebook: 16 polegadas </span></p>
<p class=""MsoNormal""><span>·         </span><span>Divisão exclusiva para notebook de até 16”</span></p>
<p class=""MsoNormal""><span>·         </span><span>Costas e alças de ombro em tecido acolchoado e transpirável para maior conforto</span></p>
<p class=""MsoNormal""><span>·         </span><span>Divisão prática para tablet, documentos e livros</span></p>
<p class=""MsoNormal""><span>·         </span><span>Porta caneta e dois bolsos organizadores para itens pequenos</span></p>
<p class=""MsoNormal""><span>·         </span><span>Bolso interno de segurança com zíper</span></p>
<p class=""MsoNormal""><span>·         </span><span>Dois bolsos de acesso rápido com zíper na parte externa</span></p>
<p class=""MsoNormal""><span>·         </span><span>Tira nas costas para prender ao carrinho da mala </span></p>
<p class=""MsoNormal""><span> </span></p>","Tema Conversão","","","","true","Title","Default Title","","","","","","0","","","deny","manual","129.99","1299.90","TRUE","TRUE","","https://cdn.shopify.com/s/files/1/0721/1168/5771/files/164547-1600-1600.jpg?v=1766929822","1","","","active"
"mochila-em-couro-preto","","","","","","","","","","","","","","","","","","","","","","","","","https://cdn.shopify.com/s/files/1/0721/1168/5771/files/164548-1600-1600.jpg?v=1766929838","2","","",""
"mochila-em-couro-preto","","","","","","","","","","","","","","","","","","","","","","","","","https://cdn.shopify.com/s/files/1/0721/1168/5771/files/164550-1600-1600.jpg?v=1766929837","3","","",""
"mochila-em-couro-preto","","","","","","","","","","","","","","","","","","","","","","","","","https://cdn.shopify.com/s/files/1/0721/1168/5771/files/166522-1600-1600.jpg?v=1766929823","4","","",""
"mochila-em-couro-cafe-2","Mochila Em Couro Café","<p><strong>Um modelo completo e com divisões na medida certa. Na parte de trás uma divisão acolchoada e segura para um notebook de até 15"". Na parte principal divisão</strong><span> para documentos e outros objetos, há espaço suficiente para livros, 1 casaco e aquele necessaire pequeno do dia a dia. Ideal para aqueles que passam o dia fora de casa, e até mesmo para uma viagem de 1 dia. </span></p>
<p>Material externo: Couro Rústico Café<br>Cor: Café<br>Material interno: Tecido Xadrez 70% algodão / 30% poliéster<br>Metais de alta qualidade</p>
<ul>
<li>Compartimento acolchoado e seguro para notebook de até 15”</li>
<li>Costas e alças de ombro em tecido acolchoado e transpirável para maior conforto</li>
<li>Porta caneta e dois bolsos organizadores para itens pequenos</li>
<li>Bolso de acesso rápido com zíper na parte externa</li>
<li>Tira nas costas para prender ao carrinho da mala </li>
</ul>
<p>DIMENSÕES<br>Tamanho: 31 cm L x 41 cm A x 15 cm P<br>Peso: 1,1 kg<br>Tamanho máximo do notebook: 15 polegadas </p>","Tema Conversão","","","","true","Title","Default Title","","","","","","0","","","deny","manual","188.00","940.00","TRUE","TRUE","","https://cdn.shopify.com/s/files/1/0721/1168/5771/files/164496-1600-1600.jpg?v=1766929822","1","","","active"
"mochila-em-couro-cafe-2","","","","","","","","","","","","","","","","","","","","","","","","","https://cdn.shopify.com/s/files/1/0721/1168/5771/files/164497-1600-1600.jpg?v=1766929822","2","","",""
"mochila-em-couro-cafe-2","","","","","","","","","","","","","","","","","","","","","","","","","https://cdn.shopify.com/s/files/1/0721/1168/5771/files/164498-1600-1600.jpg?v=1766929826","3","","",""
"mochila-em-couro-cafe-1","Mochila Em Couro Café","<p class=""MsoNormal""><span>Um modelo completo e com divisões na medida certa. Na parte de trás uma divisão acolchoada e segura para um notebook de até 16"". Na parte principal além da divisão para documentos/tablet, bolso interno com zíper e porta objetos, há espaço suficiente para livros, 1 casaco e aquele necessaire pequeno do dia a dia. Ideal para aqueles que passam o dia fora de casa, e até mesmo para uma viagem de 1 dia. </span></p>
<p class=""MsoNormal""><span>Material externo: Couro Soft Premium Café e Milano café<br>Cor: Café<br>Material interno: Tecido Xadrez 70% algodão / 30% poliéster<br>Metais de alta qualidade cor ônix</span></p>
<p class=""MsoNormal""><span>DIMENSÕES<br>Tamanho: 37 cm L x 46 cm A x 13 cm P<br>Peso: 1,3 kg<br>Tamanho máximo do notebook: 16 polegadas </span></p>
<p class=""MsoNormal""><span>·         </span><span>Divisão exclusiva para notebook de até 16”</span></p>
<p class=""MsoNormal""><span>·         </span><span>Costas e alças de ombro em tecido acolchoado e transpirável para maior conforto</span></p>
<p class=""MsoNormal""><span>·         </span><span>Divisão prática para tablet, documentos e livros</span></p>
<p class=""MsoNormal""><span>·         </span><span>Porta caneta e dois bolsos organizadores para itens pequenos</span></p>
<p class=""MsoNormal""><span>·         </span><span>Bolso interno de segurança com zíper</span></p>
<p class=""MsoNormal""><span>·         </span><span>Dois bolsos de acesso rápido com zíper na parte externa</span></p>
<p class=""MsoNormal""><span>·         </span><span>Tira nas costas para prender ao carrinho da mala </span></p>
<p class=""MsoNormal""><span> </span></p>","Tema Conversão","","","","true","Title","Default Title","","","","","","0","","","deny","manual","129.99","1299.90","TRUE","TRUE","","https://cdn.shopify.com/s/files/1/0721/1168/5771/files/165544-1600-1600.jpg?v=1766929826","1","","","active"
"mochila-em-couro-cafe-1","","","","","","","","","","","","","","","","","","","","","","","","","https://cdn.shopify.com/s/files/1/0721/1168/5771/files/164495-1600-1600.jpg?v=1766929825","2","","",""
"mochila-em-couro-cafe-1","","","","","","","","","","","","","","","","","","","","","","","","","https://cdn.shopify.com/s/files/1/0721/1168/5771/files/165545-1600-1600.jpg?v=1766929830","3","","",""
"mochila-em-couro-cafe-1","","","","","","","","","","","","","","","","","","","","","","","","","https://cdn.shopify.com/s/files/1/0721/1168/5771/files/166521-1600-1600.jpg?v=1766929824","4","","",""
"mochila-em-couro-cafe-1","","","","","","","","","","","","","","","","","","","","","","","","","https://cdn.shopify.com/s/files/1/0721/1168/5771/files/169564-1600-1600.jpg?v=1766929824","5","","",""
"mochila-em-couro-cafe-1","","","","","","","","","","","","","","","","","","","","","","","","","https://cdn.shopify.com/s/files/1/0721/1168/5771/files/169565-1600-1600.jpg?v=1766929824","6","","",""
"mochila-em-couro-cafe","Mochila Em Couro Café","<p class=""MsoNormal""><span>Um modelo completo e com divisões na medida certa. Na parte interna uma divisão acolchoada e segura para um notebook de até 15"". Divisão auxiliar para documentos e outros objetos, há espaço suficiente para livros, 1 casaco e aquele necessaire pequeno do dia a dia. Ideal para aqueles que passam o dia fora de casa, e até mesmo para uma viagem de 1 dia. </span></p>
<p class=""MsoNormal""><span>Material externo: Couro Rústico Café<br>Cor: Café<br>Material interno: Tecido Xadrez 70% algodão / 30% poliéster<br>Metais de alta qualidade</span></p>
<p class=""MsoNormal""><span>DIMENSÕES<br>Tamanho: 34 cm L x 43 cm A x 15 cm P<br>Peso: 1,1 kg<br>Tamanho máximo do notebook: 15 polegadas </span></p>
<p class=""MsoNormal""><span>·         </span><span>Compartimento acolchoado e seguro para notebook de até 15”</span></p>
<p class=""MsoNormal""><span>·         </span><span>Costas e alças de ombro em tecido acolchoado e transpirável para maior conforto</span></p>
<p class=""MsoNormal""><span>·         </span><span>Divisão auxiliar com zíper separadora para documentos e outros objetos</span></p>
<p class=""MsoNormal""><span>·         </span><span>Porta caneta e dois bolsos organizadores para itens pequenos</span></p>
<p class=""MsoNormal""><span>·         </span><span>Bolso de acesso rápido com zíper na parte externa</span></p>
<p class=""MsoNormal""><span>·         </span><span>Tira nas costas para prender ao carrinho da mala </span></p>","Tema Conversão","","","","true","Title","Default Title","","","","","","0","","","deny","manual","187.98","939.90","TRUE","TRUE","","https://cdn.shopify.com/s/files/1/0721/1168/5771/files/165539-1600-1600.jpg?v=1766929829","1","","","active"
"mochila-em-couro-cafe","","","","","","","","","","","","","","","","","","","","","","","","","https://cdn.shopify.com/s/files/1/0721/1168/5771/files/164486-1600-1600.jpg?v=1766929826","2","","",""
"mochila-em-couro-cafe","","","","","","","","","","","","","","","","","","","","","","","","","https://cdn.shopify.com/s/files/1/0721/1168/5771/files/165540-1600-1600.jpg?v=1766929826","3","","",""
"mochila-em-couro-cafe","","","","","","","","","","","","","","","","","","","","","","","","","https://cdn.shopify.com/s/files/1/0721/1168/5771/files/166528-1600-1600.jpg?v=1766929826","4","","",""
"mochila-democrata-smart-preto","Mochila Democrata Smart Preto","<p class=""MsoNormal"">Confeccionada em Nylon com microfibra, este modelo vai te impressionar por sua qualidade e resistência. Conta com fechamento em zíper reforçado, porta acessórios nas laterais e compartimento para carteira e documentos. A mochila também oferece entrada para USB e carregador portátil, o que traz praticidade para sua rotina do dia-a-dia. Além disso, o detalhe de fivela na parte externa agrega modernidade e estilo.</p>
<p class=""MsoNormal""> </p>
<p class=""MsoNormal"">DIMENSÕES</p>
<p class=""MsoNormal"">Tamanho: 37 cm L x 46 cm A x 13 cm P</p>
<p class=""MsoNormal""> </p>
<p class=""MsoNormal"">Peso: 1,1 kg</p>","Tema Conversão","","","","true","Title","Default Title","","","","","","0","","","deny","manual","209.97","699.90","TRUE","TRUE","","https://cdn.shopify.com/s/files/1/0721/1168/5771/files/170257-1600-1600.jpg?v=1766929831","1","","","active"
"mochila-democrata-smart-preto","","","","","","","","","","","","","","","","","","","","","","","","","https://cdn.shopify.com/s/files/1/0721/1168/5771/files/170258-1600-1600.jpg?v=1766929830","2","","",""
"mochila-democrata-smart-preto","","","","","","","","","","","","","","","","","","","","","","","","","https://cdn.shopify.com/s/files/1/0721/1168/5771/files/170259-1600-1600.jpg?v=1766929842","3","","",""
"mochila-democrata-smart-preto","","","","","","","","","","","","","","","","","","","","","","","","","https://cdn.shopify.com/s/files/1/0721/1168/5771/files/170260-1600-1600.jpg?v=1766929830","4","","",""
"mochila-democrata-smart-preto","","","","","","","","","","","","","","","","","","","","","","","","","https://cdn.shopify.com/s/files/1/0721/1168/5771/files/170262-1600-1600.jpg?v=1766929835","5","","",""
"mochila-democrata-smart-preto","","","","","","","","","","","","","","","","","","","","","","","","","https://cdn.shopify.com/s/files/1/0721/1168/5771/files/170263-1600-1600.jpg?v=1766929830","6","","",""
"mochila-democrata-preto-smart","Mochila Democrata Preto Smart","<p><span>Ideal para te acompanhar por onde for, este modelo é confeccionado em Nylon com microfibra e possui alça acolchoada trazendo mais resistência e conforto para carrega-la. Moderna e funcional, possui entrada para carregador portátil e USB, facilitando na correria do dia a dia. Espaçosa, é a escolha perfeita para levar notebooks, acessórios e até mesmo algum casaco. </span></p>","Tema Conversão","","","","true","Title","Default Title","","","","","","0","","","deny","manual","119.98","599.90","TRUE","TRUE","","https://cdn.shopify.com/s/files/1/0721/1168/5771/files/170264-1600-1600.jpg?v=1766929829","1","","","active"
"mochila-democrata-preto-smart","","","","","","","","","","","","","","","","","","","","","","","","","https://cdn.shopify.com/s/files/1/0721/1168/5771/files/170265-1600-1600.jpg?v=1766929831","2","","",""
"mochila-democrata-preto-smart","","","","","","","","","","","","","","","","","","","","","","","","","https://cdn.shopify.com/s/files/1/0721/1168/5771/files/170266-1600-1600.jpg?v=1766929835","3","","",""
"mochila-democrata-preto-smart","","","","","","","","","","","","","","","","","","","","","","","","","https://cdn.shopify.com/s/files/1/0721/1168/5771/files/170267-1600-1600.jpg?v=1766929832","4","","",""
"mochila-democrata-preto-smart","","","","","","","","","","","","","","","","","","","","","","","","","https://cdn.shopify.com/s/files/1/0721/1168/5771/files/170268-1600-1600.jpg?v=1766929829","5","","",""
"mochila-democrata-preto-smart","","","","","","","","","","","","","","","","","","","","","","","","","https://cdn.shopify.com/s/files/1/0721/1168/5771/files/170269-1600-1600.jpg?v=1766929830","6","","",""
"mocassim-oliver-metropolitan-preto","Mocassim Oliver Metropolitan Preto","<div class=""vtex-flex-layout-0-x-flexColChild vtex-flex-layout-0-x-flexColChild--pdp__main-content-info pb2"">
<div id=""id-0bq9rk"" class=""vtex-disclosure-layout-1-x-content vtex-disclosure-layout-1-x-content--description-and-specification vtex-disclosure-layout-1-x-content--visible vtex-disclosure-layout-1-x-content--description-and-specification--visible"">
<div class=""vtex-store-components-3-x-productDescriptionContainer"">
<div class=""vtex-store-components-3-x-productDescriptionText c-muted-1"">
<div class=""vtex-flex-layout-0-x-flexColChild vtex-flex-layout-0-x-flexColChild--pdp__main-content-info pb2"">
<div id=""id-q6svuq"" class=""vtex-disclosure-layout-1-x-content vtex-disclosure-layout-1-x-content--description-and-specification vtex-disclosure-layout-1-x-content--visible vtex-disclosure-layout-1-x-content--description-and-specification--visible"">
<div class=""vtex-store-components-3-x-productDescriptionContainer"">
<div class=""vtex-store-components-3-x-productDescriptionText c-muted-1"">
<div class=""vtex-flex-layout-0-x-flexColChild vtex-flex-layout-0-x-flexColChild--pdp__main-content-info pb2"">
<div id=""id-88bu9d"" class=""vtex-disclosure-layout-1-x-content vtex-disclosure-layout-1-x-content--description-and-specification vtex-disclosure-layout-1-x-content--visible vtex-disclosure-layout-1-x-content--description-and-specification--visible"">
<div class=""vtex-store-components-3-x-productDescriptionContainer"">
<div class=""vtex-store-components-3-x-productDescriptionText c-muted-1"">
<div class=""vtex-flex-layout-0-x-flexColChild vtex-flex-layout-0-x-flexColChild--pdp__main-content-info pb2"">
<div id=""id-88eldj"" class=""vtex-disclosure-layout-1-x-content vtex-disclosure-layout-1-x-content--description-and-specification vtex-disclosure-layout-1-x-content--visible vtex-disclosure-layout-1-x-content--description-and-specification--visible"">
<div class=""vtex-store-components-3-x-productDescriptionContainer"">
<div class=""vtex-store-components-3-x-productDescriptionText c-muted-1"">
<p>O Mocassim Oliver Metropolitan é confeccionado em <span>couro na cor preto</span>. Possui recorte em couro marrom no calcanhar, parte frontal costurada a mão, bico arredondado. <span>Sua sola de E.V.A. somada a palmilha de P.U. proporcionam uma alta maciez, conforto e uma leveza completa.</span></p>
<p>Linha Metropolitan - Elegantes, modernos, sofisticados e confortáveis, os modelos dessa linha estão associados à composição de visual impecável – sóbrio e formal – do homem de gosto apurado.</p>
<p>Características</p>
<p>Salto: 2,5cm</p>
<p> </p>
</div>
</div>
</div>
</div>
</div>
</div>
</div>
</div>
</div>
</div>
</div>
</div>
</div>
</div>
</div>
</div>","Tema Conversão","","","","true","Tamanho do calçado","37","","","","","","0","","","deny","manual","90.00","300.00","TRUE","TRUE","","https://cdn.shopify.com/s/files/1/0721/1168/5771/files/168687-1600-1600.jpg?v=1766929907","1","https://cdn.shopify.com/s/files/1/0721/1168/5771/files/168687-1600-1600.jpg?v=1766929907","","active"
"mocassim-oliver-metropolitan-preto","","","","","","","","","38","","","","","","0","","","deny","manual","90.00","300.00","TRUE","TRUE","","https://cdn.shopify.com/s/files/1/0721/1168/5771/files/168688-1600-1600.jpg?v=1766929908","2","https://cdn.shopify.com/s/files/1/0721/1168/5771/files/168687-1600-1600.jpg?v=1766929907","",""
"mocassim-oliver-metropolitan-preto","","","","","","","","","39","","","","","","0","","","deny","manual","90.00","300.00","TRUE","TRUE","","https://cdn.shopify.com/s/files/1/0721/1168/5771/files/168689-1600-1600.jpg?v=1766929908","3","https://cdn.shopify.com/s/files/1/0721/1168/5771/files/168687-1600-1600.jpg?v=1766929907","",""
"mocassim-oliver-metropolitan-preto","","","","","","","","","40","","","","","","0","","","deny","manual","90.00","300.00","TRUE","TRUE","","https://cdn.shopify.com/s/files/1/0721/1168/5771/files/168690-1600-1600.jpg?v=1766929910","4","https://cdn.shopify.com/s/files/1/0721/1168/5771/files/168687-1600-1600.jpg?v=1766929907","",""
"mocassim-oliver-metropolitan-preto","","","","","","","","","41","","","","","","0","","","deny","manual","90.00","300.00","TRUE","TRUE","","","","https://cdn.shopify.com/s/files/1/0721/1168/5771/files/168687-1600-1600.jpg?v=1766929907","",""
"mocassim-oliver-metropolitan-preto","","","","","","","","","42","","","","","","0","","","deny","manual","90.00","300.00","TRUE","TRUE","","","","https://cdn.shopify.com/s/files/1/0721/1168/5771/files/168687-1600-1600.jpg?v=1766929907","",""
"mocassim-oliver-metropolitan-preto","","","","","","","","","43","","","","","","0","","","deny","manual","90.00","300.00","TRUE","TRUE","","","","https://cdn.shopify.com/s/files/1/0721/1168/5771/files/168687-1600-1600.jpg?v=1766929907","",""
"mocassim-oliver-metropolitan-preto","","","","","","","","","44","","","","","","0","","","deny","manual","90.00","300.00","TRUE","TRUE","","","","https://cdn.shopify.com/s/files/1/0721/1168/5771/files/168687-1600-1600.jpg?v=1766929907","",""
"mocassim-metropolitan-oliver-conhaque","Mocassim Metropolitan Oliver Conhaque","<div class=""vtex-flex-layout-0-x-flexColChild vtex-flex-layout-0-x-flexColChild--pdp__main-content-info pb2"">
<div class=""vtex-disclosure-layout-1-x-content vtex-disclosure-layout-1-x-content--description-and-specification vtex-disclosure-layout-1-x-content--visible vtex-disclosure-layout-1-x-content--description-and-specification--visible"" id=""id-0bq9rk"">
<div class=""vtex-store-components-3-x-productDescriptionContainer"">
<div class=""vtex-store-components-3-x-productDescriptionText c-muted-1"">
<div class=""vtex-flex-layout-0-x-flexColChild vtex-flex-layout-0-x-flexColChild--pdp__main-content-info pb2"">
<div class=""vtex-disclosure-layout-1-x-content vtex-disclosure-layout-1-x-content--description-and-specification vtex-disclosure-layout-1-x-content--visible vtex-disclosure-layout-1-x-content--description-and-specification--visible"" id=""id-q6svuq"">
<div class=""vtex-store-components-3-x-productDescriptionContainer"">
<div class=""vtex-store-components-3-x-productDescriptionText c-muted-1"">
<div class=""vtex-flex-layout-0-x-flexColChild vtex-flex-layout-0-x-flexColChild--pdp__main-content-info pb2"">
<div class=""vtex-disclosure-layout-1-x-content vtex-disclosure-layout-1-x-content--description-and-specification vtex-disclosure-layout-1-x-content--visible vtex-disclosure-layout-1-x-content--description-and-specification--visible"" id=""id-88bu9d"">
<div class=""vtex-store-components-3-x-productDescriptionContainer"">
<div class=""vtex-store-components-3-x-productDescriptionText c-muted-1"">
<div class=""vtex-flex-layout-0-x-flexColChild vtex-flex-layout-0-x-flexColChild--pdp__main-content-info pb2"">
<div class=""vtex-disclosure-layout-1-x-content vtex-disclosure-layout-1-x-content--description-and-specification vtex-disclosure-layout-1-x-content--visible vtex-disclosure-layout-1-x-content--description-and-specification--visible"" id=""id-88eldj"">
<div class=""vtex-store-components-3-x-productDescriptionContainer"">
<div class=""vtex-store-components-3-x-productDescriptionText c-muted-1"">
<p>O Mocassim Oliver Metropolitan é confeccionado em <span>couro na cor conhaque</span>. Possui recorte em couro marrom no calcanhar, parte frontal costurada a mão, bico arredondado. <span>Sua sola de E.V.A. somada a palmilha de P.U. proporcionam uma alta maciez, conforto e uma leveza completa.</span></p>
<p>Linha Metropolitan - Elegantes, modernos, sofisticados e confortáveis, os modelos dessa linha estão associados à composição de visual impecável – sóbrio e formal – do homem de gosto apurado.</p>
<p>Características</p>
<p>Salto: 2,5cm</p>
<p> </p>
</div>
</div>
</div>
</div>
</div>
</div>
</div>
</div>
</div>
</div>
</div>
</div>
</div>
</div>
</div>
</div>","Tema Conversão","","","","true","Tamanho do calçado","37","","","","","","0","","","deny","manual","90.00","300.00","TRUE","TRUE","","https://cdn.shopify.com/s/files/1/0721/1168/5771/files/168691-1600-1600.jpg?v=1766929920","1","https://cdn.shopify.com/s/files/1/0721/1168/5771/files/168691-1600-1600.jpg?v=1766929920","","active"
"mocassim-metropolitan-oliver-conhaque","","","","","","","","","38","","","","","","0","","","deny","manual","90.00","300.00","TRUE","TRUE","","https://cdn.shopify.com/s/files/1/0721/1168/5771/files/168692-1600-1600.jpg?v=1766929920","2","https://cdn.shopify.com/s/files/1/0721/1168/5771/files/168691-1600-1600.jpg?v=1766929920","",""
"mocassim-metropolitan-oliver-conhaque","","","","","","","","","39","","","","","","0","","","deny","manual","90.00","300.00","TRUE","TRUE","","https://cdn.shopify.com/s/files/1/0721/1168/5771/files/168693-1600-1600.jpg?v=1766929920","3","https://cdn.shopify.com/s/files/1/0721/1168/5771/files/168691-1600-1600.jpg?v=1766929920","",""
"mocassim-metropolitan-oliver-conhaque","","","","","","","","","40","","","","","","0","","","deny","manual","90.00","300.00","TRUE","TRUE","","https://cdn.shopify.com/s/files/1/0721/1168/5771/files/168694-1600-1600.jpg?v=1766929920","4","https://cdn.shopify.com/s/files/1/0721/1168/5771/files/168691-1600-1600.jpg?v=1766929920","",""
"mocassim-metropolitan-oliver-conhaque","","","","","","","","","41","","","","","","0","","","deny","manual","90.00","300.00","TRUE","TRUE","","","","https://cdn.shopify.com/s/files/1/0721/1168/5771/files/168691-1600-1600.jpg?v=1766929920","",""
"mocassim-metropolitan-oliver-conhaque","","","","","","","","","42","","","","","","0","","","deny","manual","90.00","300.00","TRUE","TRUE","","","","https://cdn.shopify.com/s/files/1/0721/1168/5771/files/168691-1600-1600.jpg?v=1766929920","",""
"mocassim-metropolitan-oliver-conhaque","","","","","","","","","43","","","","","","0","","","deny","manual","90.00","300.00","TRUE","TRUE","","","","https://cdn.shopify.com/s/files/1/0721/1168/5771/files/168691-1600-1600.jpg?v=1766929920","",""
"mocassim-metropolitan-oliver-conhaque","","","","","","","","","44","","","","","","0","","","deny","manual","90.00","300.00","TRUE","TRUE","","","","https://cdn.shopify.com/s/files/1/0721/1168/5771/files/168691-1600-1600.jpg?v=1766929920","",""
"mocassim-easy-ted-smoke","Mocassim Easy Ted Smoke","<div class=""vtex-flex-layout-0-x-flexColChild vtex-flex-layout-0-x-flexColChild--pdp__main-content-info pb2"">
<div id=""id-0bq9rk"" class=""vtex-disclosure-layout-1-x-content vtex-disclosure-layout-1-x-content--description-and-specification vtex-disclosure-layout-1-x-content--visible vtex-disclosure-layout-1-x-content--description-and-specification--visible"">
<div class=""vtex-store-components-3-x-productDescriptionContainer"">
<div class=""vtex-store-components-3-x-productDescriptionText c-muted-1"">
<div class=""vtex-flex-layout-0-x-flexColChild vtex-flex-layout-0-x-flexColChild--pdp__main-content-info pb2"">
<div id=""id-q6svuq"" class=""vtex-disclosure-layout-1-x-content vtex-disclosure-layout-1-x-content--description-and-specification vtex-disclosure-layout-1-x-content--visible vtex-disclosure-layout-1-x-content--description-and-specification--visible"">
<div class=""vtex-store-components-3-x-productDescriptionContainer"">
<div class=""vtex-store-components-3-x-productDescriptionText c-muted-1"">
<div class=""vtex-flex-layout-0-x-flexColChild vtex-flex-layout-0-x-flexColChild--pdp__main-content-info pb2"">
<div id=""id-88bu9d"" class=""vtex-disclosure-layout-1-x-content vtex-disclosure-layout-1-x-content--description-and-specification vtex-disclosure-layout-1-x-content--visible vtex-disclosure-layout-1-x-content--description-and-specification--visible"">
<div class=""vtex-store-components-3-x-productDescriptionContainer"">
<div class=""vtex-store-components-3-x-productDescriptionText c-muted-1"">
<div class=""vtex-flex-layout-0-x-flexColChild vtex-flex-layout-0-x-flexColChild--pdp__main-content-info pb2"">
<div id=""id-88eldj"" class=""vtex-disclosure-layout-1-x-content vtex-disclosure-layout-1-x-content--description-and-specification vtex-disclosure-layout-1-x-content--visible vtex-disclosure-layout-1-x-content--description-and-specification--visible"">
<div class=""vtex-store-components-3-x-productDescriptionContainer"">
<div class=""vtex-store-components-3-x-productDescriptionText c-muted-1"">
<p>O <a href=""https://www.democrata.com.br/calcados/mocassins"">Mocassim</a> Denim Flow é confeccionado em <span>couro na cor Navy</span>. Possui detalhe sobre o cabedal que simula um couro entrelaçado, parte frontal costurada a mão, palmilha fixa ao calçado e bico arredondado.</p>
<p>Linha Denim: liberdade para transitar em diferentes situações e estar bem vestido. Contemporâneo, despojado, confortável e perfeito para o uso no dia a dia.</p>
</div>
</div>
</div>
</div>
</div>
</div>
</div>
</div>
</div>
</div>
</div>
</div>
</div>
</div>
</div>
</div>","Tema Conversão","","","","true","Tamanho do calçado","37","","","","","","0","","","deny","manual","65.97","219.90","TRUE","TRUE","","https://cdn.shopify.com/s/files/1/0721/1168/5771/files/169617-1600-1600.jpg?v=1766929874","1","https://cdn.shopify.com/s/files/1/0721/1168/5771/files/169617-1600-1600.jpg?v=1766929874","","active"
"mocassim-easy-ted-smoke","","","","","","","","","38","","","","","","0","","","deny","manual","65.97","219.90","TRUE","TRUE","","https://cdn.shopify.com/s/files/1/0721/1168/5771/files/169618-1600-1600.jpg?v=1766929874","2","https://cdn.shopify.com/s/files/1/0721/1168/5771/files/169617-1600-1600.jpg?v=1766929874","",""
"mocassim-easy-ted-smoke","","","","","","","","","39","","","","","","0","","","deny","manual","65.97","219.90","TRUE","TRUE","","https://cdn.shopify.com/s/files/1/0721/1168/5771/files/169619-1600-1600.jpg?v=1766929876","3","https://cdn.shopify.com/s/files/1/0721/1168/5771/files/169617-1600-1600.jpg?v=1766929874","",""
"mocassim-easy-ted-smoke","","","","","","","","","40","","","","","","0","","","deny","manual","65.97","219.90","TRUE","TRUE","","https://cdn.shopify.com/s/files/1/0721/1168/5771/files/169620-1600-1600.jpg?v=1766929876","4","https://cdn.shopify.com/s/files/1/0721/1168/5771/files/169617-1600-1600.jpg?v=1766929874","",""
"mocassim-easy-ted-smoke","","","","","","","","","41","","","","","","0","","","deny","manual","65.97","219.90","TRUE","TRUE","","","","https://cdn.shopify.com/s/files/1/0721/1168/5771/files/169617-1600-1600.jpg?v=1766929874","",""
"mocassim-easy-ted-smoke","","","","","","","","","42","","","","","","0","","","deny","manual","65.97","219.90","TRUE","TRUE","","","","https://cdn.shopify.com/s/files/1/0721/1168/5771/files/169617-1600-1600.jpg?v=1766929874","",""
"mocassim-easy-ted-smoke","","","","","","","","","43","","","","","","0","","","deny","manual","65.97","219.90","TRUE","TRUE","","","","https://cdn.shopify.com/s/files/1/0721/1168/5771/files/169617-1600-1600.jpg?v=1766929874","",""
"mocassim-easy-ted-smoke","","","","","","","","","44","","","","","","0","","","deny","manual","65.97","219.90","TRUE","TRUE","","","","https://cdn.shopify.com/s/files/1/0721/1168/5771/files/169617-1600-1600.jpg?v=1766929874","",""
"mocassim-easy-ted-navy","Mocassim Easy Ted Navy","<div class=""vtex-flex-layout-0-x-flexColChild vtex-flex-layout-0-x-flexColChild--pdp__main-content-info pb2"">
<div id=""id-0bq9rk"" class=""vtex-disclosure-layout-1-x-content vtex-disclosure-layout-1-x-content--description-and-specification vtex-disclosure-layout-1-x-content--visible vtex-disclosure-layout-1-x-content--description-and-specification--visible"">
<div class=""vtex-store-components-3-x-productDescriptionContainer"">
<div class=""vtex-store-components-3-x-productDescriptionText c-muted-1"">
<div class=""vtex-flex-layout-0-x-flexColChild vtex-flex-layout-0-x-flexColChild--pdp__main-content-info pb2"">
<div id=""id-q6svuq"" class=""vtex-disclosure-layout-1-x-content vtex-disclosure-layout-1-x-content--description-and-specification vtex-disclosure-layout-1-x-content--visible vtex-disclosure-layout-1-x-content--description-and-specification--visible"">
<div class=""vtex-store-components-3-x-productDescriptionContainer"">
<div class=""vtex-store-components-3-x-productDescriptionText c-muted-1"">
<div class=""vtex-flex-layout-0-x-flexColChild vtex-flex-layout-0-x-flexColChild--pdp__main-content-info pb2"">
<div id=""id-88bu9d"" class=""vtex-disclosure-layout-1-x-content vtex-disclosure-layout-1-x-content--description-and-specification vtex-disclosure-layout-1-x-content--visible vtex-disclosure-layout-1-x-content--description-and-specification--visible"">
<div class=""vtex-store-components-3-x-productDescriptionContainer"">
<div class=""vtex-store-components-3-x-productDescriptionText c-muted-1"">
<div class=""vtex-flex-layout-0-x-flexColChild vtex-flex-layout-0-x-flexColChild--pdp__main-content-info pb2"">
<div id=""id-88eldj"" class=""vtex-disclosure-layout-1-x-content vtex-disclosure-layout-1-x-content--description-and-specification vtex-disclosure-layout-1-x-content--visible vtex-disclosure-layout-1-x-content--description-and-specification--visible"">
<div class=""vtex-store-components-3-x-productDescriptionContainer"">
<div class=""vtex-store-components-3-x-productDescriptionText c-muted-1"">
<p>O <a href=""https://www.democrata.com.br/calcados/mocassins"">Mocassim</a> Denim Flow é confeccionado em <span>couro na cor Navy</span>. Possui detalhe sobre o cabedal que simula um couro entrelaçado, parte frontal costurada a mão, palmilha fixa ao calçado e bico arredondado.</p>
<p>Linha Denim: liberdade para transitar em diferentes situações e estar bem vestido. Contemporâneo, despojado, confortável e perfeito para o uso no dia a dia.</p>
</div>
</div>
</div>
</div>
</div>
</div>
</div>
</div>
</div>
</div>
</div>
</div>
</div>
</div>
</div>
</div>","Tema Conversão","","","","true","Tamanho do calçado","37","","","","","","0","","","deny","manual","65.97","219.90","TRUE","TRUE","","https://cdn.shopify.com/s/files/1/0721/1168/5771/files/169710-1600-1600.jpg?v=1766929877","1","https://cdn.shopify.com/s/files/1/0721/1168/5771/files/169710-1600-1600.jpg?v=1766929877","","active"
"mocassim-easy-ted-navy","","","","","","","","","38","","","","","","0","","","deny","manual","65.97","219.90","TRUE","TRUE","","https://cdn.shopify.com/s/files/1/0721/1168/5771/files/169711-1600-1600.jpg?v=1766929893","2","https://cdn.shopify.com/s/files/1/0721/1168/5771/files/169710-1600-1600.jpg?v=1766929877","",""
"mocassim-easy-ted-navy","","","","","","","","","39","","","","","","0","","","deny","manual","65.97","219.90","TRUE","TRUE","","https://cdn.shopify.com/s/files/1/0721/1168/5771/files/169712-1600-1600.jpg?v=1766929877","3","https://cdn.shopify.com/s/files/1/0721/1168/5771/files/169710-1600-1600.jpg?v=1766929877","",""
"mocassim-easy-ted-navy","","","","","","","","","40","","","","","","0","","","deny","manual","65.97","219.90","TRUE","TRUE","","https://cdn.shopify.com/s/files/1/0721/1168/5771/files/169713-1600-1600.jpg?v=1766929877","4","https://cdn.shopify.com/s/files/1/0721/1168/5771/files/169710-1600-1600.jpg?v=1766929877","",""
"mocassim-easy-ted-navy","","","","","","","","","41","","","","","","0","","","deny","manual","65.97","219.90","TRUE","TRUE","","","","https://cdn.shopify.com/s/files/1/0721/1168/5771/files/169710-1600-1600.jpg?v=1766929877","",""
"mocassim-easy-ted-navy","","","","","","","","","42","","","","","","0","","","deny","manual","65.97","219.90","TRUE","TRUE","","","","https://cdn.shopify.com/s/files/1/0721/1168/5771/files/169710-1600-1600.jpg?v=1766929877","",""
"mocassim-easy-ted-navy","","","","","","","","","43","","","","","","0","","","deny","manual","65.97","219.90","TRUE","TRUE","","","","https://cdn.shopify.com/s/files/1/0721/1168/5771/files/169710-1600-1600.jpg?v=1766929877","",""
"mocassim-easy-ted-navy","","","","","","","","","44","","","","","","0","","","deny","manual","65.97","219.90","TRUE","TRUE","","","","https://cdn.shopify.com/s/files/1/0721/1168/5771/files/169710-1600-1600.jpg?v=1766929877","",""
"mocassim-easy-ted-conhaque","Mocassim Easy Ted Conhaque","<div class=""vtex-flex-layout-0-x-flexColChild vtex-flex-layout-0-x-flexColChild--pdp__main-content-info pb2"">
<div id=""id-0bq9rk"" class=""vtex-disclosure-layout-1-x-content vtex-disclosure-layout-1-x-content--description-and-specification vtex-disclosure-layout-1-x-content--visible vtex-disclosure-layout-1-x-content--description-and-specification--visible"">
<div class=""vtex-store-components-3-x-productDescriptionContainer"">
<div class=""vtex-store-components-3-x-productDescriptionText c-muted-1"">
<div class=""vtex-flex-layout-0-x-flexColChild vtex-flex-layout-0-x-flexColChild--pdp__main-content-info pb2"">
<div id=""id-q6svuq"" class=""vtex-disclosure-layout-1-x-content vtex-disclosure-layout-1-x-content--description-and-specification vtex-disclosure-layout-1-x-content--visible vtex-disclosure-layout-1-x-content--description-and-specification--visible"">
<div class=""vtex-store-components-3-x-productDescriptionContainer"">
<div class=""vtex-store-components-3-x-productDescriptionText c-muted-1"">
<div class=""vtex-flex-layout-0-x-flexColChild vtex-flex-layout-0-x-flexColChild--pdp__main-content-info pb2"">
<div id=""id-88bu9d"" class=""vtex-disclosure-layout-1-x-content vtex-disclosure-layout-1-x-content--description-and-specification vtex-disclosure-layout-1-x-content--visible vtex-disclosure-layout-1-x-content--description-and-specification--visible"">
<div class=""vtex-store-components-3-x-productDescriptionContainer"">
<div class=""vtex-store-components-3-x-productDescriptionText c-muted-1"">
<div class=""vtex-flex-layout-0-x-flexColChild vtex-flex-layout-0-x-flexColChild--pdp__main-content-info pb2"">
<div id=""id-88eldj"" class=""vtex-disclosure-layout-1-x-content vtex-disclosure-layout-1-x-content--description-and-specification vtex-disclosure-layout-1-x-content--visible vtex-disclosure-layout-1-x-content--description-and-specification--visible"">
<div class=""vtex-store-components-3-x-productDescriptionContainer"">
<div class=""vtex-store-components-3-x-productDescriptionText c-muted-1"">
<p>O <a href=""https://www.democrata.com.br/calcados/mocassins"">Mocassim</a> Denim Flow é confeccionado em <span>couro na cor Navy</span>. Possui detalhe sobre o cabedal que simula um couro entrelaçado, parte frontal costurada a mão, palmilha fixa ao calçado e bico arredondado.</p>
<p>Linha Denim: liberdade para transitar em diferentes situações e estar bem vestido. Contemporâneo, despojado, confortável e perfeito para o uso no dia a dia.</p>
</div>
</div>
</div>
</div>
</div>
</div>
</div>
</div>
</div>
</div>
</div>
</div>
</div>
</div>
</div>
</div>","Tema Conversão","","","","true","Tamanho do calçado","37","","","","","","0","","","deny","manual","65.97","219.90","TRUE","TRUE","","https://cdn.shopify.com/s/files/1/0721/1168/5771/files/169613-1600-1600.jpg?v=1766929874","1","https://cdn.shopify.com/s/files/1/0721/1168/5771/files/169613-1600-1600.jpg?v=1766929874","","active"
"mocassim-easy-ted-conhaque","","","","","","","","","38","","","","","","0","","","deny","manual","65.97","219.90","TRUE","TRUE","","https://cdn.shopify.com/s/files/1/0721/1168/5771/files/169614-1600-1600.jpg?v=1766929878","2","https://cdn.shopify.com/s/files/1/0721/1168/5771/files/169613-1600-1600.jpg?v=1766929874","",""
"mocassim-easy-ted-conhaque","","","","","","","","","39","","","","","","0","","","deny","manual","65.97","219.90","TRUE","TRUE","","https://cdn.shopify.com/s/files/1/0721/1168/5771/files/169615-1600-1600.jpg?v=1766929878","3","https://cdn.shopify.com/s/files/1/0721/1168/5771/files/169613-1600-1600.jpg?v=1766929874","",""
"mocassim-easy-ted-conhaque","","","","","","","","","40","","","","","","0","","","deny","manual","65.97","219.90","TRUE","TRUE","","https://cdn.shopify.com/s/files/1/0721/1168/5771/files/169616-1600-1600.jpg?v=1766929876","4","https://cdn.shopify.com/s/files/1/0721/1168/5771/files/169613-1600-1600.jpg?v=1766929874","",""
"mocassim-easy-ted-conhaque","","","","","","","","","41","","","","","","0","","","deny","manual","65.97","219.90","TRUE","TRUE","","","","https://cdn.shopify.com/s/files/1/0721/1168/5771/files/169613-1600-1600.jpg?v=1766929874","",""
"mocassim-easy-ted-conhaque","","","","","","","","","42","","","","","","0","","","deny","manual","65.97","219.90","TRUE","TRUE","","","","https://cdn.shopify.com/s/files/1/0721/1168/5771/files/169613-1600-1600.jpg?v=1766929874","",""
"mocassim-easy-ted-conhaque","","","","","","","","","43","","","","","","0","","","deny","manual","65.97","219.90","TRUE","TRUE","","","","https://cdn.shopify.com/s/files/1/0721/1168/5771/files/169613-1600-1600.jpg?v=1766929874","",""
"mocassim-easy-ted-conhaque","","","","","","","","","44","","","","","","0","","","deny","manual","65.97","219.90","TRUE","TRUE","","","","https://cdn.shopify.com/s/files/1/0721/1168/5771/files/169613-1600-1600.jpg?v=1766929874","",""
"mocassim-easy-smith-ultra-light-252-mogno","Mocassim Easy Smith Ultra Light 252 Mogno","<div class=""vtex-flex-layout-0-x-flexColChild vtex-flex-layout-0-x-flexColChild--pdp__main-content-info pb2"">
<div class=""vtex-disclosure-layout-1-x-content vtex-disclosure-layout-1-x-content--description-and-specification vtex-disclosure-layout-1-x-content--visible vtex-disclosure-layout-1-x-content--description-and-specification--visible"" id=""id-0bq9rk"">
<div class=""vtex-store-components-3-x-productDescriptionContainer"">
<div class=""vtex-store-components-3-x-productDescriptionText c-muted-1"">
<div class=""vtex-flex-layout-0-x-flexColChild vtex-flex-layout-0-x-flexColChild--pdp__main-content-info pb2"">
<div class=""vtex-disclosure-layout-1-x-content vtex-disclosure-layout-1-x-content--description-and-specification vtex-disclosure-layout-1-x-content--visible vtex-disclosure-layout-1-x-content--description-and-specification--visible"" id=""id-q6svuq"">
<div class=""vtex-store-components-3-x-productDescriptionContainer"">
<div class=""vtex-store-components-3-x-productDescriptionText c-muted-1"">
<div class=""vtex-flex-layout-0-x-flexColChild vtex-flex-layout-0-x-flexColChild--pdp__main-content-info pb2"">
<div class=""vtex-disclosure-layout-1-x-content vtex-disclosure-layout-1-x-content--description-and-specification vtex-disclosure-layout-1-x-content--visible vtex-disclosure-layout-1-x-content--description-and-specification--visible"" id=""id-88bu9d"">
<div class=""vtex-store-components-3-x-productDescriptionContainer"">
<div class=""vtex-store-components-3-x-productDescriptionText c-muted-1"">
<div class=""vtex-flex-layout-0-x-flexColChild vtex-flex-layout-0-x-flexColChild--pdp__main-content-info pb2"">
<div class=""vtex-disclosure-layout-1-x-content vtex-disclosure-layout-1-x-content--description-and-specification vtex-disclosure-layout-1-x-content--visible vtex-disclosure-layout-1-x-content--description-and-specification--visible"" id=""id-88eldj"">
<div class=""vtex-store-components-3-x-productDescriptionContainer"">
<div class=""vtex-store-components-3-x-productDescriptionText c-muted-1"">
<p>O Mocassim Easy Smith Ultra Light 252 é confeccionado em <span>couro na cor Mogno</span>. Possui  parte frontal costurada a mão, bico arredondado. <span>Sua sola de EVA somada a palmilha de P.U. proporcionam uma alta maciez, conforto e uma leveza completa.</span></p>
<p><br>O Democrata Ultra Light é <span>leve, macio, flexível</span>, versátil e cool. Um tênis casual em várias opções de cores para combinar com os seus looks e deixar a sua rotina mais leve.</p>
</div>
</div>
</div>
</div>
</div>
</div>
</div>
</div>
</div>
</div>
</div>
</div>
</div>
</div>
</div>
</div>","Tema Conversão","","","","true","Tamanho do calçado","37","","","","","","0","","","deny","manual","75.00","250.00","TRUE","TRUE","","https://cdn.shopify.com/s/files/1/0721/1168/5771/files/167801-1600-1600.jpg?v=1766929951","1","https://cdn.shopify.com/s/files/1/0721/1168/5771/files/167801-1600-1600.jpg?v=1766929951","","active"
"mocassim-easy-smith-ultra-light-252-mogno","","","","","","","","","38","","","","","","0","","","deny","manual","75.00","250.00","TRUE","TRUE","","https://cdn.shopify.com/s/files/1/0721/1168/5771/files/167802-1600-1600.jpg?v=1766929951","2","https://cdn.shopify.com/s/files/1/0721/1168/5771/files/167801-1600-1600.jpg?v=1766929951","",""
"mocassim-easy-smith-ultra-light-252-mogno","","","","","","","","","39","","","","","","0","","","deny","manual","75.00","250.00","TRUE","TRUE","","https://cdn.shopify.com/s/files/1/0721/1168/5771/files/167803-1600-1600.jpg?v=1766929951","3","https://cdn.shopify.com/s/files/1/0721/1168/5771/files/167801-1600-1600.jpg?v=1766929951","",""
"mocassim-easy-smith-ultra-light-252-mogno","","","","","","","","","40","","","","","","0","","","deny","manual","75.00","250.00","TRUE","TRUE","","https://cdn.shopify.com/s/files/1/0721/1168/5771/files/167804-1600-1600.jpg?v=1766929951","4","https://cdn.shopify.com/s/files/1/0721/1168/5771/files/167801-1600-1600.jpg?v=1766929951","",""
"mocassim-easy-smith-ultra-light-252-mogno","","","","","","","","","41","","","","","","0","","","deny","manual","75.00","250.00","TRUE","TRUE","","https://cdn.shopify.com/s/files/1/0721/1168/5771/files/167805-1600-1600.jpg?v=1766929951","5","https://cdn.shopify.com/s/files/1/0721/1168/5771/files/167801-1600-1600.jpg?v=1766929951","",""
"mocassim-easy-smith-ultra-light-252-mogno","","","","","","","","","42","","","","","","0","","","deny","manual","75.00","250.00","TRUE","TRUE","","","","https://cdn.shopify.com/s/files/1/0721/1168/5771/files/167801-1600-1600.jpg?v=1766929951","",""
"mocassim-easy-smith-ultra-light-252-mogno","","","","","","","","","43","","","","","","0","","","deny","manual","75.00","250.00","TRUE","TRUE","","","","https://cdn.shopify.com/s/files/1/0721/1168/5771/files/167801-1600-1600.jpg?v=1766929951","",""
"mocassim-easy-smith-ultra-light-252-mogno","","","","","","","","","44","","","","","","0","","","deny","manual","75.00","250.00","TRUE","TRUE","","","","https://cdn.shopify.com/s/files/1/0721/1168/5771/files/167801-1600-1600.jpg?v=1766929951","",""
"mocassim-easy-smith-ultra-light-252-creme","Mocassim Easy Smith Ultra Light 252 Creme","<div class=""vtex-flex-layout-0-x-flexColChild vtex-flex-layout-0-x-flexColChild--pdp__main-content-info pb2"">
<div id=""id-0bq9rk"" class=""vtex-disclosure-layout-1-x-content vtex-disclosure-layout-1-x-content--description-and-specification vtex-disclosure-layout-1-x-content--visible vtex-disclosure-layout-1-x-content--description-and-specification--visible"">
<div class=""vtex-store-components-3-x-productDescriptionContainer"">
<div class=""vtex-store-components-3-x-productDescriptionText c-muted-1"">
<div class=""vtex-flex-layout-0-x-flexColChild vtex-flex-layout-0-x-flexColChild--pdp__main-content-info pb2"">
<div id=""id-q6svuq"" class=""vtex-disclosure-layout-1-x-content vtex-disclosure-layout-1-x-content--description-and-specification vtex-disclosure-layout-1-x-content--visible vtex-disclosure-layout-1-x-content--description-and-specification--visible"">
<div class=""vtex-store-components-3-x-productDescriptionContainer"">
<div class=""vtex-store-components-3-x-productDescriptionText c-muted-1"">
<div class=""vtex-flex-layout-0-x-flexColChild vtex-flex-layout-0-x-flexColChild--pdp__main-content-info pb2"">
<div id=""id-88bu9d"" class=""vtex-disclosure-layout-1-x-content vtex-disclosure-layout-1-x-content--description-and-specification vtex-disclosure-layout-1-x-content--visible vtex-disclosure-layout-1-x-content--description-and-specification--visible"">
<div class=""vtex-store-components-3-x-productDescriptionContainer"">
<div class=""vtex-store-components-3-x-productDescriptionText c-muted-1"">
<div class=""vtex-flex-layout-0-x-flexColChild vtex-flex-layout-0-x-flexColChild--pdp__main-content-info pb2"">
<div id=""id-88eldj"" class=""vtex-disclosure-layout-1-x-content vtex-disclosure-layout-1-x-content--description-and-specification vtex-disclosure-layout-1-x-content--visible vtex-disclosure-layout-1-x-content--description-and-specification--visible"">
<div class=""vtex-store-components-3-x-productDescriptionContainer"">
<div class=""vtex-store-components-3-x-productDescriptionText c-muted-1"">
<p>O Mocassim Easy Smith Ultra Light 252 é confeccionado em <span>couro na cor Creme</span>. Possui recorte em couro bege no calcanhar, parte frontal costurada a mão, bico arredondado. <span>Sua sola de EVA somada a palmilha de P.U. proporcionam uma alta maciez, conforto e uma leveza completa.</span></p>
<p><br>O Democrata Ultra Light é <span>leve, macio, flexível</span>, versátil e cool. Um tênis casual em várias opções de cores para combinar com os seus looks e deixar a sua rotina mais leve.</p>
</div>
</div>
</div>
</div>
</div>
</div>
</div>
</div>
</div>
</div>
</div>
</div>
</div>
</div>
</div>
</div>","Tema Conversão","","","","true","Tamanho do calçado","37","","","","","","0","","","deny","manual","75.00","250.00","TRUE","TRUE","","https://cdn.shopify.com/s/files/1/0721/1168/5771/files/169319-1600-1600.jpg?v=1766929952","1","https://cdn.shopify.com/s/files/1/0721/1168/5771/files/169319-1600-1600.jpg?v=1766929952","","active"
"mocassim-easy-smith-ultra-light-252-creme","","","","","","","","","38","","","","","","0","","","deny","manual","75.00","250.00","TRUE","TRUE","","https://cdn.shopify.com/s/files/1/0721/1168/5771/files/169320-1600-1600.jpg?v=1766929953","2","https://cdn.shopify.com/s/files/1/0721/1168/5771/files/169319-1600-1600.jpg?v=1766929952","",""
"mocassim-easy-smith-ultra-light-252-creme","","","","","","","","","39","","","","","","0","","","deny","manual","75.00","250.00","TRUE","TRUE","","https://cdn.shopify.com/s/files/1/0721/1168/5771/files/169321-1600-1600.jpg?v=1766929953","3","https://cdn.shopify.com/s/files/1/0721/1168/5771/files/169319-1600-1600.jpg?v=1766929952","",""
"mocassim-easy-smith-ultra-light-252-creme","","","","","","","","","40","","","","","","0","","","deny","manual","75.00","250.00","TRUE","TRUE","","https://cdn.shopify.com/s/files/1/0721/1168/5771/files/169322-1600-1600.jpg?v=1766929952","4","https://cdn.shopify.com/s/files/1/0721/1168/5771/files/169319-1600-1600.jpg?v=1766929952","",""
"mocassim-easy-smith-ultra-light-252-creme","","","","","","","","","41","","","","","","0","","","deny","manual","75.00","250.00","TRUE","TRUE","","","","https://cdn.shopify.com/s/files/1/0721/1168/5771/files/169319-1600-1600.jpg?v=1766929952","",""
"mocassim-easy-smith-ultra-light-252-creme","","","","","","","","","42","","","","","","0","","","deny","manual","75.00","250.00","TRUE","TRUE","","","","https://cdn.shopify.com/s/files/1/0721/1168/5771/files/169319-1600-1600.jpg?v=1766929952","",""
"mocassim-easy-smith-ultra-light-252-creme","","","","","","","","","43","","","","","","0","","","deny","manual","75.00","250.00","TRUE","TRUE","","","","https://cdn.shopify.com/s/files/1/0721/1168/5771/files/169319-1600-1600.jpg?v=1766929952","",""
"mocassim-easy-smith-ultra-light-252-creme","","","","","","","","","44","","","","","","0","","","deny","manual","75.00","250.00","TRUE","TRUE","","","","https://cdn.shopify.com/s/files/1/0721/1168/5771/files/169319-1600-1600.jpg?v=1766929952","",""
"mocassim-easy-smith-ultra-light-252-azul-jeans","Mocassim Easy Smith Ultra Light 252 Azul Jeans","<div class=""vtex-flex-layout-0-x-flexColChild vtex-flex-layout-0-x-flexColChild--pdp__main-content-info pb2"">
<div class=""vtex-disclosure-layout-1-x-content vtex-disclosure-layout-1-x-content--description-and-specification vtex-disclosure-layout-1-x-content--visible vtex-disclosure-layout-1-x-content--description-and-specification--visible"" id=""id-0bq9rk"">
<div class=""vtex-store-components-3-x-productDescriptionContainer"">
<div class=""vtex-store-components-3-x-productDescriptionText c-muted-1"">
<div class=""vtex-flex-layout-0-x-flexColChild vtex-flex-layout-0-x-flexColChild--pdp__main-content-info pb2"">
<div class=""vtex-disclosure-layout-1-x-content vtex-disclosure-layout-1-x-content--description-and-specification vtex-disclosure-layout-1-x-content--visible vtex-disclosure-layout-1-x-content--description-and-specification--visible"" id=""id-q6svuq"">
<div class=""vtex-store-components-3-x-productDescriptionContainer"">
<div class=""vtex-store-components-3-x-productDescriptionText c-muted-1"">
<div class=""vtex-flex-layout-0-x-flexColChild vtex-flex-layout-0-x-flexColChild--pdp__main-content-info pb2"">
<div class=""vtex-disclosure-layout-1-x-content vtex-disclosure-layout-1-x-content--description-and-specification vtex-disclosure-layout-1-x-content--visible vtex-disclosure-layout-1-x-content--description-and-specification--visible"" id=""id-88bu9d"">
<div class=""vtex-store-components-3-x-productDescriptionContainer"">
<div class=""vtex-store-components-3-x-productDescriptionText c-muted-1"">
<div class=""vtex-flex-layout-0-x-flexColChild vtex-flex-layout-0-x-flexColChild--pdp__main-content-info pb2"">
<div class=""vtex-disclosure-layout-1-x-content vtex-disclosure-layout-1-x-content--description-and-specification vtex-disclosure-layout-1-x-content--visible vtex-disclosure-layout-1-x-content--description-and-specification--visible"" id=""id-88eldj"">
<div class=""vtex-store-components-3-x-productDescriptionContainer"">
<div class=""vtex-store-components-3-x-productDescriptionText c-muted-1"">
<p>O Mocassim Easy Smith Ultra Light 252 é confeccionado em <span>couro na cor Azul Jeans</span>. Possui recorte em couro marrom no calcanhar, parte frontal costurada a mão, bico arredondado. <span>Sua sola de EVA somada a palmilha de P.U. proporcionam uma alta maciez, conforto e uma leveza completa.</span></p>
<p><br>O Democrata Ultra Light é <span>leve, macio, flexível</span>, versátil e cool. Um tênis casual em várias opções de cores para combinar com os seus looks e deixar a</p>
</div>
</div>
</div>
</div>
</div>
</div>
</div>
</div>
</div>
</div>
</div>
</div>
</div>
</div>
</div>
</div>","Tema Conversão","","","","true","Tamanho do calçado","37","","","","","","0","","","deny","manual","75.00","250.00","TRUE","TRUE","","https://cdn.shopify.com/s/files/1/0721/1168/5771/files/167811-1600-1600.jpg?v=1766929944","1","https://cdn.shopify.com/s/files/1/0721/1168/5771/files/167811-1600-1600.jpg?v=1766929944","","active"
"mocassim-easy-smith-ultra-light-252-azul-jeans","","","","","","","","","38","","","","","","0","","","deny","manual","75.00","250.00","TRUE","TRUE","","https://cdn.shopify.com/s/files/1/0721/1168/5771/files/167812-1600-1600.jpg?v=1766929944","2","https://cdn.shopify.com/s/files/1/0721/1168/5771/files/167811-1600-1600.jpg?v=1766929944","",""
"mocassim-easy-smith-ultra-light-252-azul-jeans","","","","","","","","","39","","","","","","0","","","deny","manual","75.00","250.00","TRUE","TRUE","","https://cdn.shopify.com/s/files/1/0721/1168/5771/files/167813-1600-1600.jpg?v=1766929944","3","https://cdn.shopify.com/s/files/1/0721/1168/5771/files/167811-1600-1600.jpg?v=1766929944","",""
"mocassim-easy-smith-ultra-light-252-azul-jeans","","","","","","","","","40","","","","","","0","","","deny","manual","75.00","250.00","TRUE","TRUE","","https://cdn.shopify.com/s/files/1/0721/1168/5771/files/167814-1600-1600.jpg?v=1766929944","4","https://cdn.shopify.com/s/files/1/0721/1168/5771/files/167811-1600-1600.jpg?v=1766929944","",""
"mocassim-easy-smith-ultra-light-252-azul-jeans","","","","","","","","","41","","","","","","0","","","deny","manual","75.00","250.00","TRUE","TRUE","","https://cdn.shopify.com/s/files/1/0721/1168/5771/files/167815-1600-1600.jpg?v=1766929944","5","https://cdn.shopify.com/s/files/1/0721/1168/5771/files/167811-1600-1600.jpg?v=1766929944","",""
"mocassim-easy-smith-ultra-light-252-azul-jeans","","","","","","","","","42","","","","","","0","","","deny","manual","75.00","250.00","TRUE","TRUE","","","","https://cdn.shopify.com/s/files/1/0721/1168/5771/files/167811-1600-1600.jpg?v=1766929944","",""
"mocassim-easy-smith-ultra-light-252-azul-jeans","","","","","","","","","43","","","","","","0","","","deny","manual","75.00","250.00","TRUE","TRUE","","","","https://cdn.shopify.com/s/files/1/0721/1168/5771/files/167811-1600-1600.jpg?v=1766929944","",""
"mocassim-easy-smith-ultra-light-252-azul-jeans","","","","","","","","","44","","","","","","0","","","deny","manual","75.00","250.00","TRUE","TRUE","","","","https://cdn.shopify.com/s/files/1/0721/1168/5771/files/167811-1600-1600.jpg?v=1766929944","",""
"mocassim-easy-malta-azul","Mocassim Easy Malta Azul","<p>O <a href=""https://www.democrata.com.br/calcados/mocassins"">Mocassim</a> Easy Malta é confeccionado em <span>couro na cor azul</span>. Frente do cabedal costurada a mão. Também possuíl solado em borracha bicolor, na cor preta e bege, blaqueada, palmilha macia fixa e bico arredondado.</p>
<p>Elegantes, modernos e confortáveis, os modelos da linha Metropolitan estão associados à composição de visual impecável – sóbrio e formal – do homem de gosto apurado. É o calçado ideal para eventos que exijam Dress Code formal - ele deixará seu look ainda mais elegante e sofisticado.</p>","Tema Conversão","","","","true","Tamanho do calçado","37","","","","","","0","","","deny","manual","108.00","180.00","TRUE","TRUE","","https://cdn.shopify.com/s/files/1/0721/1168/5771/files/170333-1600-1600.jpg?v=1766929969","1","https://cdn.shopify.com/s/files/1/0721/1168/5771/files/170333-1600-1600.jpg?v=1766929969","","active"
"mocassim-easy-malta-azul","","","","","","","","","38","","","","","","0","","","deny","manual","108.00","180.00","TRUE","TRUE","","https://cdn.shopify.com/s/files/1/0721/1168/5771/files/170334-1600-1600.jpg?v=1766929969","2","https://cdn.shopify.com/s/files/1/0721/1168/5771/files/170333-1600-1600.jpg?v=1766929969","",""
"mocassim-easy-malta-azul","","","","","","","","","39","","","","","","0","","","deny","manual","108.00","180.00","TRUE","TRUE","","https://cdn.shopify.com/s/files/1/0721/1168/5771/files/170335-1600-1600.jpg?v=1766929969","3","https://cdn.shopify.com/s/files/1/0721/1168/5771/files/170333-1600-1600.jpg?v=1766929969","",""
"mocassim-easy-malta-azul","","","","","","","","","40","","","","","","0","","","deny","manual","108.00","180.00","TRUE","TRUE","","https://cdn.shopify.com/s/files/1/0721/1168/5771/files/170336-1600-1600.jpg?v=1766929969","4","https://cdn.shopify.com/s/files/1/0721/1168/5771/files/170333-1600-1600.jpg?v=1766929969","",""
"mocassim-easy-malta-azul","","","","","","","","","41","","","","","","0","","","deny","manual","108.00","180.00","TRUE","TRUE","","","","https://cdn.shopify.com/s/files/1/0721/1168/5771/files/170333-1600-1600.jpg?v=1766929969","",""
"mocassim-easy-malta-azul","","","","","","","","","42","","","","","","0","","","deny","manual","108.00","180.00","TRUE","TRUE","","","","https://cdn.shopify.com/s/files/1/0721/1168/5771/files/170333-1600-1600.jpg?v=1766929969","",""
"mocassim-easy-malta-azul","","","","","","","","","43","","","","","","0","","","deny","manual","108.00","180.00","TRUE","TRUE","","","","https://cdn.shopify.com/s/files/1/0721/1168/5771/files/170333-1600-1600.jpg?v=1766929969","",""
"mocassim-easy-malta-azul","","","","","","","","","44","","","","","","0","","","deny","manual","108.00","180.00","TRUE","TRUE","","","","https://cdn.shopify.com/s/files/1/0721/1168/5771/files/170333-1600-1600.jpg?v=1766929969","",""
"mocassim-easy-flow-marrom","Mocassim Easy Flow Marrom","<div class=""vtex-flex-layout-0-x-flexColChild vtex-flex-layout-0-x-flexColChild--pdp__main-content-info pb2"">
<div id=""id-0bq9rk"" class=""vtex-disclosure-layout-1-x-content vtex-disclosure-layout-1-x-content--description-and-specification vtex-disclosure-layout-1-x-content--visible vtex-disclosure-layout-1-x-content--description-and-specification--visible"">
<div class=""vtex-store-components-3-x-productDescriptionContainer"">
<div class=""vtex-store-components-3-x-productDescriptionText c-muted-1"">
<div class=""vtex-flex-layout-0-x-flexColChild vtex-flex-layout-0-x-flexColChild--pdp__main-content-info pb2"">
<div id=""id-q6svuq"" class=""vtex-disclosure-layout-1-x-content vtex-disclosure-layout-1-x-content--description-and-specification vtex-disclosure-layout-1-x-content--visible vtex-disclosure-layout-1-x-content--description-and-specification--visible"">
<div class=""vtex-store-components-3-x-productDescriptionContainer"">
<div class=""vtex-store-components-3-x-productDescriptionText c-muted-1"">
<div class=""vtex-flex-layout-0-x-flexColChild vtex-flex-layout-0-x-flexColChild--pdp__main-content-info pb2"">
<div id=""id-88bu9d"" class=""vtex-disclosure-layout-1-x-content vtex-disclosure-layout-1-x-content--description-and-specification vtex-disclosure-layout-1-x-content--visible vtex-disclosure-layout-1-x-content--description-and-specification--visible"">
<div class=""vtex-store-components-3-x-productDescriptionContainer"">
<div class=""vtex-store-components-3-x-productDescriptionText c-muted-1"">
<div class=""vtex-flex-layout-0-x-flexColChild vtex-flex-layout-0-x-flexColChild--pdp__main-content-info pb2"">
<div id=""id-88eldj"" class=""vtex-disclosure-layout-1-x-content vtex-disclosure-layout-1-x-content--description-and-specification vtex-disclosure-layout-1-x-content--visible vtex-disclosure-layout-1-x-content--description-and-specification--visible"">
<div class=""vtex-store-components-3-x-productDescriptionContainer"">
<div class=""vtex-store-components-3-x-productDescriptionText c-muted-1"">
<p class=""MsoNormal"">O Mocassim de Couro Marrom Denim Flow é um produto casual e confortável.</p>
<p class=""MsoNormal"">O Mocassim Denim Flow é confeccionado em couro na cor marrom. Possui detalhe em perfuros nas laterais do cabedal, palmilha feita de Fibra, bico arredondado e o solado composto de Micro Expandido.</p>
<p class=""MsoNormal"">A Conceito Denim - liberdade para transitar de uma reunião de trabalho para um happy hour e estar bem vestido. Contemporâneo, despojado, confortável e leve, perfeito para o uso no dia a dia.</p>
</div>
</div>
</div>
</div>
</div>
</div>
</div>
</div>
</div>
</div>
</div>
</div>
</div>
</div>
</div>
</div>","Tema Conversão","","","","true","Tamanho do calçado","37","","","","","","0","","","deny","manual","77.97","259.90","TRUE","TRUE","","https://cdn.shopify.com/s/files/1/0721/1168/5771/files/170428-1600-1600.jpg?v=1766929893","1","https://cdn.shopify.com/s/files/1/0721/1168/5771/files/170428-1600-1600.jpg?v=1766929893","","active"
"mocassim-easy-flow-marrom","","","","","","","","","38","","","","","","0","","","deny","manual","77.97","259.90","TRUE","TRUE","","https://cdn.shopify.com/s/files/1/0721/1168/5771/files/170429-1600-1600.jpg?v=1766929879","2","https://cdn.shopify.com/s/files/1/0721/1168/5771/files/170428-1600-1600.jpg?v=1766929893","",""
"mocassim-easy-flow-marrom","","","","","","","","","39","","","","","","0","","","deny","manual","77.97","259.90","TRUE","TRUE","","https://cdn.shopify.com/s/files/1/0721/1168/5771/files/170430-1600-1600.jpg?v=1766929879","3","https://cdn.shopify.com/s/files/1/0721/1168/5771/files/170428-1600-1600.jpg?v=1766929893","",""
"mocassim-easy-flow-marrom","","","","","","","","","40","","","","","","0","","","deny","manual","77.97","259.90","TRUE","TRUE","","https://cdn.shopify.com/s/files/1/0721/1168/5771/files/170431-1600-1600.jpg?v=1766929882","4","https://cdn.shopify.com/s/files/1/0721/1168/5771/files/170428-1600-1600.jpg?v=1766929893","",""
"mocassim-easy-flow-marrom","","","","","","","","","41","","","","","","0","","","deny","manual","77.97","259.90","TRUE","TRUE","","","","https://cdn.shopify.com/s/files/1/0721/1168/5771/files/170428-1600-1600.jpg?v=1766929893","",""
"mocassim-easy-flow-marrom","","","","","","","","","42","","","","","","0","","","deny","manual","77.97","259.90","TRUE","TRUE","","","","https://cdn.shopify.com/s/files/1/0721/1168/5771/files/170428-1600-1600.jpg?v=1766929893","",""
"mocassim-easy-flow-marrom","","","","","","","","","43","","","","","","0","","","deny","manual","77.97","259.90","TRUE","TRUE","","","","https://cdn.shopify.com/s/files/1/0721/1168/5771/files/170428-1600-1600.jpg?v=1766929893","",""
"mocassim-easy-flow-marrom","","","","","","","","","44","","","","","","0","","","deny","manual","77.97","259.90","TRUE","TRUE","","","","https://cdn.shopify.com/s/files/1/0721/1168/5771/files/170428-1600-1600.jpg?v=1766929893","",""
"mocassim-easy-angra-space","Mocassim Easy Angra Space","<div class=""vtex-flex-layout-0-x-flexColChild vtex-flex-layout-0-x-flexColChild--pdp__main-content-info pb2"">
<div class=""vtex-disclosure-layout-1-x-content vtex-disclosure-layout-1-x-content--description-and-specification vtex-disclosure-layout-1-x-content--visible vtex-disclosure-layout-1-x-content--description-and-specification--visible"" id=""id-0bq9rk"">
<div class=""vtex-store-components-3-x-productDescriptionContainer"">
<div class=""vtex-store-components-3-x-productDescriptionText c-muted-1"">
<div class=""vtex-flex-layout-0-x-flexColChild vtex-flex-layout-0-x-flexColChild--pdp__main-content-info pb2"">
<div class=""vtex-disclosure-layout-1-x-content vtex-disclosure-layout-1-x-content--description-and-specification vtex-disclosure-layout-1-x-content--visible vtex-disclosure-layout-1-x-content--description-and-specification--visible"" id=""id-q6svuq"">
<div class=""vtex-store-components-3-x-productDescriptionContainer"">
<div class=""vtex-store-components-3-x-productDescriptionText c-muted-1"">
<div class=""vtex-flex-layout-0-x-flexColChild vtex-flex-layout-0-x-flexColChild--pdp__main-content-info pb2"">
<div class=""vtex-disclosure-layout-1-x-content vtex-disclosure-layout-1-x-content--description-and-specification vtex-disclosure-layout-1-x-content--visible vtex-disclosure-layout-1-x-content--description-and-specification--visible"" id=""id-88bu9d"">
<div class=""vtex-store-components-3-x-productDescriptionContainer"">
<div class=""vtex-store-components-3-x-productDescriptionText c-muted-1"">
<div class=""vtex-flex-layout-0-x-flexColChild vtex-flex-layout-0-x-flexColChild--pdp__main-content-info pb2"">
<div class=""vtex-disclosure-layout-1-x-content vtex-disclosure-layout-1-x-content--description-and-specification vtex-disclosure-layout-1-x-content--visible vtex-disclosure-layout-1-x-content--description-and-specification--visible"" id=""id-88eldj"">
<div class=""vtex-store-components-3-x-productDescriptionContainer"">
<div class=""vtex-store-components-3-x-productDescriptionText c-muted-1"">
<p>O <a href=""https://www.democrata.com.br/calcados/mocassins?O=OrderByReleaseDateDESC"">Mocassim</a> de Couro Easy Space da Linha Angra é perfeito para o uso diário devido a sua leveza.</p>
<p>Ele possui frente do cabedal costurado a mão com recorte na parte superior,  forro de tecido e solado de borracha preto e bico arrendodado. Também conta com <span>palmilha macia</span> de p.u também com forro de tecido e detalhe em couro marrom.</p>
</div>
</div>
</div>
</div>
</div>
</div>
</div>
</div>
</div>
</div>
</div>
</div>
</div>
</div>
</div>
</div>","Tema Conversão","","","","true","Tamanho do calçado","37","","","","","","0","","","deny","manual","86.97","289.90","TRUE","TRUE","","https://cdn.shopify.com/s/files/1/0721/1168/5771/files/169331-1600-1600.jpg?v=1766929872","1","https://cdn.shopify.com/s/files/1/0721/1168/5771/files/169331-1600-1600.jpg?v=1766929872","","active"
"mocassim-easy-angra-space","","","","","","","","","38","","","","","","0","","","deny","manual","86.97","289.90","TRUE","TRUE","","https://cdn.shopify.com/s/files/1/0721/1168/5771/files/169332-1600-1600.jpg?v=1766929870","2","https://cdn.shopify.com/s/files/1/0721/1168/5771/files/169331-1600-1600.jpg?v=1766929872","",""
"mocassim-easy-angra-space","","","","","","","","","39","","","","","","0","","","deny","manual","86.97","289.90","TRUE","TRUE","","https://cdn.shopify.com/s/files/1/0721/1168/5771/files/169333-1600-1600.jpg?v=1766929873","3","https://cdn.shopify.com/s/files/1/0721/1168/5771/files/169331-1600-1600.jpg?v=1766929872","",""
"mocassim-easy-angra-space","","","","","","","","","40","","","","","","0","","","deny","manual","86.97","289.90","TRUE","TRUE","","https://cdn.shopify.com/s/files/1/0721/1168/5771/files/169334-1600-1600.jpg?v=1766929872","4","https://cdn.shopify.com/s/files/1/0721/1168/5771/files/169331-1600-1600.jpg?v=1766929872","",""
"mocassim-easy-angra-space","","","","","","","","","41","","","","","","0","","","deny","manual","86.97","289.90","TRUE","TRUE","","","","https://cdn.shopify.com/s/files/1/0721/1168/5771/files/169331-1600-1600.jpg?v=1766929872","",""
"mocassim-easy-angra-space","","","","","","","","","42","","","","","","0","","","deny","manual","86.97","289.90","TRUE","TRUE","","","","https://cdn.shopify.com/s/files/1/0721/1168/5771/files/169331-1600-1600.jpg?v=1766929872","",""
"mocassim-easy-angra-space","","","","","","","","","43","","","","","","0","","","deny","manual","86.97","289.90","TRUE","TRUE","","","","https://cdn.shopify.com/s/files/1/0721/1168/5771/files/169331-1600-1600.jpg?v=1766929872","",""
"mocassim-easy-angra-space","","","","","","","","","44","","","","","","0","","","deny","manual","86.97","289.90","TRUE","TRUE","","","","https://cdn.shopify.com/s/files/1/0721/1168/5771/files/169331-1600-1600.jpg?v=1766929872","",""
"mocassim-denim-tag-tan","Mocassim Denim Tag Tan","<div class=""vtex-flex-layout-0-x-flexColChild vtex-flex-layout-0-x-flexColChild--pdp__main-content-info pb2"">
<div id=""id-0bq9rk"" class=""vtex-disclosure-layout-1-x-content vtex-disclosure-layout-1-x-content--description-and-specification vtex-disclosure-layout-1-x-content--visible vtex-disclosure-layout-1-x-content--description-and-specification--visible"">
<div class=""vtex-store-components-3-x-productDescriptionContainer"">
<div class=""vtex-store-components-3-x-productDescriptionText c-muted-1"">
<div class=""vtex-flex-layout-0-x-flexColChild vtex-flex-layout-0-x-flexColChild--pdp__main-content-info pb2"">
<div id=""id-q6svuq"" class=""vtex-disclosure-layout-1-x-content vtex-disclosure-layout-1-x-content--description-and-specification vtex-disclosure-layout-1-x-content--visible vtex-disclosure-layout-1-x-content--description-and-specification--visible"">
<div class=""vtex-store-components-3-x-productDescriptionContainer"">
<div class=""vtex-store-components-3-x-productDescriptionText c-muted-1"">
<div class=""vtex-flex-layout-0-x-flexColChild vtex-flex-layout-0-x-flexColChild--pdp__main-content-info pb2"">
<div id=""id-88bu9d"" class=""vtex-disclosure-layout-1-x-content vtex-disclosure-layout-1-x-content--description-and-specification vtex-disclosure-layout-1-x-content--visible vtex-disclosure-layout-1-x-content--description-and-specification--visible"">
<div class=""vtex-store-components-3-x-productDescriptionContainer"">
<div class=""vtex-store-components-3-x-productDescriptionText c-muted-1"">
<div class=""vtex-flex-layout-0-x-flexColChild vtex-flex-layout-0-x-flexColChild--pdp__main-content-info pb2"">
<div id=""id-88eldj"" class=""vtex-disclosure-layout-1-x-content vtex-disclosure-layout-1-x-content--description-and-specification vtex-disclosure-layout-1-x-content--visible vtex-disclosure-layout-1-x-content--description-and-specification--visible"">
<div class=""vtex-store-components-3-x-productDescriptionContainer"">
<div class=""vtex-store-components-3-x-productDescriptionText c-muted-1"">
<p>O Mocassim de<b><span> </span>Couro<span> </span></b>Denim Preto da Linha Tag é perfeito para o uso diário devido a sua<span> </span><b>leveza</b>.</p>
<p>Ele possui frente do cabedal<span> </span><b>costurado a mão</b>, solado de<span> </span><b>borracha</b><span> </span>com uma pequena faixa na cor tamarindo/ocre e bico arredondado. Também conta com<span> </span><strong>palmilha macia</strong><span> </span>e detalhe em metal com o logo da marca.</p>
<p><b>Linha Denim:</b><span> </span>Calçados contemporâneos, despojados, confortáveis e leves.</p>
</div>
</div>
</div>
</div>
</div>
</div>
</div>
</div>
</div>
</div>
</div>
</div>
</div>
</div>
</div>
</div>","Tema Conversão","","","","true","Tamanho do calçado","37","","","","","","0","","","deny","manual","74.97","249.90","TRUE","TRUE","","https://cdn.shopify.com/s/files/1/0721/1168/5771/files/164115-1600-1600.jpg?v=1766929871","1","https://cdn.shopify.com/s/files/1/0721/1168/5771/files/164115-1600-1600.jpg?v=1766929871","","active"
"mocassim-denim-tag-tan","","","","","","","","","38","","","","","","0","","","deny","manual","74.97","249.90","TRUE","TRUE","","https://cdn.shopify.com/s/files/1/0721/1168/5771/files/164116-1600-1600.jpg?v=1766929872","2","https://cdn.shopify.com/s/files/1/0721/1168/5771/files/164115-1600-1600.jpg?v=1766929871","",""
"mocassim-denim-tag-tan","","","","","","","","","39","","","","","","0","","","deny","manual","74.97","249.90","TRUE","TRUE","","https://cdn.shopify.com/s/files/1/0721/1168/5771/files/164117-1600-1600.jpg?v=1766929878","3","https://cdn.shopify.com/s/files/1/0721/1168/5771/files/164115-1600-1600.jpg?v=1766929871","",""
"mocassim-denim-tag-tan","","","","","","","","","40","","","","","","0","","","deny","manual","74.97","249.90","TRUE","TRUE","","https://cdn.shopify.com/s/files/1/0721/1168/5771/files/164118-1600-1600.jpg?v=1766929877","4","https://cdn.shopify.com/s/files/1/0721/1168/5771/files/164115-1600-1600.jpg?v=1766929871","",""
"mocassim-denim-tag-tan","","","","","","","","","41","","","","","","0","","","deny","manual","74.97","249.90","TRUE","TRUE","","","","https://cdn.shopify.com/s/files/1/0721/1168/5771/files/164115-1600-1600.jpg?v=1766929871","",""
"mocassim-denim-tag-tan","","","","","","","","","42","","","","","","0","","","deny","manual","74.97","249.90","TRUE","TRUE","","","","https://cdn.shopify.com/s/files/1/0721/1168/5771/files/164115-1600-1600.jpg?v=1766929871","",""
"mocassim-denim-tag-tan","","","","","","","","","43","","","","","","0","","","deny","manual","74.97","249.90","TRUE","TRUE","","","","https://cdn.shopify.com/s/files/1/0721/1168/5771/files/164115-1600-1600.jpg?v=1766929871","",""
"mocassim-denim-tag-tan","","","","","","","","","44","","","","","","0","","","deny","manual","74.97","249.90","TRUE","TRUE","","","","https://cdn.shopify.com/s/files/1/0721/1168/5771/files/164115-1600-1600.jpg?v=1766929871","",""
"mocassim-denim-tag-preto","Mocassim Denim Tag Preto","<div class=""vtex-flex-layout-0-x-flexColChild vtex-flex-layout-0-x-flexColChild--pdp__main-content-info pb2"">
<div id=""id-0bq9rk"" class=""vtex-disclosure-layout-1-x-content vtex-disclosure-layout-1-x-content--description-and-specification vtex-disclosure-layout-1-x-content--visible vtex-disclosure-layout-1-x-content--description-and-specification--visible"">
<div class=""vtex-store-components-3-x-productDescriptionContainer"">
<div class=""vtex-store-components-3-x-productDescriptionText c-muted-1"">
<div class=""vtex-flex-layout-0-x-flexColChild vtex-flex-layout-0-x-flexColChild--pdp__main-content-info pb2"">
<div id=""id-q6svuq"" class=""vtex-disclosure-layout-1-x-content vtex-disclosure-layout-1-x-content--description-and-specification vtex-disclosure-layout-1-x-content--visible vtex-disclosure-layout-1-x-content--description-and-specification--visible"">
<div class=""vtex-store-components-3-x-productDescriptionContainer"">
<div class=""vtex-store-components-3-x-productDescriptionText c-muted-1"">
<div class=""vtex-flex-layout-0-x-flexColChild vtex-flex-layout-0-x-flexColChild--pdp__main-content-info pb2"">
<div id=""id-88bu9d"" class=""vtex-disclosure-layout-1-x-content vtex-disclosure-layout-1-x-content--description-and-specification vtex-disclosure-layout-1-x-content--visible vtex-disclosure-layout-1-x-content--description-and-specification--visible"">
<div class=""vtex-store-components-3-x-productDescriptionContainer"">
<div class=""vtex-store-components-3-x-productDescriptionText c-muted-1"">
<div class=""vtex-flex-layout-0-x-flexColChild vtex-flex-layout-0-x-flexColChild--pdp__main-content-info pb2"">
<div id=""id-88eldj"" class=""vtex-disclosure-layout-1-x-content vtex-disclosure-layout-1-x-content--description-and-specification vtex-disclosure-layout-1-x-content--visible vtex-disclosure-layout-1-x-content--description-and-specification--visible"">
<div class=""vtex-store-components-3-x-productDescriptionContainer"">
<div class=""vtex-store-components-3-x-productDescriptionText c-muted-1"">
<p>O Mocassim de<b><span> </span>Couro<span> </span></b>Denim Preto da Linha Tag é perfeito para o uso diário devido a sua<span> </span><b>leveza</b>.</p>
<p>Ele possui frente do cabedal<span> </span><b>costurado a mão</b>, solado de<span> </span><b>borracha</b><span> </span>com uma pequena faixa na cor tamarindo/ocre e bico arredondado. Também conta com<span> </span><strong>palmilha macia</strong><span> </span>e detalhe em metal com o logo da marca.</p>
<p><b>Linha Denim:</b><span> </span>Calçados contemporâneos, despojados, confortáveis e leves.</p>
</div>
</div>
</div>
</div>
</div>
</div>
</div>
</div>
</div>
</div>
</div>
</div>
</div>
</div>
</div>
</div>","Tema Conversão","","","","true","Tamanho do calçado","37","","","","","","0","","","deny","manual","74.97","249.90","TRUE","TRUE","","https://cdn.shopify.com/s/files/1/0721/1168/5771/files/164110-1600-1600.jpg?v=1766929878","1","https://cdn.shopify.com/s/files/1/0721/1168/5771/files/164110-1600-1600.jpg?v=1766929878","","active"
"mocassim-denim-tag-preto","","","","","","","","","38","","","","","","0","","","deny","manual","74.97","249.90","TRUE","TRUE","","https://cdn.shopify.com/s/files/1/0721/1168/5771/files/164111-1600-1600.jpg?v=1766929875","2","https://cdn.shopify.com/s/files/1/0721/1168/5771/files/164110-1600-1600.jpg?v=1766929878","",""
"mocassim-denim-tag-preto","","","","","","","","","39","","","","","","0","","","deny","manual","74.97","249.90","TRUE","TRUE","","https://cdn.shopify.com/s/files/1/0721/1168/5771/files/164112-1600-1600.jpg?v=1766929875","3","https://cdn.shopify.com/s/files/1/0721/1168/5771/files/164110-1600-1600.jpg?v=1766929878","",""
"mocassim-denim-tag-preto","","","","","","","","","40","","","","","","0","","","deny","manual","74.97","249.90","TRUE","TRUE","","https://cdn.shopify.com/s/files/1/0721/1168/5771/files/164114-1600-1600.jpg?v=1766929873","4","https://cdn.shopify.com/s/files/1/0721/1168/5771/files/164110-1600-1600.jpg?v=1766929878","",""
"mocassim-denim-tag-preto","","","","","","","","","41","","","","","","0","","","deny","manual","74.97","249.90","TRUE","TRUE","","","","https://cdn.shopify.com/s/files/1/0721/1168/5771/files/164110-1600-1600.jpg?v=1766929878","",""
"mocassim-denim-tag-preto","","","","","","","","","42","","","","","","0","","","deny","manual","74.97","249.90","TRUE","TRUE","","","","https://cdn.shopify.com/s/files/1/0721/1168/5771/files/164110-1600-1600.jpg?v=1766929878","",""
"mocassim-denim-tag-preto","","","","","","","","","43","","","","","","0","","","deny","manual","74.97","249.90","TRUE","TRUE","","","","https://cdn.shopify.com/s/files/1/0721/1168/5771/files/164110-1600-1600.jpg?v=1766929878","",""
"mocassim-denim-tag-preto","","","","","","","","","44","","","","","","0","","","deny","manual","74.97","249.90","TRUE","TRUE","","","","https://cdn.shopify.com/s/files/1/0721/1168/5771/files/164110-1600-1600.jpg?v=1766929878","",""
"mocassim-denim-flow-navy-marrom","Mocassim Denim Flow Navy/Marrom","<div class=""vtex-flex-layout-0-x-flexColChild vtex-flex-layout-0-x-flexColChild--pdp__main-content-info pb2"">
<div id=""id-0bq9rk"" class=""vtex-disclosure-layout-1-x-content vtex-disclosure-layout-1-x-content--description-and-specification vtex-disclosure-layout-1-x-content--visible vtex-disclosure-layout-1-x-content--description-and-specification--visible"">
<div class=""vtex-store-components-3-x-productDescriptionContainer"">
<div class=""vtex-store-components-3-x-productDescriptionText c-muted-1"">
<div class=""vtex-flex-layout-0-x-flexColChild vtex-flex-layout-0-x-flexColChild--pdp__main-content-info pb2"">
<div id=""id-q6svuq"" class=""vtex-disclosure-layout-1-x-content vtex-disclosure-layout-1-x-content--description-and-specification vtex-disclosure-layout-1-x-content--visible vtex-disclosure-layout-1-x-content--description-and-specification--visible"">
<div class=""vtex-store-components-3-x-productDescriptionContainer"">
<div class=""vtex-store-components-3-x-productDescriptionText c-muted-1"">
<div class=""vtex-flex-layout-0-x-flexColChild vtex-flex-layout-0-x-flexColChild--pdp__main-content-info pb2"">
<div id=""id-88bu9d"" class=""vtex-disclosure-layout-1-x-content vtex-disclosure-layout-1-x-content--description-and-specification vtex-disclosure-layout-1-x-content--visible vtex-disclosure-layout-1-x-content--description-and-specification--visible"">
<div class=""vtex-store-components-3-x-productDescriptionContainer"">
<div class=""vtex-store-components-3-x-productDescriptionText c-muted-1"">
<div class=""vtex-flex-layout-0-x-flexColChild vtex-flex-layout-0-x-flexColChild--pdp__main-content-info pb2"">
<div id=""id-88eldj"" class=""vtex-disclosure-layout-1-x-content vtex-disclosure-layout-1-x-content--description-and-specification vtex-disclosure-layout-1-x-content--visible vtex-disclosure-layout-1-x-content--description-and-specification--visible"">
<div class=""vtex-store-components-3-x-productDescriptionContainer"">
<div class=""vtex-store-components-3-x-productDescriptionText c-muted-1"">
<p class=""MsoNormal"">O Mocassim de Couro Marrom Denim Flow é um produto casual e confortável.</p>
<p class=""MsoNormal"">O Mocassim Denim Flow é confeccionado em couro na cor marrom. Possui detalhe em perfuros nas laterais do cabedal, palmilha feita de Fibra, bico arredondado e o solado composto de Micro Expandido.</p>
<p class=""MsoNormal"">A Conceito Denim - liberdade para transitar de uma reunião de trabalho para um happy hour e estar bem vestido. Contemporâneo, despojado, confortável e leve, perfeito para o uso no dia a dia.</p>
</div>
</div>
</div>
</div>
</div>
</div>
</div>
</div>
</div>
</div>
</div>
</div>
</div>
</div>
</div>
</div>","Tema Conversão","","","","true","Tamanho do calçado","37","","","","","","0","","","deny","manual","77.97","259.90","TRUE","TRUE","","https://cdn.shopify.com/s/files/1/0721/1168/5771/files/169133-1600-1600.jpg?v=1766929881","1","https://cdn.shopify.com/s/files/1/0721/1168/5771/files/169133-1600-1600.jpg?v=1766929881","","active"
"mocassim-denim-flow-navy-marrom","","","","","","","","","38","","","","","","0","","","deny","manual","77.97","259.90","TRUE","TRUE","","https://cdn.shopify.com/s/files/1/0721/1168/5771/files/169134-1600-1600.jpg?v=1766929878","2","https://cdn.shopify.com/s/files/1/0721/1168/5771/files/169133-1600-1600.jpg?v=1766929881","",""
"mocassim-denim-flow-navy-marrom","","","","","","","","","39","","","","","","0","","","deny","manual","77.97","259.90","TRUE","TRUE","","https://cdn.shopify.com/s/files/1/0721/1168/5771/files/169135-1600-1600.jpg?v=1766929878","3","https://cdn.shopify.com/s/files/1/0721/1168/5771/files/169133-1600-1600.jpg?v=1766929881","",""
"mocassim-denim-flow-navy-marrom","","","","","","","","","40","","","","","","0","","","deny","manual","77.97","259.90","TRUE","TRUE","","https://cdn.shopify.com/s/files/1/0721/1168/5771/files/169137-1600-1600.jpg?v=1766929879","4","https://cdn.shopify.com/s/files/1/0721/1168/5771/files/169133-1600-1600.jpg?v=1766929881","",""
"mocassim-denim-flow-navy-marrom","","","","","","","","","41","","","","","","0","","","deny","manual","77.97","259.90","TRUE","TRUE","","","","https://cdn.shopify.com/s/files/1/0721/1168/5771/files/169133-1600-1600.jpg?v=1766929881","",""
"mocassim-denim-flow-navy-marrom","","","","","","","","","42","","","","","","0","","","deny","manual","77.97","259.90","TRUE","TRUE","","","","https://cdn.shopify.com/s/files/1/0721/1168/5771/files/169133-1600-1600.jpg?v=1766929881","",""
"mocassim-denim-flow-navy-marrom","","","","","","","","","43","","","","","","0","","","deny","manual","77.97","259.90","TRUE","TRUE","","","","https://cdn.shopify.com/s/files/1/0721/1168/5771/files/169133-1600-1600.jpg?v=1766929881","",""
"mocassim-denim-flow-navy-marrom","","","","","","","","","44","","","","","","0","","","deny","manual","77.97","259.90","TRUE","TRUE","","","","https://cdn.shopify.com/s/files/1/0721/1168/5771/files/169133-1600-1600.jpg?v=1766929881","",""
"mocassim-denim-flow-conhaque-marrom","Mocassim Denim Flow Conhaque/Marrom","<div class=""vtex-flex-layout-0-x-flexColChild vtex-flex-layout-0-x-flexColChild--pdp__main-content-info pb2"">
<div id=""id-0bq9rk"" class=""vtex-disclosure-layout-1-x-content vtex-disclosure-layout-1-x-content--description-and-specification vtex-disclosure-layout-1-x-content--visible vtex-disclosure-layout-1-x-content--description-and-specification--visible"">
<div class=""vtex-store-components-3-x-productDescriptionContainer"">
<div class=""vtex-store-components-3-x-productDescriptionText c-muted-1"">
<div class=""vtex-flex-layout-0-x-flexColChild vtex-flex-layout-0-x-flexColChild--pdp__main-content-info pb2"">
<div id=""id-q6svuq"" class=""vtex-disclosure-layout-1-x-content vtex-disclosure-layout-1-x-content--description-and-specification vtex-disclosure-layout-1-x-content--visible vtex-disclosure-layout-1-x-content--description-and-specification--visible"">
<div class=""vtex-store-components-3-x-productDescriptionContainer"">
<div class=""vtex-store-components-3-x-productDescriptionText c-muted-1"">
<div class=""vtex-flex-layout-0-x-flexColChild vtex-flex-layout-0-x-flexColChild--pdp__main-content-info pb2"">
<div id=""id-88bu9d"" class=""vtex-disclosure-layout-1-x-content vtex-disclosure-layout-1-x-content--description-and-specification vtex-disclosure-layout-1-x-content--visible vtex-disclosure-layout-1-x-content--description-and-specification--visible"">
<div class=""vtex-store-components-3-x-productDescriptionContainer"">
<div class=""vtex-store-components-3-x-productDescriptionText c-muted-1"">
<div class=""vtex-flex-layout-0-x-flexColChild vtex-flex-layout-0-x-flexColChild--pdp__main-content-info pb2"">
<div id=""id-88eldj"" class=""vtex-disclosure-layout-1-x-content vtex-disclosure-layout-1-x-content--description-and-specification vtex-disclosure-layout-1-x-content--visible vtex-disclosure-layout-1-x-content--description-and-specification--visible"">
<div class=""vtex-store-components-3-x-productDescriptionContainer"">
<div class=""vtex-store-components-3-x-productDescriptionText c-muted-1"">
<p class=""MsoNormal"">O Mocassim de Couro Marrom Denim Flow é um produto casual e confortável.</p>
<p class=""MsoNormal"">O Mocassim Denim Flow é confeccionado em couro na cor marrom. Possui detalhe em perfuros nas laterais do cabedal, palmilha feita de Fibra, bico arredondado e o solado composto de Micro Expandido.</p>
<p class=""MsoNormal"">A Conceito Denim - liberdade para transitar de uma reunião de trabalho para um happy hour e estar bem vestido. Contemporâneo, despojado, confortável e leve, perfeito para o uso no dia a dia.</p>
</div>
</div>
</div>
</div>
</div>
</div>
</div>
</div>
</div>
</div>
</div>
</div>
</div>
</div>
</div>
</div>","Tema Conversão","","","","true","Tamanho do calçado","37","","","","","","0","","","deny","manual","77.97","259.90","TRUE","TRUE","","https://cdn.shopify.com/s/files/1/0721/1168/5771/files/167059-1600-1600.jpg?v=1766929892","1","https://cdn.shopify.com/s/files/1/0721/1168/5771/files/167059-1600-1600.jpg?v=1766929892","","active"
"mocassim-denim-flow-conhaque-marrom","","","","","","","","","38","","","","","","0","","","deny","manual","77.97","259.90","TRUE","TRUE","","https://cdn.shopify.com/s/files/1/0721/1168/5771/files/167060-1600-1600.jpg?v=1766929877","2","https://cdn.shopify.com/s/files/1/0721/1168/5771/files/167059-1600-1600.jpg?v=1766929892","",""
"mocassim-denim-flow-conhaque-marrom","","","","","","","","","39","","","","","","0","","","deny","manual","77.97","259.90","TRUE","TRUE","","https://cdn.shopify.com/s/files/1/0721/1168/5771/files/167061-1600-1600.jpg?v=1766929880","3","https://cdn.shopify.com/s/files/1/0721/1168/5771/files/167059-1600-1600.jpg?v=1766929892","",""
"mocassim-denim-flow-conhaque-marrom","","","","","","","","","40","","","","","","0","","","deny","manual","77.97","259.90","TRUE","TRUE","","https://cdn.shopify.com/s/files/1/0721/1168/5771/files/167062-1600-1600.jpg?v=1766929893","4","https://cdn.shopify.com/s/files/1/0721/1168/5771/files/167059-1600-1600.jpg?v=1766929892","",""
"mocassim-denim-flow-conhaque-marrom","","","","","","","","","41","","","","","","0","","","deny","manual","77.97","259.90","TRUE","TRUE","","","","https://cdn.shopify.com/s/files/1/0721/1168/5771/files/167059-1600-1600.jpg?v=1766929892","",""
"mocassim-denim-flow-conhaque-marrom","","","","","","","","","42","","","","","","0","","","deny","manual","77.97","259.90","TRUE","TRUE","","","","https://cdn.shopify.com/s/files/1/0721/1168/5771/files/167059-1600-1600.jpg?v=1766929892","",""
"mocassim-denim-flow-conhaque-marrom","","","","","","","","","43","","","","","","0","","","deny","manual","77.97","259.90","TRUE","TRUE","","","","https://cdn.shopify.com/s/files/1/0721/1168/5771/files/167059-1600-1600.jpg?v=1766929892","",""
"mocassim-denim-flow-conhaque-marrom","","","","","","","","","44","","","","","","0","","","deny","manual","77.97","259.90","TRUE","TRUE","","","","https://cdn.shopify.com/s/files/1/0721/1168/5771/files/167059-1600-1600.jpg?v=1766929892","",""
"meia-au-sport-preto-33-38","Meia Au Sport Preto 33/38","<p><span>Meia cano curto, na cor preta.</span><br><span>Composição = 67% algodão, 30% poliamida, 3% outra fibra.</span></p>","Tema Conversão","","","","true","Title","Default Title","","","","","","0","","","deny","manual","10.00","20.00","TRUE","TRUE","","https://cdn.shopify.com/s/files/1/0721/1168/5771/files/165091-1600-1600.jpg?v=1766929805","1","","","active"
"meia-au-sport-cinza-33-38","Meia Au Sport Cinza 33/38","<div class=""vtex-flex-layout-0-x-flexColChild vtex-flex-layout-0-x-flexColChild--pdp__main-content-info pb2"">
<div id=""id-qj97b3"" class=""vtex-disclosure-layout-1-x-content vtex-disclosure-layout-1-x-content--description-and-specification vtex-disclosure-layout-1-x-content--visible vtex-disclosure-layout-1-x-content--description-and-specification--visible"">
<div class=""vtex-store-components-3-x-productDescriptionContainer"">
<div class=""vtex-store-components-3-x-productDescriptionText c-muted-1""><span>Meia cano curto, na cor cinza.<br>Composição = 67% algodão, 30% poliamida, 3% outra fibra.</span></div>
</div>
</div>
</div>
<div class=""vtex-flex-layout-0-x-flexColChild vtex-flex-layout-0-x-flexColChild--pdp__main-content-info pb0"">
<div class=""vtex-store-components-3-x-shareContainer db"">
<div class=""vtex-store-components-3-x-shareLabel c-muted-2 t-small mb3"">Compartilhar</div>
</div>
</div>","Tema Conversão","","","","true","Title","Default Title","","","","","","0","","","deny","manual","10.00","20.00","TRUE","TRUE","","https://cdn.shopify.com/s/files/1/0721/1168/5771/files/165089-1600-1600.jpg?v=1766929812","1","","","active"
"meia-au-sport-branco-33-38","Meia Au Sport Branco 33/38","<p><span>Meia cano curto, na cor branca.</span><br><span>Composição = 67% algodão, 30% poliamida, 3% outra fibra.</span></p>","Tema Conversão","","","","true","Title","Default Title","","","","","","0","","","deny","manual","10.00","20.00","TRUE","TRUE","","https://cdn.shopify.com/s/files/1/0721/1168/5771/files/165094-1600-1600.jpg?v=1766929807","1","","","active"
"meia-am-cinza-com-poa-colorido-34-38","Meia Am Cinza Com Poá Colorido 34/38","<p></p>","Tema Conversão","","","","true","Title","Default Title","","","","","","0","","","deny","manual","16.00","33.00","TRUE","TRUE","","https://cdn.shopify.com/s/files/1/0721/1168/5771/files/169095-1600-1600.jpg?v=1766929824","1","","","active"
"limpa-solados","Limpa Solados","<p><span>Nunca foi tão fácil deixar os solados dos seus calçados com aparência de novos, sejam elas brancas ou coloridas.</span><span></span></p>
<p><span>Produto exclusivo no mercado brasileiro, resolve um problema muito presente do dia a dia. Sua fórmula, com efeito imediato e instantâneo, é extremamente concentrada e eficaz, assegurando a limpeza sem causar danos ao material.</span><span></span></p>
<p><b><span>Como usar</span></b><span>: Aplique o produto a um pano levemente úmido e espalhe sobre toda a lateral do calçado. Deixe agir por alguns segundos e esfregue com um pano para remover a sujeira.</span><span></span></p>
<p><strong><span>Dicas:</span></strong><span> Em borrachas mais porosas, utilize o lado abrasivo de uma esponja para uma limpeza mais profunda, lembrando de nunca esfregar a parte superior do calçado. Use também para limpar outras borrachas.</span><span></span></p>
<p><span>Esse gel com alto rendimento é formulado com base água e tensoativo biodegradável. Efeito imediato em limpeza profunda.</span><span></span></p>
<p><span>Volume: 90 mL | Incolor.</span></p>","Tema Conversão","","","","true","Title","Default Title","","","","","","0","","","deny","manual","20.00","66.00","TRUE","TRUE","","https://cdn.shopify.com/s/files/1/0721/1168/5771/files/165109-1600-1600.jpg?v=1766929813","1","","","active"
"impermeabilizante-incolor","Impermeabilizante Incolor","<p><span>Protege os artigos de couro e tecidos em geral (couro liso, camurça, nobuck, tecidos, etc.) da ação de líquidos (café, refrigerantes, óleos, molhos, etc.) e  repele sujeiras, sem mudar suas características originais. Produto incolor, adequado para calçados de todas as cores.</span></p>","Tema Conversão","","","","true","Title","Default Title","","","","","","0","","","deny","manual","23.00","76.00","TRUE","TRUE","","https://cdn.shopify.com/s/files/1/0721/1168/5771/files/164462-1600-1600.jpg?v=1766929817","1","","","active"
"cinto-preto-largo-garage","Cinto Preto Largo Garage","<p><span>Linha Garage - Força, design, personalidade e conforto – principais atributos da linha criada para homens de vanguarda, que se distinguem e se destacam entre os demais. Rústicos e elegantes.</span><br></p>
<p><span><br>Cinto confeccionado em couro na cor preto. Fivela de metal e contém cinco furos para melhor ajuste. </span></p>
<p><span><br></span></p>
<p><span>Medida</span></p>
<p><span>Largura = 4cm.</span></p>","Tema Conversão","","","","true","Tamanho do acessório","80","","","","","","0","","","deny","manual","44.97","149.90","TRUE","TRUE","","https://cdn.shopify.com/s/files/1/0721/1168/5771/files/168846-1600-1600.jpg?v=1766929837","1","https://cdn.shopify.com/s/files/1/0721/1168/5771/files/168846-1600-1600.jpg?v=1766929837","","active"
"cinto-preto-largo-garage","","","","","","","","","85","","","","","","0","","","deny","manual","44.97","149.90","TRUE","TRUE","","https://cdn.shopify.com/s/files/1/0721/1168/5771/files/168847-1600-1600.jpg?v=1766929851","2","https://cdn.shopify.com/s/files/1/0721/1168/5771/files/168846-1600-1600.jpg?v=1766929837","",""
"cinto-preto-largo-garage","","","","","","","","","90","","","","","","0","","","deny","manual","44.97","149.90","TRUE","TRUE","","","","https://cdn.shopify.com/s/files/1/0721/1168/5771/files/168846-1600-1600.jpg?v=1766929837","",""
"cinto-preto-largo-garage","","","","","","","","","95","","","","","","0","","","deny","manual","44.97","149.90","TRUE","TRUE","","","","https://cdn.shopify.com/s/files/1/0721/1168/5771/files/168846-1600-1600.jpg?v=1766929837","",""
"cinto-preto-largo-garage","","","","","","","","","100","","","","","","0","","","deny","manual","44.97","149.90","TRUE","TRUE","","","","https://cdn.shopify.com/s/files/1/0721/1168/5771/files/168846-1600-1600.jpg?v=1766929837","",""
"cinto-preto-largo-garage","","","","","","","","","105","","","","","","0","","","deny","manual","44.97","149.90","TRUE","TRUE","","","","https://cdn.shopify.com/s/files/1/0721/1168/5771/files/168846-1600-1600.jpg?v=1766929837","",""
"cinto-preto-largo-garage","","","","","","","","","110","","","","","","0","","","deny","manual","44.97","149.90","TRUE","TRUE","","","","https://cdn.shopify.com/s/files/1/0721/1168/5771/files/168846-1600-1600.jpg?v=1766929837","",""
"cinto-preto-largo-garage","","","","","","","","","115","","","","","","0","","","deny","manual","44.97","149.90","TRUE","TRUE","","","","https://cdn.shopify.com/s/files/1/0721/1168/5771/files/168846-1600-1600.jpg?v=1766929837","",""
"cinto-preto-largo-garage","","","","","","","","","120","","","","","","0","","","deny","manual","44.97","149.90","TRUE","TRUE","","","","https://cdn.shopify.com/s/files/1/0721/1168/5771/files/168846-1600-1600.jpg?v=1766929837","",""
"cinto-preto-largo-garage","","","","","","","","","125","","","","","","0","","","deny","manual","44.97","149.90","TRUE","TRUE","","","","https://cdn.shopify.com/s/files/1/0721/1168/5771/files/168846-1600-1600.jpg?v=1766929837","",""
"cinto-metropolitan-preto","Cinto Metropolitan Preto","<p></p>","Tema Conversão","","","","true","Tamanho do acessório","80","","","","","","0","","","deny","manual","44.97","149.90","TRUE","TRUE","","https://cdn.shopify.com/s/files/1/0721/1168/5771/files/170517-1600-1600.jpg?v=1766929853","1","https://cdn.shopify.com/s/files/1/0721/1168/5771/files/170517-1600-1600.jpg?v=1766929853","","active"
"cinto-metropolitan-preto","","","","","","","","","85","","","","","","0","","","deny","manual","44.97","149.90","TRUE","TRUE","","https://cdn.shopify.com/s/files/1/0721/1168/5771/files/170518-1600-1600.jpg?v=1766929850","2","https://cdn.shopify.com/s/files/1/0721/1168/5771/files/170517-1600-1600.jpg?v=1766929853","",""
"cinto-metropolitan-preto","","","","","","","","","90","","","","","","0","","","deny","manual","44.97","149.90","TRUE","TRUE","","https://cdn.shopify.com/s/files/1/0721/1168/5771/files/170519-1600-1600.jpg?v=1766929852","3","https://cdn.shopify.com/s/files/1/0721/1168/5771/files/170517-1600-1600.jpg?v=1766929853","",""
"cinto-metropolitan-preto","","","","","","","","","95","","","","","","0","","","deny","manual","44.97","149.90","TRUE","TRUE","","","","https://cdn.shopify.com/s/files/1/0721/1168/5771/files/170517-1600-1600.jpg?v=1766929853","",""
"cinto-metropolitan-preto","","","","","","","","","100","","","","","","0","","","deny","manual","44.97","149.90","TRUE","TRUE","","","","https://cdn.shopify.com/s/files/1/0721/1168/5771/files/170517-1600-1600.jpg?v=1766929853","",""
"cinto-metropolitan-preto","","","","","","","","","105","","","","","","0","","","deny","manual","44.97","149.90","TRUE","TRUE","","","","https://cdn.shopify.com/s/files/1/0721/1168/5771/files/170517-1600-1600.jpg?v=1766929853","",""
"cinto-metropolitan-preto","","","","","","","","","110","","","","","","0","","","deny","manual","44.97","149.90","TRUE","TRUE","","","","https://cdn.shopify.com/s/files/1/0721/1168/5771/files/170517-1600-1600.jpg?v=1766929853","",""
"cinto-metropolitan-preto","","","","","","","","","115","","","","","","0","","","deny","manual","44.97","149.90","TRUE","TRUE","","","","https://cdn.shopify.com/s/files/1/0721/1168/5771/files/170517-1600-1600.jpg?v=1766929853","",""
"cinto-metropolitan-preto","","","","","","","","","120","","","","","","0","","","deny","manual","44.97","149.90","TRUE","TRUE","","","","https://cdn.shopify.com/s/files/1/0721/1168/5771/files/170517-1600-1600.jpg?v=1766929853","",""
"cinto-metropolitan-preto","","","","","","","","","125","","","","","","0","","","deny","manual","44.97","149.90","TRUE","TRUE","","","","https://cdn.shopify.com/s/files/1/0721/1168/5771/files/170517-1600-1600.jpg?v=1766929853","",""
"cinto-metropolitan-marrom","Cinto Metropolitan Marrom","<p></p>","Tema Conversão","","","","true","Tamanho do acessório","80","","","","","","0","","","deny","manual","44.97","149.90","TRUE","TRUE","","https://cdn.shopify.com/s/files/1/0721/1168/5771/files/170523-1600-1600.jpg?v=1766929854","1","https://cdn.shopify.com/s/files/1/0721/1168/5771/files/170523-1600-1600.jpg?v=1766929854","","active"
"cinto-metropolitan-marrom","","","","","","","","","85","","","","","","0","","","deny","manual","44.97","149.90","TRUE","TRUE","","https://cdn.shopify.com/s/files/1/0721/1168/5771/files/170524-1600-1600.jpg?v=1766929857","2","https://cdn.shopify.com/s/files/1/0721/1168/5771/files/170523-1600-1600.jpg?v=1766929854","",""
"cinto-metropolitan-marrom","","","","","","","","","90","","","","","","0","","","deny","manual","44.97","149.90","TRUE","TRUE","","https://cdn.shopify.com/s/files/1/0721/1168/5771/files/170525-1600-1600.jpg?v=1766929855","3","https://cdn.shopify.com/s/files/1/0721/1168/5771/files/170523-1600-1600.jpg?v=1766929854","",""
"cinto-metropolitan-marrom","","","","","","","","","95","","","","","","0","","","deny","manual","44.97","149.90","TRUE","TRUE","","","","https://cdn.shopify.com/s/files/1/0721/1168/5771/files/170523-1600-1600.jpg?v=1766929854","",""
"cinto-metropolitan-marrom","","","","","","","","","100","","","","","","0","","","deny","manual","44.97","149.90","TRUE","TRUE","","","","https://cdn.shopify.com/s/files/1/0721/1168/5771/files/170523-1600-1600.jpg?v=1766929854","",""
"cinto-metropolitan-marrom","","","","","","","","","105","","","","","","0","","","deny","manual","44.97","149.90","TRUE","TRUE","","","","https://cdn.shopify.com/s/files/1/0721/1168/5771/files/170523-1600-1600.jpg?v=1766929854","",""
"cinto-metropolitan-marrom","","","","","","","","","110","","","","","","0","","","deny","manual","44.97","149.90","TRUE","TRUE","","","","https://cdn.shopify.com/s/files/1/0721/1168/5771/files/170523-1600-1600.jpg?v=1766929854","",""
"cinto-metropolitan-marrom","","","","","","","","","115","","","","","","0","","","deny","manual","44.97","149.90","TRUE","TRUE","","","","https://cdn.shopify.com/s/files/1/0721/1168/5771/files/170523-1600-1600.jpg?v=1766929854","",""
"cinto-metropolitan-marrom","","","","","","","","","120","","","","","","0","","","deny","manual","44.97","149.90","TRUE","TRUE","","","","https://cdn.shopify.com/s/files/1/0721/1168/5771/files/170523-1600-1600.jpg?v=1766929854","",""
"cinto-metropolitan-marrom","","","","","","","","","125","","","","","","0","","","deny","manual","44.97","149.90","TRUE","TRUE","","","","https://cdn.shopify.com/s/files/1/0721/1168/5771/files/170523-1600-1600.jpg?v=1766929854","",""
"cinto-marrom-largo-garage","Cinto Marrom Largo Garage","<p><span>Linha Garage - Força, design, personalidade e conforto – principais atributos da linha criada para homens de vanguarda, que se distinguem e se destacam entre os demais. Rústicos e elegantes.</span><br></p>
<p><span><br>Cinto confeccionado em couro na cor marrom. Fivela de metal e contém cinco furos para melhor ajuste.</span></p>
<p><span><br></span></p>
<p> </p>
<p><span>Medida</span></p>
<p><span>L</span><span>argura = 4cm. </span></p>","Tema Conversão","","","","true","Tamanho do acessório","80","","","","","","0","","","deny","manual","44.97","149.90","TRUE","TRUE","","https://cdn.shopify.com/s/files/1/0721/1168/5771/files/168842-1600-1600.jpg?v=1766929847","1","https://cdn.shopify.com/s/files/1/0721/1168/5771/files/168842-1600-1600.jpg?v=1766929847","","active"
"cinto-marrom-largo-garage","","","","","","","","","85","","","","","","0","","","deny","manual","44.97","149.90","TRUE","TRUE","","https://cdn.shopify.com/s/files/1/0721/1168/5771/files/168843-1600-1600.jpg?v=1766929847","2","https://cdn.shopify.com/s/files/1/0721/1168/5771/files/168842-1600-1600.jpg?v=1766929847","",""
"cinto-marrom-largo-garage","","","","","","","","","90","","","","","","0","","","deny","manual","44.97","149.90","TRUE","TRUE","","https://cdn.shopify.com/s/files/1/0721/1168/5771/files/168844-1600-1600.jpg?v=1766929845","3","https://cdn.shopify.com/s/files/1/0721/1168/5771/files/168842-1600-1600.jpg?v=1766929847","",""
"cinto-marrom-largo-garage","","","","","","","","","95","","","","","","0","","","deny","manual","44.97","149.90","TRUE","TRUE","","","","https://cdn.shopify.com/s/files/1/0721/1168/5771/files/168842-1600-1600.jpg?v=1766929847","",""
"cinto-marrom-largo-garage","","","","","","","","","100","","","","","","0","","","deny","manual","44.97","149.90","TRUE","TRUE","","","","https://cdn.shopify.com/s/files/1/0721/1168/5771/files/168842-1600-1600.jpg?v=1766929847","",""
"cinto-marrom-largo-garage","","","","","","","","","105","","","","","","0","","","deny","manual","44.97","149.90","TRUE","TRUE","","","","https://cdn.shopify.com/s/files/1/0721/1168/5771/files/168842-1600-1600.jpg?v=1766929847","",""
"cinto-marrom-largo-garage","","","","","","","","","110","","","","","","0","","","deny","manual","44.97","149.90","TRUE","TRUE","","","","https://cdn.shopify.com/s/files/1/0721/1168/5771/files/168842-1600-1600.jpg?v=1766929847","",""
"cinto-marrom-largo-garage","","","","","","","","","115","","","","","","0","","","deny","manual","44.97","149.90","TRUE","TRUE","","","","https://cdn.shopify.com/s/files/1/0721/1168/5771/files/168842-1600-1600.jpg?v=1766929847","",""
"cinto-marrom-largo-garage","","","","","","","","","120","","","","","","0","","","deny","manual","44.97","149.90","TRUE","TRUE","","","","https://cdn.shopify.com/s/files/1/0721/1168/5771/files/168842-1600-1600.jpg?v=1766929847","",""
"cinto-marrom-largo-garage","","","","","","","","","125","","","","","","0","","","deny","manual","44.97","149.90","TRUE","TRUE","","","","https://cdn.shopify.com/s/files/1/0721/1168/5771/files/168842-1600-1600.jpg?v=1766929847","",""
"cinto-largo-metropolitan-preto","Cinto Largo Metropolitan Preto","<h5><span>Linha Metropolitan.</span></h5>
<h5>
<span>Elegantes, modernos, sofisticados e confortáveis, os modelos dessa linha estão associados à composição de visual impecável – sóbrio e formal – do homem de gosto apurado.</span><br><br><span>Cinto confeccionado em couro, na cor preta. Passador duplo, fivela de metal e cinco furos para melhor ajuste.</span>
</h5>
<h5><span><br></span></h5>
<h5>
<span></span><br>
</h5>
<h5><span>Medida</span></h5>
<h5>
<span>L</span><span>argura = 3,5cm.  </span><span><br></span>
</h5>
<h5><span>Para saber a medida do seu cinto, basta você medir da base da fivela até o furo central. O número em centímetros será a medida do cinto.<br></span></h5>
<h5></h5>","Tema Conversão","","","","true","Tamanho do acessório","80","","","","","","0","","","deny","manual","44.97","149.90","TRUE","TRUE","","https://cdn.shopify.com/s/files/1/0721/1168/5771/files/164229-1600-1600.jpg?v=1766929844","1","https://cdn.shopify.com/s/files/1/0721/1168/5771/files/164229-1600-1600.jpg?v=1766929844","","active"
"cinto-largo-metropolitan-preto","","","","","","","","","85","","","","","","0","","","deny","manual","44.97","149.90","TRUE","TRUE","","https://cdn.shopify.com/s/files/1/0721/1168/5771/files/164231-1600-1600.jpg?v=1766929841","2","https://cdn.shopify.com/s/files/1/0721/1168/5771/files/164229-1600-1600.jpg?v=1766929844","",""
"cinto-largo-metropolitan-preto","","","","","","","","","90","","","","","","0","","","deny","manual","44.97","149.90","TRUE","TRUE","","https://cdn.shopify.com/s/files/1/0721/1168/5771/files/167590-1600-1600.jpg?v=1766929841","3","https://cdn.shopify.com/s/files/1/0721/1168/5771/files/164229-1600-1600.jpg?v=1766929844","",""
"cinto-largo-metropolitan-preto","","","","","","","","","95","","","","","","0","","","deny","manual","44.97","149.90","TRUE","TRUE","","","","https://cdn.shopify.com/s/files/1/0721/1168/5771/files/164229-1600-1600.jpg?v=1766929844","",""
"cinto-largo-metropolitan-preto","","","","","","","","","100","","","","","","0","","","deny","manual","44.97","149.90","TRUE","TRUE","","","","https://cdn.shopify.com/s/files/1/0721/1168/5771/files/164229-1600-1600.jpg?v=1766929844","",""
"cinto-largo-metropolitan-preto","","","","","","","","","105","","","","","","0","","","deny","manual","44.97","149.90","TRUE","TRUE","","","","https://cdn.shopify.com/s/files/1/0721/1168/5771/files/164229-1600-1600.jpg?v=1766929844","",""
"cinto-largo-metropolitan-preto","","","","","","","","","110","","","","","","0","","","deny","manual","44.97","149.90","TRUE","TRUE","","","","https://cdn.shopify.com/s/files/1/0721/1168/5771/files/164229-1600-1600.jpg?v=1766929844","",""
"cinto-largo-metropolitan-preto","","","","","","","","","115","","","","","","0","","","deny","manual","44.97","149.90","TRUE","TRUE","","","","https://cdn.shopify.com/s/files/1/0721/1168/5771/files/164229-1600-1600.jpg?v=1766929844","",""
"cinto-largo-metropolitan-preto","","","","","","","","","120","","","","","","0","","","deny","manual","44.97","149.90","TRUE","TRUE","","","","https://cdn.shopify.com/s/files/1/0721/1168/5771/files/164229-1600-1600.jpg?v=1766929844","",""
"cinto-largo-metropolitan-preto","","","","","","","","","125","","","","","","0","","","deny","manual","44.97","149.90","TRUE","TRUE","","","","https://cdn.shopify.com/s/files/1/0721/1168/5771/files/164229-1600-1600.jpg?v=1766929844","",""
"cinto-largo-metropolitan-cafe","Cinto Largo Metropolitan Café","<h5>Linha Metropolitan.</h5>
<h5>Elegantes, modernos, sofisticados e confortáveis, os modelos dessa linha estão associados à composição de visual impecável – sóbrio e formal – do homem de gosto apurado.</h5>
<h5>Cinto confeccionado em couro, na cor café. Passador duplo, fivela de metal e contém cinco furos para melhor ajuste.</h5>
<h5><br></h5>
<h5>Medida</h5>
<h5>Largura: 3,5cm .</h5>
<h5>Para saber a medida do seu cinto, basta você medir da base da fivela até o furo central. O número em centímetros será a medida do cinto.</h5>","Tema Conversão","","","","true","Tamanho do acessório","80","","","","","","0","","","deny","manual","44.97","149.90","TRUE","TRUE","","https://cdn.shopify.com/s/files/1/0721/1168/5771/files/164233-1600-1600.jpg?v=1766929841","1","https://cdn.shopify.com/s/files/1/0721/1168/5771/files/164233-1600-1600.jpg?v=1766929841","","active"
"cinto-largo-metropolitan-cafe","","","","","","","","","85","","","","","","0","","","deny","manual","44.97","149.90","TRUE","TRUE","","https://cdn.shopify.com/s/files/1/0721/1168/5771/files/164234-1600-1600.jpg?v=1766929839","2","https://cdn.shopify.com/s/files/1/0721/1168/5771/files/164233-1600-1600.jpg?v=1766929841","",""
"cinto-largo-metropolitan-cafe","","","","","","","","","90","","","","","","0","","","deny","manual","44.97","149.90","TRUE","TRUE","","https://cdn.shopify.com/s/files/1/0721/1168/5771/files/167591-1600-1600.jpg?v=1766929838","3","https://cdn.shopify.com/s/files/1/0721/1168/5771/files/164233-1600-1600.jpg?v=1766929841","",""
"cinto-largo-metropolitan-cafe","","","","","","","","","95","","","","","","0","","","deny","manual","44.97","149.90","TRUE","TRUE","","","","https://cdn.shopify.com/s/files/1/0721/1168/5771/files/164233-1600-1600.jpg?v=1766929841","",""
"cinto-largo-metropolitan-cafe","","","","","","","","","100","","","","","","0","","","deny","manual","44.97","149.90","TRUE","TRUE","","","","https://cdn.shopify.com/s/files/1/0721/1168/5771/files/164233-1600-1600.jpg?v=1766929841","",""
"cinto-largo-metropolitan-cafe","","","","","","","","","105","","","","","","0","","","deny","manual","44.97","149.90","TRUE","TRUE","","","","https://cdn.shopify.com/s/files/1/0721/1168/5771/files/164233-1600-1600.jpg?v=1766929841","",""
"cinto-largo-metropolitan-cafe","","","","","","","","","110","","","","","","0","","","deny","manual","44.97","149.90","TRUE","TRUE","","","","https://cdn.shopify.com/s/files/1/0721/1168/5771/files/164233-1600-1600.jpg?v=1766929841","",""
"cinto-largo-metropolitan-cafe","","","","","","","","","115","","","","","","0","","","deny","manual","44.97","149.90","TRUE","TRUE","","","","https://cdn.shopify.com/s/files/1/0721/1168/5771/files/164233-1600-1600.jpg?v=1766929841","",""
"cinto-largo-metropolitan-cafe","","","","","","","","","120","","","","","","0","","","deny","manual","44.97","149.90","TRUE","TRUE","","","","https://cdn.shopify.com/s/files/1/0721/1168/5771/files/164233-1600-1600.jpg?v=1766929841","",""
"cinto-largo-metropolitan-cafe","","","","","","","","","125","","","","","","0","","","deny","manual","44.97","149.90","TRUE","TRUE","","","","https://cdn.shopify.com/s/files/1/0721/1168/5771/files/164233-1600-1600.jpg?v=1766929841","",""
"cinto-largo-garage-preto","Cinto Largo Garage Preto","<p class=""MsoNormal"">Cinto confeccionado em couro na cor preto. A Fivela é de metal e contém cinco furos para melhor ajuste.</p>
<p class=""MsoNormal"">Conceito Garage - Força, design, personalidade e conforto – principais atributos da linha criada para homens de vanguarda, que se distinguem e se destacam entre os demais. Rústicos e elegantes.</p>
<p class=""MsoNormal"">Medida:</p>
<p class=""MsoNormal""> </p>
<p class=""MsoNormal"">Largura: 4cm.</p>
<p class=""MsoNormal"">Para saber a medida do cinto, basta você medir da base da fivela até o furo central. O número em centímetros vai ser a medida do cinto.</p>","Tema Conversão","","","","true","Tamanho do acessório","80","","","","","","0","","","deny","manual","44.97","149.90","TRUE","TRUE","","https://cdn.shopify.com/s/files/1/0721/1168/5771/files/170089-1600-1600.jpg?v=1766929840","1","https://cdn.shopify.com/s/files/1/0721/1168/5771/files/170089-1600-1600.jpg?v=1766929840","","active"
"cinto-largo-garage-preto","","","","","","","","","85","","","","","","0","","","deny","manual","44.97","149.90","TRUE","TRUE","","https://cdn.shopify.com/s/files/1/0721/1168/5771/files/170090-1600-1600.jpg?v=1766929840","2","https://cdn.shopify.com/s/files/1/0721/1168/5771/files/170089-1600-1600.jpg?v=1766929840","",""
"cinto-largo-garage-preto","","","","","","","","","90","","","","","","0","","","deny","manual","44.97","149.90","TRUE","TRUE","","https://cdn.shopify.com/s/files/1/0721/1168/5771/files/170091-1600-1600.jpg?v=1766929855","3","https://cdn.shopify.com/s/files/1/0721/1168/5771/files/170089-1600-1600.jpg?v=1766929840","",""
"cinto-largo-garage-preto","","","","","","","","","95","","","","","","0","","","deny","manual","44.97","149.90","TRUE","TRUE","","","","https://cdn.shopify.com/s/files/1/0721/1168/5771/files/170089-1600-1600.jpg?v=1766929840","",""
"cinto-largo-garage-preto","","","","","","","","","100","","","","","","0","","","deny","manual","44.97","149.90","TRUE","TRUE","","","","https://cdn.shopify.com/s/files/1/0721/1168/5771/files/170089-1600-1600.jpg?v=1766929840","",""
"cinto-largo-garage-preto","","","","","","","","","105","","","","","","0","","","deny","manual","44.97","149.90","TRUE","TRUE","","","","https://cdn.shopify.com/s/files/1/0721/1168/5771/files/170089-1600-1600.jpg?v=1766929840","",""
"cinto-largo-garage-preto","","","","","","","","","110","","","","","","0","","","deny","manual","44.97","149.90","TRUE","TRUE","","","","https://cdn.shopify.com/s/files/1/0721/1168/5771/files/170089-1600-1600.jpg?v=1766929840","",""
"cinto-largo-garage-preto","","","","","","","","","115","","","","","","0","","","deny","manual","44.97","149.90","TRUE","TRUE","","","","https://cdn.shopify.com/s/files/1/0721/1168/5771/files/170089-1600-1600.jpg?v=1766929840","",""
"cinto-largo-garage-preto","","","","","","","","","120","","","","","","0","","","deny","manual","44.97","149.90","TRUE","TRUE","","","","https://cdn.shopify.com/s/files/1/0721/1168/5771/files/170089-1600-1600.jpg?v=1766929840","",""
"cinto-largo-garage-preto","","","","","","","","","125","","","","","","0","","","deny","manual","44.97","149.90","TRUE","TRUE","","","","https://cdn.shopify.com/s/files/1/0721/1168/5771/files/170089-1600-1600.jpg?v=1766929840","",""
"cinto-largo-garage-petroleo","Cinto Largo Garage Petróleo","<p><span>Linha Garage - Força, design, personalidade e conforto – principais atributos da linha criada para homens de vanguarda, que se distinguem e se destacam entre os demais. Rústicos e elegantes. Cinto confeccionado em couro na cor petróleo. Fivela de metal e cinco furos para melhor ajuste. Medida Largura = 4cm. Para saber a medida do seu cinto, basta você medir da base da fivela até o furo central. O número em centímetros será a medida do cinto.</span></p>","Tema Conversão","","","","true","Tamanho do acessório","80","","","","","","0","","","deny","manual","38.97","129.90","TRUE","TRUE","","https://cdn.shopify.com/s/files/1/0721/1168/5771/files/169455-1600-1600.jpg?v=1766929835","1","https://cdn.shopify.com/s/files/1/0721/1168/5771/files/169455-1600-1600.jpg?v=1766929835","","active"
"cinto-largo-garage-petroleo","","","","","","","","","85","","","","","","0","","","deny","manual","38.97","129.90","TRUE","TRUE","","https://cdn.shopify.com/s/files/1/0721/1168/5771/files/169456-1600-1600.jpg?v=1766929835","2","https://cdn.shopify.com/s/files/1/0721/1168/5771/files/169455-1600-1600.jpg?v=1766929835","",""
"cinto-largo-garage-petroleo","","","","","","","","","90","","","","","","0","","","deny","manual","38.97","129.90","TRUE","TRUE","","","","https://cdn.shopify.com/s/files/1/0721/1168/5771/files/169455-1600-1600.jpg?v=1766929835","",""
"cinto-largo-garage-petroleo","","","","","","","","","95","","","","","","0","","","deny","manual","38.97","129.90","TRUE","TRUE","","","","https://cdn.shopify.com/s/files/1/0721/1168/5771/files/169455-1600-1600.jpg?v=1766929835","",""
"cinto-largo-garage-petroleo","","","","","","","","","100","","","","","","0","","","deny","manual","38.97","129.90","TRUE","TRUE","","","","https://cdn.shopify.com/s/files/1/0721/1168/5771/files/169455-1600-1600.jpg?v=1766929835","",""
"cinto-largo-garage-petroleo","","","","","","","","","105","","","","","","0","","","deny","manual","38.97","129.90","TRUE","TRUE","","","","https://cdn.shopify.com/s/files/1/0721/1168/5771/files/169455-1600-1600.jpg?v=1766929835","",""
"cinto-largo-garage-petroleo","","","","","","","","","110","","","","","","0","","","deny","manual","38.97","129.90","TRUE","TRUE","","","","https://cdn.shopify.com/s/files/1/0721/1168/5771/files/169455-1600-1600.jpg?v=1766929835","",""
"cinto-largo-garage-petroleo","","","","","","","","","115","","","","","","0","","","deny","manual","38.97","129.90","TRUE","TRUE","","","","https://cdn.shopify.com/s/files/1/0721/1168/5771/files/169455-1600-1600.jpg?v=1766929835","",""
"cinto-largo-garage-petroleo","","","","","","","","","120","","","","","","0","","","deny","manual","38.97","129.90","TRUE","TRUE","","","","https://cdn.shopify.com/s/files/1/0721/1168/5771/files/169455-1600-1600.jpg?v=1766929835","",""
"cinto-largo-garage-petroleo","","","","","","","","","125","","","","","","0","","","deny","manual","38.97","129.90","TRUE","TRUE","","","","https://cdn.shopify.com/s/files/1/0721/1168/5771/files/169455-1600-1600.jpg?v=1766929835","",""
"cinto-largo-garage-mouro","Cinto Largo Garage Mouro","<p><span>Linha Garage - Força, design, personalidade e conforto – principais atributos da linha criada para homens de vanguarda, que se distinguem e se destacam entre os demais. Rústicos e elegantes.</span><br></p>
<p><span><br>Cinto  confeccionado em couro na cor mouro. Fivela de meta, cinco furos para melhor ajuste. </span></p>
<p><span><br></span></p>
<p><span>Medida<br>Largura = 4cm. </span></p>
<p> </p>
<p><span>O número em centímetros vai ser a medida do cinto.</span></p>","Tema Conversão","","","","true","Tamanho do acessório","80","","","","","","0","","","deny","manual","44.97","149.90","TRUE","TRUE","","https://cdn.shopify.com/s/files/1/0721/1168/5771/files/166926-1600-1600.jpg?v=1766929857","1","https://cdn.shopify.com/s/files/1/0721/1168/5771/files/166926-1600-1600.jpg?v=1766929857","","active"
"cinto-largo-garage-mouro","","","","","","","","","85","","","","","","0","","","deny","manual","44.97","149.90","TRUE","TRUE","","https://cdn.shopify.com/s/files/1/0721/1168/5771/files/166927-1600-1600.jpg?v=1766929856","2","https://cdn.shopify.com/s/files/1/0721/1168/5771/files/166926-1600-1600.jpg?v=1766929857","",""
"cinto-largo-garage-mouro","","","","","","","","","90","","","","","","0","","","deny","manual","44.97","149.90","TRUE","TRUE","","https://cdn.shopify.com/s/files/1/0721/1168/5771/files/167581-1600-1600.jpg?v=1766929854","3","https://cdn.shopify.com/s/files/1/0721/1168/5771/files/166926-1600-1600.jpg?v=1766929857","",""
"cinto-largo-garage-mouro","","","","","","","","","95","","","","","","0","","","deny","manual","44.97","149.90","TRUE","TRUE","","","","https://cdn.shopify.com/s/files/1/0721/1168/5771/files/166926-1600-1600.jpg?v=1766929857","",""
"cinto-largo-garage-mouro","","","","","","","","","100","","","","","","0","","","deny","manual","44.97","149.90","TRUE","TRUE","","","","https://cdn.shopify.com/s/files/1/0721/1168/5771/files/166926-1600-1600.jpg?v=1766929857","",""
"cinto-largo-garage-mouro","","","","","","","","","105","","","","","","0","","","deny","manual","44.97","149.90","TRUE","TRUE","","","","https://cdn.shopify.com/s/files/1/0721/1168/5771/files/166926-1600-1600.jpg?v=1766929857","",""
"cinto-largo-garage-mouro","","","","","","","","","110","","","","","","0","","","deny","manual","44.97","149.90","TRUE","TRUE","","","","https://cdn.shopify.com/s/files/1/0721/1168/5771/files/166926-1600-1600.jpg?v=1766929857","",""
"cinto-largo-garage-mouro","","","","","","","","","115","","","","","","0","","","deny","manual","44.97","149.90","TRUE","TRUE","","","","https://cdn.shopify.com/s/files/1/0721/1168/5771/files/166926-1600-1600.jpg?v=1766929857","",""
"cinto-largo-garage-mouro","","","","","","","","","120","","","","","","0","","","deny","manual","44.97","149.90","TRUE","TRUE","","","","https://cdn.shopify.com/s/files/1/0721/1168/5771/files/166926-1600-1600.jpg?v=1766929857","",""
"cinto-largo-garage-mouro","","","","","","","","","125","","","","","","0","","","deny","manual","44.97","149.90","TRUE","TRUE","","","","https://cdn.shopify.com/s/files/1/0721/1168/5771/files/166926-1600-1600.jpg?v=1766929857","",""
"cinto-largo-garage-mogno","Cinto Largo Garage Mogno","<p><span>Linha Garage - Força, design, personalidade e conforto – principais atributos da linha criada para homens de vanguarda, que se distinguem e se destacam entre os demais. Rústicos e elegantes.</span><br></p>
<p><span><br>Cinto  confeccionado em couro na cor mogno. Fivela de meta, cinco furos para melhor ajuste. </span></p>
<p><span><br></span></p>
<p><span>Medida<br>Largura = 4cm. </span></p>
<p> </p>
<p><span>O número em centímetros vai ser a medida do cinto.</span></p>","Tema Conversão","","","","true","Tamanho do acessório","80","","","","","","0","","","deny","manual","44.97","149.90","TRUE","TRUE","","https://cdn.shopify.com/s/files/1/0721/1168/5771/files/166932-1600-1600.jpg?v=1766929852","1","https://cdn.shopify.com/s/files/1/0721/1168/5771/files/166932-1600-1600.jpg?v=1766929852","","active"
"cinto-largo-garage-mogno","","","","","","","","","85","","","","","","0","","","deny","manual","44.97","149.90","TRUE","TRUE","","https://cdn.shopify.com/s/files/1/0721/1168/5771/files/166933-1600-1600.jpg?v=1766929852","2","https://cdn.shopify.com/s/files/1/0721/1168/5771/files/166932-1600-1600.jpg?v=1766929852","",""
"cinto-largo-garage-mogno","","","","","","","","","90","","","","","","0","","","deny","manual","44.97","149.90","TRUE","TRUE","","https://cdn.shopify.com/s/files/1/0721/1168/5771/files/167584-1600-1600.jpg?v=1766929852","3","https://cdn.shopify.com/s/files/1/0721/1168/5771/files/166932-1600-1600.jpg?v=1766929852","",""
"cinto-largo-garage-mogno","","","","","","","","","95","","","","","","0","","","deny","manual","44.97","149.90","TRUE","TRUE","","","","https://cdn.shopify.com/s/files/1/0721/1168/5771/files/166932-1600-1600.jpg?v=1766929852","",""
"cinto-largo-garage-mogno","","","","","","","","","100","","","","","","0","","","deny","manual","44.97","149.90","TRUE","TRUE","","","","https://cdn.shopify.com/s/files/1/0721/1168/5771/files/166932-1600-1600.jpg?v=1766929852","",""
"cinto-largo-garage-mogno","","","","","","","","","105","","","","","","0","","","deny","manual","44.97","149.90","TRUE","TRUE","","","","https://cdn.shopify.com/s/files/1/0721/1168/5771/files/166932-1600-1600.jpg?v=1766929852","",""
"cinto-largo-garage-mogno","","","","","","","","","110","","","","","","0","","","deny","manual","44.97","149.90","TRUE","TRUE","","","","https://cdn.shopify.com/s/files/1/0721/1168/5771/files/166932-1600-1600.jpg?v=1766929852","",""
"cinto-largo-garage-mogno","","","","","","","","","115","","","","","","0","","","deny","manual","44.97","149.90","TRUE","TRUE","","","","https://cdn.shopify.com/s/files/1/0721/1168/5771/files/166932-1600-1600.jpg?v=1766929852","",""
"cinto-largo-garage-mogno","","","","","","","","","120","","","","","","0","","","deny","manual","44.97","149.90","TRUE","TRUE","","","","https://cdn.shopify.com/s/files/1/0721/1168/5771/files/166932-1600-1600.jpg?v=1766929852","",""
"cinto-largo-garage-mogno","","","","","","","","","125","","","","","","0","","","deny","manual","44.97","149.90","TRUE","TRUE","","","","https://cdn.shopify.com/s/files/1/0721/1168/5771/files/166932-1600-1600.jpg?v=1766929852","",""
"cinto-largo-garage-castanho","Cinto Largo Garage Castanho","<p class=""MsoNormal"">Cinto confeccionado em couro na cor castanho. A Fivela é de metal e contém cinco furos para melhor ajuste.</p>
<p class=""MsoNormal"">Conceito Garage - Força, design, personalidade e conforto – principais atributos da linha criada para homens de vanguarda, que se distinguem e se destacam entre os demais. Rústicos e elegantes.</p>
<p class=""MsoNormal"">Medida:</p>
<p class=""MsoNormal"">Largura: 4cm.</p>
<p class=""MsoNormal""> </p>
<p class=""MsoNormal"">Para saber a medida do cinto, basta você medir da base da fivela até o furo central. O número em centímetros vai ser a medida do cinto.</p>","Tema Conversão","","","","true","Tamanho do acessório","80","","","","","","0","","","deny","manual","44.97","149.90","TRUE","TRUE","","https://cdn.shopify.com/s/files/1/0721/1168/5771/files/170092-1600-1600.jpg?v=1766929843","1","https://cdn.shopify.com/s/files/1/0721/1168/5771/files/170092-1600-1600.jpg?v=1766929843","","active"
"cinto-largo-garage-castanho","","","","","","","","","85","","","","","","0","","","deny","manual","44.97","149.90","TRUE","TRUE","","https://cdn.shopify.com/s/files/1/0721/1168/5771/files/170093-1600-1600.jpg?v=1766929843","2","https://cdn.shopify.com/s/files/1/0721/1168/5771/files/170092-1600-1600.jpg?v=1766929843","",""
"cinto-largo-garage-castanho","","","","","","","","","90","","","","","","0","","","deny","manual","44.97","149.90","TRUE","TRUE","","https://cdn.shopify.com/s/files/1/0721/1168/5771/files/170094-1600-1600.jpg?v=1766929843","3","https://cdn.shopify.com/s/files/1/0721/1168/5771/files/170092-1600-1600.jpg?v=1766929843","",""
"cinto-largo-garage-castanho","","","","","","","","","95","","","","","","0","","","deny","manual","44.97","149.90","TRUE","TRUE","","","","https://cdn.shopify.com/s/files/1/0721/1168/5771/files/170092-1600-1600.jpg?v=1766929843","",""
"cinto-largo-garage-castanho","","","","","","","","","100","","","","","","0","","","deny","manual","44.97","149.90","TRUE","TRUE","","","","https://cdn.shopify.com/s/files/1/0721/1168/5771/files/170092-1600-1600.jpg?v=1766929843","",""
"cinto-largo-garage-castanho","","","","","","","","","105","","","","","","0","","","deny","manual","44.97","149.90","TRUE","TRUE","","","","https://cdn.shopify.com/s/files/1/0721/1168/5771/files/170092-1600-1600.jpg?v=1766929843","",""
"cinto-largo-garage-castanho","","","","","","","","","110","","","","","","0","","","deny","manual","44.97","149.90","TRUE","TRUE","","","","https://cdn.shopify.com/s/files/1/0721/1168/5771/files/170092-1600-1600.jpg?v=1766929843","",""
"cinto-largo-garage-castanho","","","","","","","","","115","","","","","","0","","","deny","manual","44.97","149.90","TRUE","TRUE","","","","https://cdn.shopify.com/s/files/1/0721/1168/5771/files/170092-1600-1600.jpg?v=1766929843","",""
"cinto-largo-garage-castanho","","","","","","","","","120","","","","","","0","","","deny","manual","44.97","149.90","TRUE","TRUE","","","","https://cdn.shopify.com/s/files/1/0721/1168/5771/files/170092-1600-1600.jpg?v=1766929843","",""
"cinto-largo-garage-castanho","","","","","","","","","125","","","","","","0","","","deny","manual","44.97","149.90","TRUE","TRUE","","","","https://cdn.shopify.com/s/files/1/0721/1168/5771/files/170092-1600-1600.jpg?v=1766929843","",""
"cinto-largo-fit-cafe","Cinto Largo Fit Café","<p><span>Cinto confeccionado em couro na cor café. Passador com o nome da marca, fivela de metal e contém duas linhas decorativas em relevo.</span></p>
<p><span>Possui pespontos nas laterais e cinco furos para melhor ajuste. </span></p>
<p><br></p>
<p><span>Medida:</span></p>
<p><span>Largura: 4cm. </span></p>
<p><span>Para saber a medida do seu cinto, basta você medir da base da fivela até o furo central. O número em centímetros será a medida do cinto.</span></p>","Tema Conversão","","","","true","Tamanho do acessório","80","","","","","","0","","","deny","manual","29.97","99.90","TRUE","TRUE","","https://cdn.shopify.com/s/files/1/0721/1168/5771/files/170425-1600-1600.jpg?v=1766929850","1","https://cdn.shopify.com/s/files/1/0721/1168/5771/files/170425-1600-1600.jpg?v=1766929850","","active"
"cinto-largo-fit-cafe","","","","","","","","","85","","","","","","0","","","deny","manual","29.97","99.90","TRUE","TRUE","","https://cdn.shopify.com/s/files/1/0721/1168/5771/files/170426-1600-1600.jpg?v=1766929849","2","https://cdn.shopify.com/s/files/1/0721/1168/5771/files/170425-1600-1600.jpg?v=1766929850","",""
"cinto-largo-fit-cafe","","","","","","","","","90","","","","","","0","","","deny","manual","29.97","99.90","TRUE","TRUE","","https://cdn.shopify.com/s/files/1/0721/1168/5771/files/170427-1600-1600.jpg?v=1766929848","3","https://cdn.shopify.com/s/files/1/0721/1168/5771/files/170425-1600-1600.jpg?v=1766929850","",""
"cinto-largo-fit-cafe","","","","","","","","","95","","","","","","0","","","deny","manual","29.97","99.90","TRUE","TRUE","","","","https://cdn.shopify.com/s/files/1/0721/1168/5771/files/170425-1600-1600.jpg?v=1766929850","",""
"cinto-largo-fit-cafe","","","","","","","","","100","","","","","","0","","","deny","manual","29.97","99.90","TRUE","TRUE","","","","https://cdn.shopify.com/s/files/1/0721/1168/5771/files/170425-1600-1600.jpg?v=1766929850","",""
"cinto-largo-fit-cafe","","","","","","","","","105","","","","","","0","","","deny","manual","29.97","99.90","TRUE","TRUE","","","","https://cdn.shopify.com/s/files/1/0721/1168/5771/files/170425-1600-1600.jpg?v=1766929850","",""
"cinto-largo-fit-cafe","","","","","","","","","110","","","","","","0","","","deny","manual","29.97","99.90","TRUE","TRUE","","","","https://cdn.shopify.com/s/files/1/0721/1168/5771/files/170425-1600-1600.jpg?v=1766929850","",""
"cinto-largo-fit-cafe","","","","","","","","","115","","","","","","0","","","deny","manual","29.97","99.90","TRUE","TRUE","","","","https://cdn.shopify.com/s/files/1/0721/1168/5771/files/170425-1600-1600.jpg?v=1766929850","",""
"cinto-largo-fit-cafe","","","","","","","","","120","","","","","","0","","","deny","manual","29.97","99.90","TRUE","TRUE","","","","https://cdn.shopify.com/s/files/1/0721/1168/5771/files/170425-1600-1600.jpg?v=1766929850","",""
"cinto-largo-fit-cafe","","","","","","","","","125","","","","","","0","","","deny","manual","29.97","99.90","TRUE","TRUE","","","","https://cdn.shopify.com/s/files/1/0721/1168/5771/files/170425-1600-1600.jpg?v=1766929850","",""
"cinto-largo-denim-marrom","Cinto Largo Denim Marrom","<p><span>Linha Denim. </span></p>
<p><span>Complemento para um look jovem e descontraído.<br>Contemporâneo, despojado, confortável e leve, perfeito para o uso com jeans, no dia a dia.</span><span><br><br>Cinto  confeccionado em couro na cor marrom. Fivela de metal, couro com detalhe texturizado e cinco furos para melhor ajuste.</span></p>
<p><span><br></span></p>
<p><span>Medida</span></p>
<p><span>Largura: 4cm. </span></p>
<p> </p>","Tema Conversão","","","","true","Tamanho do acessório","80","","","","","","0","","","deny","manual","38.97","129.90","TRUE","TRUE","","https://cdn.shopify.com/s/files/1/0721/1168/5771/files/168071-1600-1600.jpg?v=1766929837","1","https://cdn.shopify.com/s/files/1/0721/1168/5771/files/168071-1600-1600.jpg?v=1766929837","","active"
"cinto-largo-denim-marrom","","","","","","","","","85","","","","","","0","","","deny","manual","38.97","129.90","TRUE","TRUE","","https://cdn.shopify.com/s/files/1/0721/1168/5771/files/168072-1600-1600.jpg?v=1766929835","2","https://cdn.shopify.com/s/files/1/0721/1168/5771/files/168071-1600-1600.jpg?v=1766929837","",""
"cinto-largo-denim-marrom","","","","","","","","","90","","","","","","0","","","deny","manual","38.97","129.90","TRUE","TRUE","","","","https://cdn.shopify.com/s/files/1/0721/1168/5771/files/168071-1600-1600.jpg?v=1766929837","",""
"cinto-largo-denim-marrom","","","","","","","","","95","","","","","","0","","","deny","manual","38.97","129.90","TRUE","TRUE","","","","https://cdn.shopify.com/s/files/1/0721/1168/5771/files/168071-1600-1600.jpg?v=1766929837","",""
"cinto-largo-denim-marrom","","","","","","","","","100","","","","","","0","","","deny","manual","38.97","129.90","TRUE","TRUE","","","","https://cdn.shopify.com/s/files/1/0721/1168/5771/files/168071-1600-1600.jpg?v=1766929837","",""
"cinto-largo-denim-marrom","","","","","","","","","105","","","","","","0","","","deny","manual","38.97","129.90","TRUE","TRUE","","","","https://cdn.shopify.com/s/files/1/0721/1168/5771/files/168071-1600-1600.jpg?v=1766929837","",""
"cinto-largo-denim-marrom","","","","","","","","","110","","","","","","0","","","deny","manual","38.97","129.90","TRUE","TRUE","","","","https://cdn.shopify.com/s/files/1/0721/1168/5771/files/168071-1600-1600.jpg?v=1766929837","",""
"cinto-largo-denim-marrom","","","","","","","","","115","","","","","","0","","","deny","manual","38.97","129.90","TRUE","TRUE","","","","https://cdn.shopify.com/s/files/1/0721/1168/5771/files/168071-1600-1600.jpg?v=1766929837","",""
"cinto-largo-denim-marrom","","","","","","","","","120","","","","","","0","","","deny","manual","38.97","129.90","TRUE","TRUE","","","","https://cdn.shopify.com/s/files/1/0721/1168/5771/files/168071-1600-1600.jpg?v=1766929837","",""
"cinto-largo-denim-marrom","","","","","","","","","125","","","","","","0","","","deny","manual","38.97","129.90","TRUE","TRUE","","","","https://cdn.shopify.com/s/files/1/0721/1168/5771/files/168071-1600-1600.jpg?v=1766929837","",""
"cinto-largo-denim-conhaque","Cinto Largo Denim Conhaque","<p><span>Linha Denim. </span></p>
<p><span>Complemento para um look jovem e descontraído.<br>Contemporâneo, despojado, confortável e leve. Perfeito para o uso com jeans no dia a dia.</span><span><br><br>Cinto confeccionado em couro na cor conhaque. Fivela de metal, detalhe em costura branca nas laterais, logo da marca na ponta e cinco furos para melhor ajuste. </span></p>
<p><span><br></span></p>
<p><span>Medida<br>Largura = 4cm. </span></p>","Tema Conversão","","","","true","Tamanho do acessório","80","","","","","","0","","","deny","manual","44.97","149.90","TRUE","TRUE","","https://cdn.shopify.com/s/files/1/0721/1168/5771/files/168080-1600-1600.jpg?v=1766929840","1","https://cdn.shopify.com/s/files/1/0721/1168/5771/files/168080-1600-1600.jpg?v=1766929840","","active"
"cinto-largo-denim-conhaque","","","","","","","","","85","","","","","","0","","","deny","manual","44.97","149.90","TRUE","TRUE","","https://cdn.shopify.com/s/files/1/0721/1168/5771/files/168081-1600-1600.jpg?v=1766929839","2","https://cdn.shopify.com/s/files/1/0721/1168/5771/files/168080-1600-1600.jpg?v=1766929840","",""
"cinto-largo-denim-conhaque","","","","","","","","","90","","","","","","0","","","deny","manual","44.97","149.90","TRUE","TRUE","","https://cdn.shopify.com/s/files/1/0721/1168/5771/files/168082-1600-1600.jpg?v=1766929840","3","https://cdn.shopify.com/s/files/1/0721/1168/5771/files/168080-1600-1600.jpg?v=1766929840","",""
"cinto-largo-denim-conhaque","","","","","","","","","95","","","","","","0","","","deny","manual","44.97","149.90","TRUE","TRUE","","","","https://cdn.shopify.com/s/files/1/0721/1168/5771/files/168080-1600-1600.jpg?v=1766929840","",""
"cinto-largo-denim-conhaque","","","","","","","","","100","","","","","","0","","","deny","manual","44.97","149.90","TRUE","TRUE","","","","https://cdn.shopify.com/s/files/1/0721/1168/5771/files/168080-1600-1600.jpg?v=1766929840","",""
"cinto-largo-denim-conhaque","","","","","","","","","105","","","","","","0","","","deny","manual","44.97","149.90","TRUE","TRUE","","","","https://cdn.shopify.com/s/files/1/0721/1168/5771/files/168080-1600-1600.jpg?v=1766929840","",""
"cinto-largo-denim-conhaque","","","","","","","","","110","","","","","","0","","","deny","manual","44.97","149.90","TRUE","TRUE","","","","https://cdn.shopify.com/s/files/1/0721/1168/5771/files/168080-1600-1600.jpg?v=1766929840","",""
"cinto-largo-denim-conhaque","","","","","","","","","115","","","","","","0","","","deny","manual","44.97","149.90","TRUE","TRUE","","","","https://cdn.shopify.com/s/files/1/0721/1168/5771/files/168080-1600-1600.jpg?v=1766929840","",""
"cinto-largo-denim-conhaque","","","","","","","","","120","","","","","","0","","","deny","manual","44.97","149.90","TRUE","TRUE","","","","https://cdn.shopify.com/s/files/1/0721/1168/5771/files/168080-1600-1600.jpg?v=1766929840","",""
"cinto-largo-denim-conhaque","","","","","","","","","125","","","","","","0","","","deny","manual","44.97","149.90","TRUE","TRUE","","","","https://cdn.shopify.com/s/files/1/0721/1168/5771/files/168080-1600-1600.jpg?v=1766929840","",""
"cinto-estreito-fit-preto","Cinto Estreito Fit Preto","<p><span>Cinto confeccionado em couro na cor preta e o passador com o nome da marca. A fivela é feita de metal. Possui detalhe em recortes decorativos, pespontos nas laterais e cinco furos para melhor ajuste. Medida Largura = 3,5cm. Para saber a medida do seu cinto, basta você medir da base da fivela até o furo central. O número em centímetros será a medida do cinto</span></p>","Tema Conversão","","","","true","Tamanho do acessório","80","","","","","","0","","","deny","manual","29.97","99.90","TRUE","TRUE","","https://cdn.shopify.com/s/files/1/0721/1168/5771/files/164197-1600-1600.jpg?v=1766929845","1","https://cdn.shopify.com/s/files/1/0721/1168/5771/files/164197-1600-1600.jpg?v=1766929845","","active"
"cinto-estreito-fit-preto","","","","","","","","","85","","","","","","0","","","deny","manual","29.97","99.90","TRUE","TRUE","","https://cdn.shopify.com/s/files/1/0721/1168/5771/files/164198-1600-1600.jpg?v=1766929848","2","https://cdn.shopify.com/s/files/1/0721/1168/5771/files/164197-1600-1600.jpg?v=1766929845","",""
"cinto-estreito-fit-preto","","","","","","","","","90","","","","","","0","","","deny","manual","29.97","99.90","TRUE","TRUE","","https://cdn.shopify.com/s/files/1/0721/1168/5771/files/167574-1600-1600.jpg?v=1766929848","3","https://cdn.shopify.com/s/files/1/0721/1168/5771/files/164197-1600-1600.jpg?v=1766929845","",""
"cinto-estreito-fit-preto","","","","","","","","","95","","","","","","0","","","deny","manual","29.97","99.90","TRUE","TRUE","","","","https://cdn.shopify.com/s/files/1/0721/1168/5771/files/164197-1600-1600.jpg?v=1766929845","",""
"cinto-estreito-fit-preto","","","","","","","","","100","","","","","","0","","","deny","manual","29.97","99.90","TRUE","TRUE","","","","https://cdn.shopify.com/s/files/1/0721/1168/5771/files/164197-1600-1600.jpg?v=1766929845","",""
"cinto-estreito-fit-preto","","","","","","","","","105","","","","","","0","","","deny","manual","29.97","99.90","TRUE","TRUE","","","","https://cdn.shopify.com/s/files/1/0721/1168/5771/files/164197-1600-1600.jpg?v=1766929845","",""
"cinto-estreito-fit-preto","","","","","","","","","110","","","","","","0","","","deny","manual","29.97","99.90","TRUE","TRUE","","","","https://cdn.shopify.com/s/files/1/0721/1168/5771/files/164197-1600-1600.jpg?v=1766929845","",""
"cinto-estreito-fit-preto","","","","","","","","","115","","","","","","0","","","deny","manual","29.97","99.90","TRUE","TRUE","","","","https://cdn.shopify.com/s/files/1/0721/1168/5771/files/164197-1600-1600.jpg?v=1766929845","",""
"cinto-estreito-fit-preto","","","","","","","","","120","","","","","","0","","","deny","manual","29.97","99.90","TRUE","TRUE","","","","https://cdn.shopify.com/s/files/1/0721/1168/5771/files/164197-1600-1600.jpg?v=1766929845","",""
"cinto-estreito-fit-preto","","","","","","","","","125","","","","","","0","","","deny","manual","29.97","99.90","TRUE","TRUE","","","","https://cdn.shopify.com/s/files/1/0721/1168/5771/files/164197-1600-1600.jpg?v=1766929845","",""
"cinto-dupla-face-estreito-denim-preto-mouro","Cinto Dupla Face Estreito Denim Preto/Mouro","<p><span>Linha Denim. Complemento para um look jovem e descontraído. Contemporâneo, despojado, confortável e leve. Perfeito para o uso com jeans no dia a dia. Cinto dupla face confeccionado em couro, sendo um lado na cor preta e o outro moro. Fivela de metal, detalhe decorativo em pespontos aparentes nas laterais, logo da marca na ponta e cinco furos para melhor ajuste. Medida Largura: 4cm. Para saber a medida do seu cinto, basta você medir da base da fivela até o furo central. O número em centímetros será a medida do cinto.</span></p>","Tema Conversão","","","","true","Tamanho do acessório","80","","","","","","0","","","deny","manual","44.97","149.90","TRUE","TRUE","","https://cdn.shopify.com/s/files/1/0721/1168/5771/files/164272-1600-1600.jpg?v=1766929849","1","https://cdn.shopify.com/s/files/1/0721/1168/5771/files/164272-1600-1600.jpg?v=1766929849","","active"
"cinto-dupla-face-estreito-denim-preto-mouro","","","","","","","","","85","","","","","","0","","","deny","manual","44.97","149.90","TRUE","TRUE","","https://cdn.shopify.com/s/files/1/0721/1168/5771/files/164274-1600-1600.jpg?v=1766929849","2","https://cdn.shopify.com/s/files/1/0721/1168/5771/files/164272-1600-1600.jpg?v=1766929849","",""
"cinto-dupla-face-estreito-denim-preto-mouro","","","","","","","","","90","","","","","","0","","","deny","manual","44.97","149.90","TRUE","TRUE","","https://cdn.shopify.com/s/files/1/0721/1168/5771/files/164275-1600-1600.jpg?v=1766929851","3","https://cdn.shopify.com/s/files/1/0721/1168/5771/files/164272-1600-1600.jpg?v=1766929849","",""
"cinto-dupla-face-estreito-denim-preto-mouro","","","","","","","","","95","","","","","","0","","","deny","manual","44.97","149.90","TRUE","TRUE","","","","https://cdn.shopify.com/s/files/1/0721/1168/5771/files/164272-1600-1600.jpg?v=1766929849","",""
"cinto-dupla-face-estreito-denim-preto-mouro","","","","","","","","","100","","","","","","0","","","deny","manual","44.97","149.90","TRUE","TRUE","","","","https://cdn.shopify.com/s/files/1/0721/1168/5771/files/164272-1600-1600.jpg?v=1766929849","",""
"cinto-dupla-face-estreito-denim-preto-mouro","","","","","","","","","105","","","","","","0","","","deny","manual","44.97","149.90","TRUE","TRUE","","","","https://cdn.shopify.com/s/files/1/0721/1168/5771/files/164272-1600-1600.jpg?v=1766929849","",""
"cinto-dupla-face-estreito-denim-preto-mouro","","","","","","","","","110","","","","","","0","","","deny","manual","44.97","149.90","TRUE","TRUE","","","","https://cdn.shopify.com/s/files/1/0721/1168/5771/files/164272-1600-1600.jpg?v=1766929849","",""
"cinto-dupla-face-estreito-denim-preto-mouro","","","","","","","","","115","","","","","","0","","","deny","manual","44.97","149.90","TRUE","TRUE","","","","https://cdn.shopify.com/s/files/1/0721/1168/5771/files/164272-1600-1600.jpg?v=1766929849","",""
"cinto-dupla-face-estreito-denim-preto-mouro","","","","","","","","","120","","","","","","0","","","deny","manual","44.97","149.90","TRUE","TRUE","","","","https://cdn.shopify.com/s/files/1/0721/1168/5771/files/164272-1600-1600.jpg?v=1766929849","",""
"cinto-dupla-face-estreito-denim-preto-mouro","","","","","","","","","125","","","","","","0","","","deny","manual","44.97","149.90","TRUE","TRUE","","","","https://cdn.shopify.com/s/files/1/0721/1168/5771/files/164272-1600-1600.jpg?v=1766929849","",""
"cinto-carvao-garage","Cinto Carvão Garage","<p><span>Linha Denim. </span></p>
<p><span>Complemento para um look jovem e descontraído.<br>Contemporâneo, despojado, confortável e leve, perfeito para o uso com jeans no dia a dia.</span><span><br><br>Cinto confeccionado em couro na cor carvão, com uma tira de tecido no meio na cor preta e costura decorativa nas laterais. Fivela de metal, logo da marca na ponta e cinco furos para melhor ajuste.</span></p>
<p><span><br></span></p>
<p><span>Medida<br>Largura = 4cm.</span></p>","Tema Conversão","","","","true","Tamanho do acessório","80","","","","","","0","","","deny","manual","38.97","129.90","TRUE","TRUE","","https://cdn.shopify.com/s/files/1/0721/1168/5771/files/166942-1600-1600.jpg?v=1766929904","1","https://cdn.shopify.com/s/files/1/0721/1168/5771/files/166942-1600-1600.jpg?v=1766929904","","active"
"cinto-carvao-garage","","","","","","","","","85","","","","","","0","","","deny","manual","38.97","129.90","TRUE","TRUE","","https://cdn.shopify.com/s/files/1/0721/1168/5771/files/166943-1600-1600.jpg?v=1766929837","2","https://cdn.shopify.com/s/files/1/0721/1168/5771/files/166942-1600-1600.jpg?v=1766929904","",""
"cinto-carvao-garage","","","","","","","","","90","","","","","","0","","","deny","manual","38.97","129.90","TRUE","TRUE","","","","https://cdn.shopify.com/s/files/1/0721/1168/5771/files/166942-1600-1600.jpg?v=1766929904","",""
"cinto-carvao-garage","","","","","","","","","95","","","","","","0","","","deny","manual","38.97","129.90","TRUE","TRUE","","","","https://cdn.shopify.com/s/files/1/0721/1168/5771/files/166942-1600-1600.jpg?v=1766929904","",""
"cinto-carvao-garage","","","","","","","","","100","","","","","","0","","","deny","manual","38.97","129.90","TRUE","TRUE","","","","https://cdn.shopify.com/s/files/1/0721/1168/5771/files/166942-1600-1600.jpg?v=1766929904","",""
"cinto-carvao-garage","","","","","","","","","105","","","","","","0","","","deny","manual","38.97","129.90","TRUE","TRUE","","","","https://cdn.shopify.com/s/files/1/0721/1168/5771/files/166942-1600-1600.jpg?v=1766929904","",""
"cinto-carvao-garage","","","","","","","","","110","","","","","","0","","","deny","manual","38.97","129.90","TRUE","TRUE","","","","https://cdn.shopify.com/s/files/1/0721/1168/5771/files/166942-1600-1600.jpg?v=1766929904","",""
"cinto-carvao-garage","","","","","","","","","115","","","","","","0","","","deny","manual","38.97","129.90","TRUE","TRUE","","","","https://cdn.shopify.com/s/files/1/0721/1168/5771/files/166942-1600-1600.jpg?v=1766929904","",""
"cinto-carvao-garage","","","","","","","","","120","","","","","","0","","","deny","manual","38.97","129.90","TRUE","TRUE","","","","https://cdn.shopify.com/s/files/1/0721/1168/5771/files/166942-1600-1600.jpg?v=1766929904","",""
"cinto-carvao-garage","","","","","","","","","125","","","","","","0","","","deny","manual","38.97","129.90","TRUE","TRUE","","","","https://cdn.shopify.com/s/files/1/0721/1168/5771/files/166942-1600-1600.jpg?v=1766929904","",""
"carteira-metropolitan-em-couro-preto","Carteira Metropolitan Em Couro Preto","<p><span>Carteira confeccionada em couro, na cor preta. </span><br><span>Parte interna com 6 divisórias para cartões, e 1 abertura total para documentos e cédulas. </span><br><br><span>Dimensões: 10cm x 8cm </span></p>","Tema Conversão","","","","true","Title","Default Title","","","","","","0","","","deny","manual","36.00","120.00","TRUE","TRUE","","https://cdn.shopify.com/s/files/1/0721/1168/5771/files/167200-1600-1600.jpg?v=1766929816","1","","","active"
"carteira-metropolitan-em-couro-preto","","","","","","","","","","","","","","","","","","","","","","","","","https://cdn.shopify.com/s/files/1/0721/1168/5771/files/167201-1600-1600.jpg?v=1766929816","2","","",""
"carteira-metropolitan-em-couro-cafe","Carteira Metropolitan Em Couro Café","<div class=""vtex-flex-layout-0-x-flexColChild vtex-flex-layout-0-x-flexColChild--pdp__main-content-info pb2"">
<div id=""id-kg247s"" class=""vtex-disclosure-layout-1-x-content vtex-disclosure-layout-1-x-content--description-and-specification vtex-disclosure-layout-1-x-content--visible vtex-disclosure-layout-1-x-content--description-and-specification--visible"">
<div class=""vtex-store-components-3-x-productDescriptionContainer"">
<div class=""vtex-store-components-3-x-productDescriptionText c-muted-1"">
<span>Carteira confeccionada em couro, na cor café. </span><br><span>Parte interna com 6 divisórias para cartões, e 1 abertura total para documentos e cédulas. </span><br><br><span>Dimensões: 10cm x 8cm </span>
</div>
</div>
</div>
</div>
<div class=""vtex-flex-layout-0-x-flexColChild vtex-flex-layout-0-x-flexColChild--pdp__main-content-info pb0"">
<div class=""vtex-store-components-3-x-shareContainer db"">
<div class=""vtex-store-components-3-x-shareLabel c-muted-2 t-small mb3"">Compartilhar</div>
<div class=""vtex-store-components-3-x-shareButtons flex flex-row""></div>
</div>
</div>","Tema Conversão","","","","true","Title","Default Title","","","","","","0","","","deny","manual","36.00","120.00","TRUE","TRUE","","https://cdn.shopify.com/s/files/1/0721/1168/5771/files/167198-1600-1600.jpg?v=1766929820","1","","","active"
"carteira-metropolitan-em-couro-cafe","","","","","","","","","","","","","","","","","","","","","","","","","https://cdn.shopify.com/s/files/1/0721/1168/5771/files/167199-1600-1600.jpg?v=1766929832","2","","",""
"brilho-expresso","Brilho Expresso","<p><span>Brilho Expresso dá brilho instantâneo, rápido e prático. Para artigos de couro liso ou sintético.</span><br><span>Esponja com silicone e fragrância, fácil de aplicar. Produto incolor.</span><br></p>","Tema Conversão","","","","true","Title","Default Title","","","","","","0","","","deny","manual","15.00","30.00","TRUE","TRUE","","https://cdn.shopify.com/s/files/1/0721/1168/5771/files/165257-1600-1600.jpg?v=1766929821","1","","","active"
"bota-rust-garage-preto","Bota Rust Garage Preto","<h6><span>Linha Garage.</span></h6>
<h6>
<span>Força, design, personalidade e conforto – principais atributos da linha criada para homens de vanguarda, que se distinguem e se destacam entre os demais. Rústicos e elegantes.<br></span><span><br></span><span>Bota cano curto, confeccionada em couro, na cor preto. Cabedal com recortes no couro, forro em tecido e couro, fechamento em cadarço, sola de borracha com salto e antiderrapante, palmilha macia fixa ao calçado.<br></span><span>Salto = 2,5cm Cano = 9,5cm</span>
</h6>","Tema Conversão","","","","true","Tamanho do calçado","37","","","","","","0","","","deny","manual","75.00","250.00","TRUE","TRUE","","https://cdn.shopify.com/s/files/1/0721/1168/5771/files/170337-1600-1600.jpg?v=1766929967","1","https://cdn.shopify.com/s/files/1/0721/1168/5771/files/170337-1600-1600.jpg?v=1766929967","","active"
"bota-rust-garage-preto","","","","","","","","","38","","","","","","0","","","deny","manual","75.00","250.00","TRUE","TRUE","","https://cdn.shopify.com/s/files/1/0721/1168/5771/files/170338-1600-1600.jpg?v=1766929967","2","https://cdn.shopify.com/s/files/1/0721/1168/5771/files/170337-1600-1600.jpg?v=1766929967","",""
"bota-rust-garage-preto","","","","","","","","","39","","","","","","0","","","deny","manual","75.00","250.00","TRUE","TRUE","","https://cdn.shopify.com/s/files/1/0721/1168/5771/files/170339-1600-1600.jpg?v=1766929968","3","https://cdn.shopify.com/s/files/1/0721/1168/5771/files/170337-1600-1600.jpg?v=1766929967","",""
"bota-rust-garage-preto","","","","","","","","","40","","","","","","0","","","deny","manual","75.00","250.00","TRUE","TRUE","","https://cdn.shopify.com/s/files/1/0721/1168/5771/files/170340-1600-1600.jpg?v=1766929967","4","https://cdn.shopify.com/s/files/1/0721/1168/5771/files/170337-1600-1600.jpg?v=1766929967","",""
"bota-rust-garage-preto","","","","","","","","","41","","","","","","0","","","deny","manual","75.00","250.00","TRUE","TRUE","","","","https://cdn.shopify.com/s/files/1/0721/1168/5771/files/170337-1600-1600.jpg?v=1766929967","",""
"bota-rust-garage-preto","","","","","","","","","42","","","","","","0","","","deny","manual","75.00","250.00","TRUE","TRUE","","","","https://cdn.shopify.com/s/files/1/0721/1168/5771/files/170337-1600-1600.jpg?v=1766929967","",""
"bota-rust-garage-preto","","","","","","","","","43","","","","","","0","","","deny","manual","75.00","250.00","TRUE","TRUE","","","","https://cdn.shopify.com/s/files/1/0721/1168/5771/files/170337-1600-1600.jpg?v=1766929967","",""
"bota-rust-garage-preto","","","","","","","","","44","","","","","","0","","","deny","manual","75.00","250.00","TRUE","TRUE","","","","https://cdn.shopify.com/s/files/1/0721/1168/5771/files/170337-1600-1600.jpg?v=1766929967","",""
"bota-metropolitan-type-preto","Bota Metropolitan Type Preto","<div>
<p class=""MsoNormal"">A Bota Metropolitan Type Preto é um produto moderno e confortável.</p>
<p class=""MsoNormal"">A bota Metropolitan Type é confeccionado em couro na cor preto. O fechamento é em cadarço de amarrar, bico arredondado, forro de tecido e a palmilha feita de Fibra. Seu solado é feito de Micro Expandido.</p>
<p class=""MsoNormal"">Conceito Metropolitan – elegante, moderno, sofisticado e confortável, os modelos dessa linha estão associados à composição de visual impecável – sóbrio e formal – do homem de gosto apurado.</p>
</div>","Tema Conversão","","","","true","Tamanho do calçado","37","","","","","","0","","","deny","manual","75.00","250.00","TRUE","TRUE","","https://cdn.shopify.com/s/files/1/0721/1168/5771/files/170008-1600-1600.jpg?v=1766929963","1","https://cdn.shopify.com/s/files/1/0721/1168/5771/files/170008-1600-1600.jpg?v=1766929963","","active"
"bota-metropolitan-type-preto","","","","","","","","","38","","","","","","0","","","deny","manual","75.00","250.00","TRUE","TRUE","","https://cdn.shopify.com/s/files/1/0721/1168/5771/files/170009-1600-1600.jpg?v=1766929963","2","https://cdn.shopify.com/s/files/1/0721/1168/5771/files/170008-1600-1600.jpg?v=1766929963","",""
"bota-metropolitan-type-preto","","","","","","","","","39","","","","","","0","","","deny","manual","75.00","250.00","TRUE","TRUE","","https://cdn.shopify.com/s/files/1/0721/1168/5771/files/170012-1600-1600.jpg?v=1766929963","3","https://cdn.shopify.com/s/files/1/0721/1168/5771/files/170008-1600-1600.jpg?v=1766929963","",""
"bota-metropolitan-type-preto","","","","","","","","","40","","","","","","0","","","deny","manual","75.00","250.00","TRUE","TRUE","","https://cdn.shopify.com/s/files/1/0721/1168/5771/files/170013-1600-1600.jpg?v=1766929963","4","https://cdn.shopify.com/s/files/1/0721/1168/5771/files/170008-1600-1600.jpg?v=1766929963","",""
"bota-metropolitan-type-preto","","","","","","","","","41","","","","","","0","","","deny","manual","75.00","250.00","TRUE","TRUE","","","","https://cdn.shopify.com/s/files/1/0721/1168/5771/files/170008-1600-1600.jpg?v=1766929963","",""
"bota-metropolitan-type-preto","","","","","","","","","42","","","","","","0","","","deny","manual","75.00","250.00","TRUE","TRUE","","","","https://cdn.shopify.com/s/files/1/0721/1168/5771/files/170008-1600-1600.jpg?v=1766929963","",""
"bota-metropolitan-type-preto","","","","","","","","","43","","","","","","0","","","deny","manual","75.00","250.00","TRUE","TRUE","","","","https://cdn.shopify.com/s/files/1/0721/1168/5771/files/170008-1600-1600.jpg?v=1766929963","",""
"bota-metropolitan-type-preto","","","","","","","","","44","","","","","","0","","","deny","manual","75.00","250.00","TRUE","TRUE","","","","https://cdn.shopify.com/s/files/1/0721/1168/5771/files/170008-1600-1600.jpg?v=1766929963","",""
"bota-metropolitan-type-marrom","Bota Metropolitan Type Marrom","<div class=""vtex-flex-layout-0-x-flexColChild vtex-flex-layout-0-x-flexColChild--pdp__main-content-info pb2"">
<div id=""id-0bq9rk"" class=""vtex-disclosure-layout-1-x-content vtex-disclosure-layout-1-x-content--description-and-specification vtex-disclosure-layout-1-x-content--visible vtex-disclosure-layout-1-x-content--description-and-specification--visible"">
<div class=""vtex-store-components-3-x-productDescriptionContainer"">
<div class=""vtex-store-components-3-x-productDescriptionText c-muted-1"">
<div class=""vtex-flex-layout-0-x-flexColChild vtex-flex-layout-0-x-flexColChild--pdp__main-content-info pb2"">
<div id=""id-q6svuq"" class=""vtex-disclosure-layout-1-x-content vtex-disclosure-layout-1-x-content--description-and-specification vtex-disclosure-layout-1-x-content--visible vtex-disclosure-layout-1-x-content--description-and-specification--visible"">
<div class=""vtex-store-components-3-x-productDescriptionContainer"">
<div class=""vtex-store-components-3-x-productDescriptionText c-muted-1"">
<div class=""vtex-flex-layout-0-x-flexColChild vtex-flex-layout-0-x-flexColChild--pdp__main-content-info pb2"">
<div id=""id-88bu9d"" class=""vtex-disclosure-layout-1-x-content vtex-disclosure-layout-1-x-content--description-and-specification vtex-disclosure-layout-1-x-content--visible vtex-disclosure-layout-1-x-content--description-and-specification--visible"">
<div class=""vtex-store-components-3-x-productDescriptionContainer"">
<div class=""vtex-store-components-3-x-productDescriptionText c-muted-1"">
<div class=""vtex-flex-layout-0-x-flexColChild vtex-flex-layout-0-x-flexColChild--pdp__main-content-info pb2"">
<div id=""id-88eldj"" class=""vtex-disclosure-layout-1-x-content vtex-disclosure-layout-1-x-content--description-and-specification vtex-disclosure-layout-1-x-content--visible vtex-disclosure-layout-1-x-content--description-and-specification--visible"">
<div class=""vtex-store-components-3-x-productDescriptionContainer"">
<div class=""vtex-store-components-3-x-productDescriptionText c-muted-1"">
<p class=""MsoNormal"">A Bota Metropolitan Type Marrom é um produto moderno e confortável.</p>
<p class=""MsoNormal"">A bota Metropolitan Type é confeccionado em couro na cor marrom. O fechamento é em cadarço de amarrar, bico arredondado, forro de tecido e a palmilha feita de Fibra. Seu solado é feito de Micro Expandido.</p>
<p class=""MsoNormal"">Conceito Metropolitan – elegante, moderno, sofisticado e confortável, os modelos dessa linha estão associados à composição de visual impecável – sóbrio e formal – do homem de gosto apurado.</p>
</div>
</div>
</div>
</div>
</div>
</div>
</div>
</div>
</div>
</div>
</div>
</div>
</div>
</div>
</div>
</div>","Tema Conversão","","","","true","Tamanho do calçado","37","","","","","","0","","","deny","manual","89.97","299.90","TRUE","TRUE","","https://cdn.shopify.com/s/files/1/0721/1168/5771/files/170708-1600-1600.jpg?v=1766929871","1","https://cdn.shopify.com/s/files/1/0721/1168/5771/files/170708-1600-1600.jpg?v=1766929871","","active"
"bota-metropolitan-type-marrom","","","","","","","","","38","","","","","","0","","","deny","manual","89.97","299.90","TRUE","TRUE","","https://cdn.shopify.com/s/files/1/0721/1168/5771/files/170709-1600-1600.jpg?v=1766929871","2","https://cdn.shopify.com/s/files/1/0721/1168/5771/files/170708-1600-1600.jpg?v=1766929871","",""
"bota-metropolitan-type-marrom","","","","","","","","","39","","","","","","0","","","deny","manual","89.97","299.90","TRUE","TRUE","","https://cdn.shopify.com/s/files/1/0721/1168/5771/files/170710-1600-1600.jpg?v=1766929870","3","https://cdn.shopify.com/s/files/1/0721/1168/5771/files/170708-1600-1600.jpg?v=1766929871","",""
"bota-metropolitan-type-marrom","","","","","","","","","40","","","","","","0","","","deny","manual","89.97","299.90","TRUE","TRUE","","https://cdn.shopify.com/s/files/1/0721/1168/5771/files/170711-1600-1600.jpg?v=1766929872","4","https://cdn.shopify.com/s/files/1/0721/1168/5771/files/170708-1600-1600.jpg?v=1766929871","",""
"bota-metropolitan-type-marrom","","","","","","","","","41","","","","","","0","","","deny","manual","89.97","299.90","TRUE","TRUE","","","","https://cdn.shopify.com/s/files/1/0721/1168/5771/files/170708-1600-1600.jpg?v=1766929871","",""
"bota-metropolitan-type-marrom","","","","","","","","","42","","","","","","0","","","deny","manual","89.97","299.90","TRUE","TRUE","","","","https://cdn.shopify.com/s/files/1/0721/1168/5771/files/170708-1600-1600.jpg?v=1766929871","",""
"bota-metropolitan-type-marrom","","","","","","","","","43","","","","","","0","","","deny","manual","89.97","299.90","TRUE","TRUE","","","","https://cdn.shopify.com/s/files/1/0721/1168/5771/files/170708-1600-1600.jpg?v=1766929871","",""
"bota-metropolitan-type-marrom","","","","","","","","","44","","","","","","0","","","deny","manual","89.97","299.90","TRUE","TRUE","","","","https://cdn.shopify.com/s/files/1/0721/1168/5771/files/170708-1600-1600.jpg?v=1766929871","",""
"bota-metropolitan-oliver-cafe","Bota Metropolitan Oliver Café","<div class=""vtex-flex-layout-0-x-flexColChild vtex-flex-layout-0-x-flexColChild--pdp__main-content-info pb2"">
<div id=""id-0bq9rk"" class=""vtex-disclosure-layout-1-x-content vtex-disclosure-layout-1-x-content--description-and-specification vtex-disclosure-layout-1-x-content--visible vtex-disclosure-layout-1-x-content--description-and-specification--visible"">
<div class=""vtex-store-components-3-x-productDescriptionContainer"">
<div class=""vtex-store-components-3-x-productDescriptionText c-muted-1"">
<div class=""vtex-flex-layout-0-x-flexColChild vtex-flex-layout-0-x-flexColChild--pdp__main-content-info pb2"">
<div id=""id-q6svuq"" class=""vtex-disclosure-layout-1-x-content vtex-disclosure-layout-1-x-content--description-and-specification vtex-disclosure-layout-1-x-content--visible vtex-disclosure-layout-1-x-content--description-and-specification--visible"">
<div class=""vtex-store-components-3-x-productDescriptionContainer"">
<div class=""vtex-store-components-3-x-productDescriptionText c-muted-1"">
<div class=""vtex-flex-layout-0-x-flexColChild vtex-flex-layout-0-x-flexColChild--pdp__main-content-info pb2"">
<div id=""id-88bu9d"" class=""vtex-disclosure-layout-1-x-content vtex-disclosure-layout-1-x-content--description-and-specification vtex-disclosure-layout-1-x-content--visible vtex-disclosure-layout-1-x-content--description-and-specification--visible"">
<div class=""vtex-store-components-3-x-productDescriptionContainer"">
<div class=""vtex-store-components-3-x-productDescriptionText c-muted-1"">
<div class=""vtex-flex-layout-0-x-flexColChild vtex-flex-layout-0-x-flexColChild--pdp__main-content-info pb2"">
<div id=""id-88eldj"" class=""vtex-disclosure-layout-1-x-content vtex-disclosure-layout-1-x-content--description-and-specification vtex-disclosure-layout-1-x-content--visible vtex-disclosure-layout-1-x-content--description-and-specification--visible"">
<div class=""vtex-store-components-3-x-productDescriptionContainer"">
<div class=""vtex-store-components-3-x-productDescriptionText c-muted-1"">
<p class=""MsoNormal"">A bota de couro Café Metropolitan Oliver é um produto moderno e confortável.</p>
<p class=""MsoNormal"">A Bota Metropolitan Oliver tem cano curto e é confeccionada em couro na cor Café. Possui fechamento em cadarço de amarrar, cabedal detalhado com recortes, além de forro em tecido. O solado é feito de E.V.A e a é palmilha fixa.</p>
<p class=""MsoNormal"">Conceito Metropolitan – elegante, moderno, sofisticado e confortável, os modelos dessa linha estão associados à composição de visual impecável – sóbrio e formal – do homem de gosto apurado.</p>
</div>
</div>
</div>
</div>
</div>
</div>
</div>
</div>
</div>
</div>
</div>
</div>
</div>
</div>
</div>
</div>","Tema Conversão","","","","true","Tamanho do calçado","37","","","","","","0","","","deny","manual","78.00","260.00","TRUE","TRUE","","https://cdn.shopify.com/s/files/1/0721/1168/5771/files/170692-1600-1600.jpg?v=1766929947","1","https://cdn.shopify.com/s/files/1/0721/1168/5771/files/170692-1600-1600.jpg?v=1766929947","","active"
"bota-metropolitan-oliver-cafe","","","","","","","","","38","","","","","","0","","","deny","manual","78.00","260.00","TRUE","TRUE","","https://cdn.shopify.com/s/files/1/0721/1168/5771/files/170693-1600-1600.jpg?v=1766929947","2","https://cdn.shopify.com/s/files/1/0721/1168/5771/files/170692-1600-1600.jpg?v=1766929947","",""
"bota-metropolitan-oliver-cafe","","","","","","","","","39","","","","","","0","","","deny","manual","78.00","260.00","TRUE","TRUE","","https://cdn.shopify.com/s/files/1/0721/1168/5771/files/170694-1600-1600.jpg?v=1766929947","3","https://cdn.shopify.com/s/files/1/0721/1168/5771/files/170692-1600-1600.jpg?v=1766929947","",""
"bota-metropolitan-oliver-cafe","","","","","","","","","40","","","","","","0","","","deny","manual","78.00","260.00","TRUE","TRUE","","https://cdn.shopify.com/s/files/1/0721/1168/5771/files/170695-1600-1600.jpg?v=1766929947","4","https://cdn.shopify.com/s/files/1/0721/1168/5771/files/170692-1600-1600.jpg?v=1766929947","",""
"bota-metropolitan-oliver-cafe","","","","","","","","","41","","","","","","0","","","deny","manual","78.00","260.00","TRUE","TRUE","","","","https://cdn.shopify.com/s/files/1/0721/1168/5771/files/170692-1600-1600.jpg?v=1766929947","",""
"bota-metropolitan-oliver-cafe","","","","","","","","","42","","","","","","0","","","deny","manual","78.00","260.00","TRUE","TRUE","","","","https://cdn.shopify.com/s/files/1/0721/1168/5771/files/170692-1600-1600.jpg?v=1766929947","",""
"bota-metropolitan-oliver-cafe","","","","","","","","","43","","","","","","0","","","deny","manual","78.00","260.00","TRUE","TRUE","","","","https://cdn.shopify.com/s/files/1/0721/1168/5771/files/170692-1600-1600.jpg?v=1766929947","",""
"bota-metropolitan-oliver-cafe","","","","","","","","","44","","","","","","0","","","deny","manual","78.00","260.00","TRUE","TRUE","","","","https://cdn.shopify.com/s/files/1/0721/1168/5771/files/170692-1600-1600.jpg?v=1766929947","",""
"bota-metropolitan-collin-marrom-ultra-light","Bota Metropolitan Collin Marrom Ultra Light","<div class=""vtex-flex-layout-0-x-flexColChild vtex-flex-layout-0-x-flexColChild--pdp__main-content-info pb2"">
<div class=""vtex-disclosure-layout-1-x-content vtex-disclosure-layout-1-x-content--description-and-specification vtex-disclosure-layout-1-x-content--visible vtex-disclosure-layout-1-x-content--description-and-specification--visible"" id=""id-0bq9rk"">
<div class=""vtex-store-components-3-x-productDescriptionContainer"">
<div class=""vtex-store-components-3-x-productDescriptionText c-muted-1"">
<div class=""vtex-flex-layout-0-x-flexColChild vtex-flex-layout-0-x-flexColChild--pdp__main-content-info pb2"">
<div class=""vtex-disclosure-layout-1-x-content vtex-disclosure-layout-1-x-content--description-and-specification vtex-disclosure-layout-1-x-content--visible vtex-disclosure-layout-1-x-content--description-and-specification--visible"" id=""id-q6svuq"">
<div class=""vtex-store-components-3-x-productDescriptionContainer"">
<div class=""vtex-store-components-3-x-productDescriptionText c-muted-1"">
<div class=""vtex-flex-layout-0-x-flexColChild vtex-flex-layout-0-x-flexColChild--pdp__main-content-info pb2"">
<div class=""vtex-disclosure-layout-1-x-content vtex-disclosure-layout-1-x-content--description-and-specification vtex-disclosure-layout-1-x-content--visible vtex-disclosure-layout-1-x-content--description-and-specification--visible"" id=""id-88bu9d"">
<div class=""vtex-store-components-3-x-productDescriptionContainer"">
<div class=""vtex-store-components-3-x-productDescriptionText c-muted-1"">
<div class=""vtex-flex-layout-0-x-flexColChild vtex-flex-layout-0-x-flexColChild--pdp__main-content-info pb2"">
<div class=""vtex-disclosure-layout-1-x-content vtex-disclosure-layout-1-x-content--description-and-specification vtex-disclosure-layout-1-x-content--visible vtex-disclosure-layout-1-x-content--description-and-specification--visible"" id=""id-88eldj"">
<div class=""vtex-store-components-3-x-productDescriptionContainer"">
<div class=""vtex-store-components-3-x-productDescriptionText c-muted-1"">
<p class=""MsoNormal"">A Bota Metropolitan Collin Marrom Ultra Light é um produto moderno e social.</p>
<p class=""MsoNormal""> </p>
<p class=""MsoNormal"">A bota Metropolitan Collin UItra Light é confeccionado em couro na cor marrom. O fechamento é em cadarço de amarrar, bico arredondado, forro de tecido e a palmilha feita de Fibra. Seu solado é feito de EVA. Este modelo contém a tecnologia Ultra Light – leve, macio, flexível e versátil.</p>
<p class=""MsoNormal""> </p>
<p class=""MsoNormal"">Conceito Metropolitan – elegante, moderno, sofisticado e confortável, os modelos dessa linha estão associados à composição de visual impecável – sóbrio e formal – do homem de gosto apurado.</p>
</div>
</div>
</div>
</div>
</div>
</div>
</div>
</div>
</div>
</div>
</div>
</div>
</div>
</div>
</div>
</div>","Tema Conversão","","","","true","Tamanho do calçado","37","","","","","","0","","","deny","manual","84.00","280.00","TRUE","TRUE","","https://cdn.shopify.com/s/files/1/0721/1168/5771/files/169758-1600-1600.jpg?v=1766929940","1","https://cdn.shopify.com/s/files/1/0721/1168/5771/files/169758-1600-1600.jpg?v=1766929940","","active"
"bota-metropolitan-collin-marrom-ultra-light","","","","","","","","","38","","","","","","0","","","deny","manual","84.00","280.00","TRUE","TRUE","","https://cdn.shopify.com/s/files/1/0721/1168/5771/files/169760-1600-1600.jpg?v=1766929940","2","https://cdn.shopify.com/s/files/1/0721/1168/5771/files/169758-1600-1600.jpg?v=1766929940","",""
"bota-metropolitan-collin-marrom-ultra-light","","","","","","","","","39","","","","","","0","","","deny","manual","84.00","280.00","TRUE","TRUE","","https://cdn.shopify.com/s/files/1/0721/1168/5771/files/169761-1600-1600.jpg?v=1766929940","3","https://cdn.shopify.com/s/files/1/0721/1168/5771/files/169758-1600-1600.jpg?v=1766929940","",""
"bota-metropolitan-collin-marrom-ultra-light","","","","","","","","","40","","","","","","0","","","deny","manual","84.00","280.00","TRUE","TRUE","","https://cdn.shopify.com/s/files/1/0721/1168/5771/files/169764-1600-1600.jpg?v=1766929940","4","https://cdn.shopify.com/s/files/1/0721/1168/5771/files/169758-1600-1600.jpg?v=1766929940","",""
"bota-metropolitan-collin-marrom-ultra-light","","","","","","","","","41","","","","","","0","","","deny","manual","84.00","280.00","TRUE","TRUE","","","","https://cdn.shopify.com/s/files/1/0721/1168/5771/files/169758-1600-1600.jpg?v=1766929940","",""
"bota-metropolitan-collin-marrom-ultra-light","","","","","","","","","42","","","","","","0","","","deny","manual","84.00","280.00","TRUE","TRUE","","","","https://cdn.shopify.com/s/files/1/0721/1168/5771/files/169758-1600-1600.jpg?v=1766929940","",""
"bota-metropolitan-collin-marrom-ultra-light","","","","","","","","","43","","","","","","0","","","deny","manual","84.00","280.00","TRUE","TRUE","","","","https://cdn.shopify.com/s/files/1/0721/1168/5771/files/169758-1600-1600.jpg?v=1766929940","",""
"bota-metropolitan-collin-marrom-ultra-light","","","","","","","","","44","","","","","","0","","","deny","manual","84.00","280.00","TRUE","TRUE","","","","https://cdn.shopify.com/s/files/1/0721/1168/5771/files/169758-1600-1600.jpg?v=1766929940","",""
"bota-garage-trattore-ultra-light-preto","Bota Garage Trattore Ultra Light Preto","<div class=""vtex-flex-layout-0-x-flexColChild vtex-flex-layout-0-x-flexColChild--pdp__main-content-info pb2"">
<div class=""vtex-disclosure-layout-1-x-content vtex-disclosure-layout-1-x-content--description-and-specification vtex-disclosure-layout-1-x-content--visible vtex-disclosure-layout-1-x-content--description-and-specification--visible"" id=""id-0bq9rk"">
<div class=""vtex-store-components-3-x-productDescriptionContainer"">
<div class=""vtex-store-components-3-x-productDescriptionText c-muted-1"">
<div class=""vtex-flex-layout-0-x-flexColChild vtex-flex-layout-0-x-flexColChild--pdp__main-content-info pb2"">
<div class=""vtex-disclosure-layout-1-x-content vtex-disclosure-layout-1-x-content--description-and-specification vtex-disclosure-layout-1-x-content--visible vtex-disclosure-layout-1-x-content--description-and-specification--visible"" id=""id-q6svuq"">
<div class=""vtex-store-components-3-x-productDescriptionContainer"">
<div class=""vtex-store-components-3-x-productDescriptionText c-muted-1"">
<div class=""vtex-flex-layout-0-x-flexColChild vtex-flex-layout-0-x-flexColChild--pdp__main-content-info pb2"">
<div class=""vtex-disclosure-layout-1-x-content vtex-disclosure-layout-1-x-content--description-and-specification vtex-disclosure-layout-1-x-content--visible vtex-disclosure-layout-1-x-content--description-and-specification--visible"" id=""id-88bu9d"">
<div class=""vtex-store-components-3-x-productDescriptionContainer"">
<div class=""vtex-store-components-3-x-productDescriptionText c-muted-1"">
<div class=""vtex-flex-layout-0-x-flexColChild vtex-flex-layout-0-x-flexColChild--pdp__main-content-info pb2"">
<div class=""vtex-disclosure-layout-1-x-content vtex-disclosure-layout-1-x-content--description-and-specification vtex-disclosure-layout-1-x-content--visible vtex-disclosure-layout-1-x-content--description-and-specification--visible"" id=""id-88eldj"">
<div class=""vtex-store-components-3-x-productDescriptionContainer"">
<div class=""vtex-store-components-3-x-productDescriptionText c-muted-1"">
<p class=""MsoNormal"">A bota de couro Preto Garage Trattore é um produto leve e moderno.</p>
<p class=""MsoNormal"">A bota Garage Trattore tem o cano curto, confeccionado em couro na cor preta. Possui cabedal com recortes no couro, puxador no calcanhar e o fechamento em cadarço de amarrar. O solado é de E.V.A e a palmilha é fixa. Este modelo contém a tecnologia Ultra Light – leve, macio, flexível e versátil.</p>
<p class=""MsoNormal"">Conceito Garage – força design, personalidade e conforto – Principais atributos da linha criada para homens de vanguarda, que se distinguem e se destacam entre os demais. Rústicos e elegantes.</p>
</div>
</div>
</div>
</div>
</div>
</div>
</div>
</div>
</div>
</div>
</div>
</div>
</div>
</div>
</div>
</div>","Tema Conversão","","","","true","Tamanho do calçado","37","","","","","","0","","","deny","manual","119.97","399.90","TRUE","TRUE","","https://cdn.shopify.com/s/files/1/0721/1168/5771/files/169970-1600-1600.jpg?v=1766929864","1","https://cdn.shopify.com/s/files/1/0721/1168/5771/files/169970-1600-1600.jpg?v=1766929864","","active"
"bota-garage-trattore-ultra-light-preto","","","","","","","","","38","","","","","","0","","","deny","manual","119.97","399.90","TRUE","TRUE","","https://cdn.shopify.com/s/files/1/0721/1168/5771/files/169971-1600-1600.jpg?v=1766929865","2","https://cdn.shopify.com/s/files/1/0721/1168/5771/files/169970-1600-1600.jpg?v=1766929864","",""
"bota-garage-trattore-ultra-light-preto","","","","","","","","","39","","","","","","0","","","deny","manual","119.97","399.90","TRUE","TRUE","","https://cdn.shopify.com/s/files/1/0721/1168/5771/files/169972-1600-1600.jpg?v=1766929865","3","https://cdn.shopify.com/s/files/1/0721/1168/5771/files/169970-1600-1600.jpg?v=1766929864","",""
"bota-garage-trattore-ultra-light-preto","","","","","","","","","40","","","","","","0","","","deny","manual","119.97","399.90","TRUE","TRUE","","https://cdn.shopify.com/s/files/1/0721/1168/5771/files/169973-1600-1600.jpg?v=1766929863","4","https://cdn.shopify.com/s/files/1/0721/1168/5771/files/169970-1600-1600.jpg?v=1766929864","",""
"bota-garage-trattore-ultra-light-preto","","","","","","","","","41","","","","","","0","","","deny","manual","119.97","399.90","TRUE","TRUE","","","","https://cdn.shopify.com/s/files/1/0721/1168/5771/files/169970-1600-1600.jpg?v=1766929864","",""
"bota-garage-trattore-ultra-light-preto","","","","","","","","","42","","","","","","0","","","deny","manual","119.97","399.90","TRUE","TRUE","","","","https://cdn.shopify.com/s/files/1/0721/1168/5771/files/169970-1600-1600.jpg?v=1766929864","",""
"bota-garage-trattore-ultra-light-preto","","","","","","","","","43","","","","","","0","","","deny","manual","119.97","399.90","TRUE","TRUE","","","","https://cdn.shopify.com/s/files/1/0721/1168/5771/files/169970-1600-1600.jpg?v=1766929864","",""
"bota-garage-trattore-ultra-light-preto","","","","","","","","","44","","","","","","0","","","deny","manual","119.97","399.90","TRUE","TRUE","","","","https://cdn.shopify.com/s/files/1/0721/1168/5771/files/169970-1600-1600.jpg?v=1766929864","",""
"bota-garage-lock-preto","Bota Garage Lock Preto","<div class=""vtex-flex-layout-0-x-flexColChild vtex-flex-layout-0-x-flexColChild--pdp__main-content-info pb2"">
<div id=""id-0bq9rk"" class=""vtex-disclosure-layout-1-x-content vtex-disclosure-layout-1-x-content--description-and-specification vtex-disclosure-layout-1-x-content--visible vtex-disclosure-layout-1-x-content--description-and-specification--visible"">
<div class=""vtex-store-components-3-x-productDescriptionContainer"">
<div class=""vtex-store-components-3-x-productDescriptionText c-muted-1"">
<div class=""vtex-flex-layout-0-x-flexColChild vtex-flex-layout-0-x-flexColChild--pdp__main-content-info pb2"">
<div id=""id-q6svuq"" class=""vtex-disclosure-layout-1-x-content vtex-disclosure-layout-1-x-content--description-and-specification vtex-disclosure-layout-1-x-content--visible vtex-disclosure-layout-1-x-content--description-and-specification--visible"">
<div class=""vtex-store-components-3-x-productDescriptionContainer"">
<div class=""vtex-store-components-3-x-productDescriptionText c-muted-1"">
<div class=""vtex-flex-layout-0-x-flexColChild vtex-flex-layout-0-x-flexColChild--pdp__main-content-info pb2"">
<div id=""id-88bu9d"" class=""vtex-disclosure-layout-1-x-content vtex-disclosure-layout-1-x-content--description-and-specification vtex-disclosure-layout-1-x-content--visible vtex-disclosure-layout-1-x-content--description-and-specification--visible"">
<div class=""vtex-store-components-3-x-productDescriptionContainer"">
<div class=""vtex-store-components-3-x-productDescriptionText c-muted-1"">
<div class=""vtex-flex-layout-0-x-flexColChild vtex-flex-layout-0-x-flexColChild--pdp__main-content-info pb2"">
<div id=""id-88eldj"" class=""vtex-disclosure-layout-1-x-content vtex-disclosure-layout-1-x-content--description-and-specification vtex-disclosure-layout-1-x-content--visible vtex-disclosure-layout-1-x-content--description-and-specification--visible"">
<div class=""vtex-store-components-3-x-productDescriptionContainer"">
<div class=""vtex-store-components-3-x-productDescriptionText c-muted-1"">
<p class=""MsoNormal"">A Bota de couro Preto Garage Lock é um produto moderno e urbano.</p>
<p class=""MsoNormal"">A bota Garage Lock é confeccionada em couro, na cor preta e possui o cano curto. Traz cabedal com recortes no couro, forro de tecido, fechamento em cadarço de elástico, puxador no calcanhar, sola de Micro Expandido com costura aparente em volta. A palmilha é fixa no calçado.</p>
<p class=""MsoNormal"">Conceito Garage – força design, personalidade e conforto – Principais atributos da linha criada para homens de vanguarda, que se distinguem e se destacam entre os demais. Rústicos e elegantes.</p>
</div>
</div>
</div>
</div>
</div>
</div>
</div>
</div>
</div>
</div>
</div>
</div>
</div>
</div>
</div>
</div>","Tema Conversão","","","","true","Tamanho do calçado","37","","","","","","0","","","deny","manual","119.97","399.90","TRUE","TRUE","","https://cdn.shopify.com/s/files/1/0721/1168/5771/files/169966-1600-1600.jpg?v=1766929869","1","https://cdn.shopify.com/s/files/1/0721/1168/5771/files/169966-1600-1600.jpg?v=1766929869","","active"
"bota-garage-lock-preto","","","","","","","","","38","","","","","","0","","","deny","manual","119.97","399.90","TRUE","TRUE","","https://cdn.shopify.com/s/files/1/0721/1168/5771/files/169967-1600-1600.jpg?v=1766929868","2","https://cdn.shopify.com/s/files/1/0721/1168/5771/files/169966-1600-1600.jpg?v=1766929869","",""
"bota-garage-lock-preto","","","","","","","","","39","","","","","","0","","","deny","manual","119.97","399.90","TRUE","TRUE","","https://cdn.shopify.com/s/files/1/0721/1168/5771/files/169968-1600-1600.jpg?v=1766929866","3","https://cdn.shopify.com/s/files/1/0721/1168/5771/files/169966-1600-1600.jpg?v=1766929869","",""
"bota-garage-lock-preto","","","","","","","","","40","","","","","","0","","","deny","manual","119.97","399.90","TRUE","TRUE","","","","https://cdn.shopify.com/s/files/1/0721/1168/5771/files/169966-1600-1600.jpg?v=1766929869","",""
"bota-garage-lock-preto","","","","","","","","","41","","","","","","0","","","deny","manual","119.97","399.90","TRUE","TRUE","","","","https://cdn.shopify.com/s/files/1/0721/1168/5771/files/169966-1600-1600.jpg?v=1766929869","",""
"bota-garage-lock-preto","","","","","","","","","42","","","","","","0","","","deny","manual","119.97","399.90","TRUE","TRUE","","","","https://cdn.shopify.com/s/files/1/0721/1168/5771/files/169966-1600-1600.jpg?v=1766929869","",""
"bota-garage-lock-preto","","","","","","","","","43","","","","","","0","","","deny","manual","119.97","399.90","TRUE","TRUE","","","","https://cdn.shopify.com/s/files/1/0721/1168/5771/files/169966-1600-1600.jpg?v=1766929869","",""
"bota-garage-lock-preto","","","","","","","","","44","","","","","","0","","","deny","manual","119.97","399.90","TRUE","TRUE","","","","https://cdn.shopify.com/s/files/1/0721/1168/5771/files/169966-1600-1600.jpg?v=1766929869","",""
"bota-garage-eron-preto","Bota Garage Eron Preto","<div class=""vtex-flex-layout-0-x-flexColChild vtex-flex-layout-0-x-flexColChild--pdp__main-content-info pb2"">
<div id=""id-0bq9rk"" class=""vtex-disclosure-layout-1-x-content vtex-disclosure-layout-1-x-content--description-and-specification vtex-disclosure-layout-1-x-content--visible vtex-disclosure-layout-1-x-content--description-and-specification--visible"">
<div class=""vtex-store-components-3-x-productDescriptionContainer"">
<div class=""vtex-store-components-3-x-productDescriptionText c-muted-1"">
<div class=""vtex-flex-layout-0-x-flexColChild vtex-flex-layout-0-x-flexColChild--pdp__main-content-info pb2"">
<div id=""id-q6svuq"" class=""vtex-disclosure-layout-1-x-content vtex-disclosure-layout-1-x-content--description-and-specification vtex-disclosure-layout-1-x-content--visible vtex-disclosure-layout-1-x-content--description-and-specification--visible"">
<div class=""vtex-store-components-3-x-productDescriptionContainer"">
<div class=""vtex-store-components-3-x-productDescriptionText c-muted-1"">
<div class=""vtex-flex-layout-0-x-flexColChild vtex-flex-layout-0-x-flexColChild--pdp__main-content-info pb2"">
<div id=""id-88bu9d"" class=""vtex-disclosure-layout-1-x-content vtex-disclosure-layout-1-x-content--description-and-specification vtex-disclosure-layout-1-x-content--visible vtex-disclosure-layout-1-x-content--description-and-specification--visible"">
<div class=""vtex-store-components-3-x-productDescriptionContainer"">
<div class=""vtex-store-components-3-x-productDescriptionText c-muted-1"">
<p class=""MsoNormal"">Bota Garage Eron Preto é um produto confortável e moderno.</p>
<p class=""MsoNormal""> </p>
<p class=""MsoNormal"">A bota Garage Eron é confeccionado em couro na cor preto. O fechamento é em cadarço de amarrar, bico arredondado, forro de tecido e a palmilha é feita de Fibra. Seu solado é feito de Borracha.</p>
<p class=""MsoNormal""> </p>
<p class=""MsoNormal"">Conceito Garage – força design, personalidade e conforto – Principais atributos da linha criada para homens de vanguarda, que se distinguem e se destacam entre os demais. Rústicos e elegantes.</p>
</div>
</div>
</div>
</div>
<div class=""vtex-flex-layout-0-x-flexColChild vtex-flex-layout-0-x-flexColChild--pdp__main-content-info pb0"">
<div class=""vtex-store-components-3-x-shareContainer db"">
<div class=""vtex-store-components-3-x-shareLabel c-muted-2 t-small mb3"">Compartilhar</div>
<div class=""vtex-store-components-3-x-shareButtons flex flex-row""></div>
</div>
</div>
</div>
</div>
</div>
</div>
</div>
</div>
</div>
</div>","Tema Conversão","","","","true","Tamanho do calçado","37","","","","","","0","","","deny","manual","81.00","270.00","TRUE","TRUE","","https://cdn.shopify.com/s/files/1/0721/1168/5771/files/169952-1600-1600.jpg?v=1766929959","1","https://cdn.shopify.com/s/files/1/0721/1168/5771/files/169952-1600-1600.jpg?v=1766929959","","active"
"bota-garage-eron-preto","","","","","","","","","38","","","","","","0","","","deny","manual","81.00","270.00","TRUE","TRUE","","https://cdn.shopify.com/s/files/1/0721/1168/5771/files/169954-1600-1600.jpg?v=1766929959","2","https://cdn.shopify.com/s/files/1/0721/1168/5771/files/169952-1600-1600.jpg?v=1766929959","",""
"bota-garage-eron-preto","","","","","","","","","39","","","","","","0","","","deny","manual","81.00","270.00","TRUE","TRUE","","https://cdn.shopify.com/s/files/1/0721/1168/5771/files/169955-1600-1600.jpg?v=1766929959","3","https://cdn.shopify.com/s/files/1/0721/1168/5771/files/169952-1600-1600.jpg?v=1766929959","",""
"bota-garage-eron-preto","","","","","","","","","40","","","","","","0","","","deny","manual","81.00","270.00","TRUE","TRUE","","https://cdn.shopify.com/s/files/1/0721/1168/5771/files/169956-1600-1600.jpg?v=1766929959","4","https://cdn.shopify.com/s/files/1/0721/1168/5771/files/169952-1600-1600.jpg?v=1766929959","",""
"bota-garage-eron-preto","","","","","","","","","41","","","","","","0","","","deny","manual","81.00","270.00","TRUE","TRUE","","","","https://cdn.shopify.com/s/files/1/0721/1168/5771/files/169952-1600-1600.jpg?v=1766929959","",""
"bota-garage-eron-preto","","","","","","","","","42","","","","","","0","","","deny","manual","81.00","270.00","TRUE","TRUE","","","","https://cdn.shopify.com/s/files/1/0721/1168/5771/files/169952-1600-1600.jpg?v=1766929959","",""
"bota-garage-eron-preto","","","","","","","","","43","","","","","","0","","","deny","manual","81.00","270.00","TRUE","TRUE","","","","https://cdn.shopify.com/s/files/1/0721/1168/5771/files/169952-1600-1600.jpg?v=1766929959","",""
"bota-garage-eron-preto","","","","","","","","","44","","","","","","0","","","deny","manual","81.00","270.00","TRUE","TRUE","","","","https://cdn.shopify.com/s/files/1/0721/1168/5771/files/169952-1600-1600.jpg?v=1766929959","",""
"bota-garage-eron-marrom","Bota Garage Eron Marrom","<p class=""MsoNormal"">A Bota Garage Eron Marorm é um produto moderno e confortável.</p>
<p class=""MsoNormal""> </p>
<p class=""MsoNormal"">A bota Garage Eron é confeccionado em couro na cor marrom. O fechamento é de cadarço de amarrar, bico arredondado, forro de tecido e a palmilha feita de Fibra. Seu solado é feito de borracha.</p>
<p class=""MsoNormal""> </p>
<p class=""MsoNormal"">Conceito Garage – força design, personalidade e conforto – Principais atributos da linha criada para homens de vanguarda, que se distinguem e se destacam entre os demais. Rústicos e elegantes.</p>","Tema Conversão","","","","true","Tamanho do calçado","37","","","","","","0","","","deny","manual","129.00","259.00","TRUE","TRUE","","https://cdn.shopify.com/s/files/1/0721/1168/5771/files/169946-1600-1600.jpg?v=1766929970","1","https://cdn.shopify.com/s/files/1/0721/1168/5771/files/169946-1600-1600.jpg?v=1766929970","","active"
"bota-garage-eron-marrom","","","","","","","","","38","","","","","","0","","","deny","manual","129.00","259.00","TRUE","TRUE","","https://cdn.shopify.com/s/files/1/0721/1168/5771/files/169947-1600-1600.jpg?v=1766929970","2","https://cdn.shopify.com/s/files/1/0721/1168/5771/files/169946-1600-1600.jpg?v=1766929970","",""
"bota-garage-eron-marrom","","","","","","","","","39","","","","","","0","","","deny","manual","129.00","259.00","TRUE","TRUE","","https://cdn.shopify.com/s/files/1/0721/1168/5771/files/169948-1600-1600.jpg?v=1766929970","3","https://cdn.shopify.com/s/files/1/0721/1168/5771/files/169946-1600-1600.jpg?v=1766929970","",""
"bota-garage-eron-marrom","","","","","","","","","40","","","","","","0","","","deny","manual","129.00","259.00","TRUE","TRUE","","https://cdn.shopify.com/s/files/1/0721/1168/5771/files/169950-1600-1600.jpg?v=1766929970","4","https://cdn.shopify.com/s/files/1/0721/1168/5771/files/169946-1600-1600.jpg?v=1766929970","",""
"bota-garage-eron-marrom","","","","","","","","","41","","","","","","0","","","deny","manual","129.00","259.00","TRUE","TRUE","","","","https://cdn.shopify.com/s/files/1/0721/1168/5771/files/169946-1600-1600.jpg?v=1766929970","",""
"bota-garage-eron-marrom","","","","","","","","","42","","","","","","0","","","deny","manual","129.00","259.00","TRUE","TRUE","","","","https://cdn.shopify.com/s/files/1/0721/1168/5771/files/169946-1600-1600.jpg?v=1766929970","",""
"bota-garage-eron-marrom","","","","","","","","","43","","","","","","0","","","deny","manual","129.00","259.00","TRUE","TRUE","","","","https://cdn.shopify.com/s/files/1/0721/1168/5771/files/169946-1600-1600.jpg?v=1766929970","",""
"bota-garage-eron-marrom","","","","","","","","","44","","","","","","0","","","deny","manual","129.00","259.00","TRUE","TRUE","","","","https://cdn.shopify.com/s/files/1/0721/1168/5771/files/169946-1600-1600.jpg?v=1766929970","",""
"sapato-de-couro-metropolitan-james-hi-soft-32-preto","Bota Garage Eron Carvalho","<div>A Bota Garage Eron Carvalho é um produto moderno e confortável.</div>
<div><br></div>
<div>A bota Garage Eron é confeccionado em couro na cor carvalho. O fechamento é de cadarço de amarrar, bico arredondado, forro de tecido e a palmilha feita de Fibra. Seu solado é feito de borracha.</div>
<div><br></div>
<div>Conceito Garage – força design, personalidade e conforto – Principais atributos da linha criada para homens de vanguarda, que se distinguem e se destacam entre os demais. Rústicos e elegantes.</div>
<div></div>","Tema Conversão","","","","true","Tamanho do calçado","37","","","","","","0","","","deny","manual","78.00","78.00","TRUE","TRUE","","https://cdn.shopify.com/s/files/1/0721/1168/5771/files/169940-1600-1600.jpg?v=1766929965","1","","","active"
"sapato-de-couro-metropolitan-james-hi-soft-32-preto","","","","","","","","","38","","","","","","0","","","deny","manual","78.00","78.00","TRUE","TRUE","","https://cdn.shopify.com/s/files/1/0721/1168/5771/files/169942-1600-1600.jpg?v=1766929965","2","","",""
"sapato-de-couro-metropolitan-james-hi-soft-32-preto","","","","","","","","","39","","","","","","0","","","deny","manual","78.00","78.00","TRUE","TRUE","","https://cdn.shopify.com/s/files/1/0721/1168/5771/files/169943-1600-1600.jpg?v=1766929965","3","","",""
"sapato-de-couro-metropolitan-james-hi-soft-32-preto","","","","","","","","","40","","","","","","0","","","deny","manual","78.00","78.00","TRUE","TRUE","","https://cdn.shopify.com/s/files/1/0721/1168/5771/files/169945-1600-1600.jpg?v=1766929965","4","","",""
"sapato-de-couro-metropolitan-james-hi-soft-32-preto","","","","","","","","","41","","","","","","0","","","deny","manual","78.00","78.00","TRUE","TRUE","","","","","",""
"sapato-de-couro-metropolitan-james-hi-soft-32-preto","","","","","","","","","42","","","","","","0","","","deny","manual","78.00","78.00","TRUE","TRUE","","","","","",""
"sapato-de-couro-metropolitan-james-hi-soft-32-preto","","","","","","","","","43","","","","","","0","","","deny","manual","78.00","78.00","TRUE","TRUE","","","","","",""
"sapato-de-couro-metropolitan-james-hi-soft-32-preto","","","","","","","","","44","","","","","","0","","","deny","manual","78.00","78.00","TRUE","TRUE","","","","","",""
"bota-garage-astro-preto","Bota Garage Astro Preto","<div class=""vtex-flex-layout-0-x-flexColChild vtex-flex-layout-0-x-flexColChild--pdp__main-content-info pb2"">
<div class=""vtex-disclosure-layout-1-x-content vtex-disclosure-layout-1-x-content--description-and-specification vtex-disclosure-layout-1-x-content--visible vtex-disclosure-layout-1-x-content--description-and-specification--visible"" id=""id-0bq9rk"">
<div class=""vtex-store-components-3-x-productDescriptionContainer"">
<div class=""vtex-store-components-3-x-productDescriptionText c-muted-1"">
<div class=""vtex-flex-layout-0-x-flexColChild vtex-flex-layout-0-x-flexColChild--pdp__main-content-info pb2"">
<div class=""vtex-disclosure-layout-1-x-content vtex-disclosure-layout-1-x-content--description-and-specification vtex-disclosure-layout-1-x-content--visible vtex-disclosure-layout-1-x-content--description-and-specification--visible"" id=""id-q6svuq"">
<div class=""vtex-store-components-3-x-productDescriptionContainer"">
<div class=""vtex-store-components-3-x-productDescriptionText c-muted-1"">
<div class=""vtex-flex-layout-0-x-flexColChild vtex-flex-layout-0-x-flexColChild--pdp__main-content-info pb2"">
<div class=""vtex-disclosure-layout-1-x-content vtex-disclosure-layout-1-x-content--description-and-specification vtex-disclosure-layout-1-x-content--visible vtex-disclosure-layout-1-x-content--description-and-specification--visible"" id=""id-88bu9d"">
<div class=""vtex-store-components-3-x-productDescriptionContainer"">
<div class=""vtex-store-components-3-x-productDescriptionText c-muted-1"">
<div class=""vtex-flex-layout-0-x-flexColChild vtex-flex-layout-0-x-flexColChild--pdp__main-content-info pb2"">
<div class=""vtex-disclosure-layout-1-x-content vtex-disclosure-layout-1-x-content--description-and-specification vtex-disclosure-layout-1-x-content--visible vtex-disclosure-layout-1-x-content--description-and-specification--visible"" id=""id-88eldj"">
<div class=""vtex-store-components-3-x-productDescriptionContainer"">
<div class=""vtex-store-components-3-x-productDescriptionText c-muted-1"">
<p>A<span> </span><strong><a href=""https://www.democrata.com.br/calcados/botas?O=OrderByReleaseDateDESC"">Bota</a><span> </span>Garage Astro na cor Preta</strong><span> </span>é confeccionada<span> </span><strong>em couro</strong><span> </span>hunter, que trás uma rusticidade ao calçado. Possui cabedal com detalhe em tira de tecido gorgurão, puxador no calcanhar, forro em couro e tecido,<strong><span> </span>fechamento em cadarço de amarrar</strong>. Também conta com sola de borracha com salto e antiderrapante, além de palmilha fixa ao calçado.</p>
<p>Linha Garage - Força, design, personalidade e conforto – principais atributos da linha criada para homens de vanguarda, que se distinguem e se destacam entre os demais. Rústicos e elegantes.</p>
<p>Características</p>
<p>Salto: 3cm</p>
<p>Cano: 9,5cm</p>
</div>
</div>
</div>
</div>
</div>
</div>
</div>
</div>
</div>
</div>
</div>
</div>
</div>
</div>
</div>
</div>","Tema Conversão","","","","true","Tamanho do calçado","37","","","","","","0","","","deny","manual","90.00","300.00","TRUE","TRUE","","https://cdn.shopify.com/s/files/1/0721/1168/5771/files/166879-1600-1600.jpg?v=1766929942","1","https://cdn.shopify.com/s/files/1/0721/1168/5771/files/166879-1600-1600.jpg?v=1766929942","","active"
"bota-garage-astro-preto","","","","","","","","","38","","","","","","0","","","deny","manual","90.00","300.00","TRUE","TRUE","","https://cdn.shopify.com/s/files/1/0721/1168/5771/files/166880-1600-1600.jpg?v=1766929942","2","https://cdn.shopify.com/s/files/1/0721/1168/5771/files/166879-1600-1600.jpg?v=1766929942","",""
"bota-garage-astro-preto","","","","","","","","","39","","","","","","0","","","deny","manual","90.00","300.00","TRUE","TRUE","","https://cdn.shopify.com/s/files/1/0721/1168/5771/files/166881-1600-1600.jpg?v=1766929942","3","https://cdn.shopify.com/s/files/1/0721/1168/5771/files/166879-1600-1600.jpg?v=1766929942","",""
"bota-garage-astro-preto","","","","","","","","","40","","","","","","0","","","deny","manual","90.00","300.00","TRUE","TRUE","","https://cdn.shopify.com/s/files/1/0721/1168/5771/files/166882-1600-1600.jpg?v=1766929942","4","https://cdn.shopify.com/s/files/1/0721/1168/5771/files/166879-1600-1600.jpg?v=1766929942","",""
"bota-garage-astro-preto","","","","","","","","","41","","","","","","0","","","deny","manual","90.00","300.00","TRUE","TRUE","","","","https://cdn.shopify.com/s/files/1/0721/1168/5771/files/166879-1600-1600.jpg?v=1766929942","",""
"bota-garage-astro-preto","","","","","","","","","42","","","","","","0","","","deny","manual","90.00","300.00","TRUE","TRUE","","","","https://cdn.shopify.com/s/files/1/0721/1168/5771/files/166879-1600-1600.jpg?v=1766929942","",""
"bota-garage-astro-preto","","","","","","","","","43","","","","","","0","","","deny","manual","90.00","300.00","TRUE","TRUE","","","","https://cdn.shopify.com/s/files/1/0721/1168/5771/files/166879-1600-1600.jpg?v=1766929942","",""
"bota-garage-astro-preto","","","","","","","","","44","","","","","","0","","","deny","manual","90.00","300.00","TRUE","TRUE","","","","https://cdn.shopify.com/s/files/1/0721/1168/5771/files/166879-1600-1600.jpg?v=1766929942","",""
"bota-garage-astro-mouro","Bota Garage Astro Mouro","<div class=""vtex-flex-layout-0-x-flexColChild vtex-flex-layout-0-x-flexColChild--pdp__main-content-info pb2"">
<div id=""id-0bq9rk"" class=""vtex-disclosure-layout-1-x-content vtex-disclosure-layout-1-x-content--description-and-specification vtex-disclosure-layout-1-x-content--visible vtex-disclosure-layout-1-x-content--description-and-specification--visible"">
<div class=""vtex-store-components-3-x-productDescriptionContainer"">
<div class=""vtex-store-components-3-x-productDescriptionText c-muted-1"">
<div class=""vtex-flex-layout-0-x-flexColChild vtex-flex-layout-0-x-flexColChild--pdp__main-content-info pb2"">
<div id=""id-q6svuq"" class=""vtex-disclosure-layout-1-x-content vtex-disclosure-layout-1-x-content--description-and-specification vtex-disclosure-layout-1-x-content--visible vtex-disclosure-layout-1-x-content--description-and-specification--visible"">
<div class=""vtex-store-components-3-x-productDescriptionContainer"">
<div class=""vtex-store-components-3-x-productDescriptionText c-muted-1"">
<div class=""vtex-flex-layout-0-x-flexColChild vtex-flex-layout-0-x-flexColChild--pdp__main-content-info pb2"">
<div id=""id-88bu9d"" class=""vtex-disclosure-layout-1-x-content vtex-disclosure-layout-1-x-content--description-and-specification vtex-disclosure-layout-1-x-content--visible vtex-disclosure-layout-1-x-content--description-and-specification--visible"">
<div class=""vtex-store-components-3-x-productDescriptionContainer"">
<div class=""vtex-store-components-3-x-productDescriptionText c-muted-1"">
<div class=""vtex-flex-layout-0-x-flexColChild vtex-flex-layout-0-x-flexColChild--pdp__main-content-info pb2"">
<div id=""id-88eldj"" class=""vtex-disclosure-layout-1-x-content vtex-disclosure-layout-1-x-content--description-and-specification vtex-disclosure-layout-1-x-content--visible vtex-disclosure-layout-1-x-content--description-and-specification--visible"">
<div class=""vtex-store-components-3-x-productDescriptionContainer"">
<div class=""vtex-store-components-3-x-productDescriptionText c-muted-1"">
<p>A<span> </span><strong>Bota Garage Astro na cor Mouro</strong><span> </span>é confeccionada<span> </span><strong>em couro</strong><span> </span>hunter, que trás uma rusticidade ao calçado. Possui cabedal com detalhe em tira de tecido gorgurão, puxador no calcanhar, forro em couro e tecido,<strong><span> </span>fechamento em cadarço de amarrar</strong>. Também conta com sola de borracha com salto e antiderrapante, além de palmilha fixa ao calçado.</p>
<p>Linha Garage - Força, design, personalidade e conforto – principais atributos da linha criada para homens de vanguarda, que se distinguem e se destacam entre os demais. Rústicos e elegantes.</p>
<p>Características</p>
<p>Salto: 3cm</p>
<p>Cano: 9,5cm</p>
</div>
</div>
</div>
</div>
</div>
</div>
</div>
</div>
</div>
</div>
</div>
</div>
</div>
</div>
</div>
</div>","Tema Conversão","","","","true","Tamanho do calçado","37","","","","","","0","","","deny","manual","90.00","300.00","TRUE","TRUE","","https://cdn.shopify.com/s/files/1/0721/1168/5771/files/168019-1600-1600.jpg?v=1766929950","1","https://cdn.shopify.com/s/files/1/0721/1168/5771/files/168019-1600-1600.jpg?v=1766929950","","active"
"bota-garage-astro-mouro","","","","","","","","","38","","","","","","0","","","deny","manual","90.00","300.00","TRUE","TRUE","","https://cdn.shopify.com/s/files/1/0721/1168/5771/files/168020-1600-1600.jpg?v=1766929950","2","https://cdn.shopify.com/s/files/1/0721/1168/5771/files/168019-1600-1600.jpg?v=1766929950","",""
"bota-garage-astro-mouro","","","","","","","","","39","","","","","","0","","","deny","manual","90.00","300.00","TRUE","TRUE","","https://cdn.shopify.com/s/files/1/0721/1168/5771/files/168021-1600-1600.jpg?v=1766929950","3","https://cdn.shopify.com/s/files/1/0721/1168/5771/files/168019-1600-1600.jpg?v=1766929950","",""
"bota-garage-astro-mouro","","","","","","","","","40","","","","","","0","","","deny","manual","90.00","300.00","TRUE","TRUE","","https://cdn.shopify.com/s/files/1/0721/1168/5771/files/168022-1600-1600.jpg?v=1766929950","4","https://cdn.shopify.com/s/files/1/0721/1168/5771/files/168019-1600-1600.jpg?v=1766929950","",""
"bota-garage-astro-mouro","","","","","","","","","41","","","","","","0","","","deny","manual","90.00","300.00","TRUE","TRUE","","","","https://cdn.shopify.com/s/files/1/0721/1168/5771/files/168019-1600-1600.jpg?v=1766929950","",""
"bota-garage-astro-mouro","","","","","","","","","42","","","","","","0","","","deny","manual","90.00","300.00","TRUE","TRUE","","","","https://cdn.shopify.com/s/files/1/0721/1168/5771/files/168019-1600-1600.jpg?v=1766929950","",""
"bota-garage-astro-mouro","","","","","","","","","43","","","","","","0","","","deny","manual","90.00","300.00","TRUE","TRUE","","","","https://cdn.shopify.com/s/files/1/0721/1168/5771/files/168019-1600-1600.jpg?v=1766929950","",""
"bota-garage-astro-mouro","","","","","","","","","44","","","","","","0","","","deny","manual","90.00","300.00","TRUE","TRUE","","","","https://cdn.shopify.com/s/files/1/0721/1168/5771/files/168019-1600-1600.jpg?v=1766929950","",""
"bota-denim-marrom-clash","Bota Denim Marrom Clash","<div class=""vtex-flex-layout-0-x-flexColChild vtex-flex-layout-0-x-flexColChild--pdp__main-content-info pb2"">
<div id=""id-0bq9rk"" class=""vtex-disclosure-layout-1-x-content vtex-disclosure-layout-1-x-content--description-and-specification vtex-disclosure-layout-1-x-content--visible vtex-disclosure-layout-1-x-content--description-and-specification--visible"">
<div class=""vtex-store-components-3-x-productDescriptionContainer"">
<div class=""vtex-store-components-3-x-productDescriptionText c-muted-1"">
<div class=""vtex-flex-layout-0-x-flexColChild vtex-flex-layout-0-x-flexColChild--pdp__main-content-info pb2"">
<div id=""id-q6svuq"" class=""vtex-disclosure-layout-1-x-content vtex-disclosure-layout-1-x-content--description-and-specification vtex-disclosure-layout-1-x-content--visible vtex-disclosure-layout-1-x-content--description-and-specification--visible"">
<div class=""vtex-store-components-3-x-productDescriptionContainer"">
<div class=""vtex-store-components-3-x-productDescriptionText c-muted-1"">
<div class=""vtex-flex-layout-0-x-flexColChild vtex-flex-layout-0-x-flexColChild--pdp__main-content-info pb2"">
<div id=""id-88bu9d"" class=""vtex-disclosure-layout-1-x-content vtex-disclosure-layout-1-x-content--description-and-specification vtex-disclosure-layout-1-x-content--visible vtex-disclosure-layout-1-x-content--description-and-specification--visible"">
<div class=""vtex-store-components-3-x-productDescriptionContainer"">
<div class=""vtex-store-components-3-x-productDescriptionText c-muted-1"">
<div class=""vtex-flex-layout-0-x-flexColChild vtex-flex-layout-0-x-flexColChild--pdp__main-content-info pb2"">
<div id=""id-88eldj"" class=""vtex-disclosure-layout-1-x-content vtex-disclosure-layout-1-x-content--description-and-specification vtex-disclosure-layout-1-x-content--visible vtex-disclosure-layout-1-x-content--description-and-specification--visible"">
<div class=""vtex-store-components-3-x-productDescriptionContainer"">
<div class=""vtex-store-components-3-x-productDescriptionText c-muted-1"">
<p class=""MsoNormal"">A bota de couro Café Denim Clash é um produto robusto, moderno e estiloso.</p>
<p class=""MsoNormal"">A Bota Denim Clash é confeccionado em couro na café, possui fechamento em cadarço de amarrar facilitando o calce, tag com o logo da marca na língua e puxador de tecido no calcanhar, costura na parte superior do cabedal feita a mão. Sua sola é feita de Micro Expandido e blaqueada na lateral, além de contar com uma palmilha macia feita de P.U e bico arredondado.</p>
<p class=""MsoNormal"">Conceito Denim - Liberdade para transitar de uma reunião de trabalho para um happy hour e estar bem vestido. Contemporâneo, despojado, confortável e leve, perfeito para o uso no dia a dia.</p>
</div>
</div>
</div>
</div>
</div>
</div>
</div>
</div>
</div>
</div>
</div>
</div>
</div>
</div>
</div>
</div>","Tema Conversão","","","","true","Tamanho do calçado","37","","","","","","0","","","deny","manual","89.97","299.90","TRUE","TRUE","","https://cdn.shopify.com/s/files/1/0721/1168/5771/files/169735-1600-1600.jpg?v=1766929866","1","https://cdn.shopify.com/s/files/1/0721/1168/5771/files/169735-1600-1600.jpg?v=1766929866","","active"
"bota-denim-marrom-clash","","","","","","","","","38","","","","","","0","","","deny","manual","89.97","299.90","TRUE","TRUE","","https://cdn.shopify.com/s/files/1/0721/1168/5771/files/169736-1600-1600.jpg?v=1766929866","2","https://cdn.shopify.com/s/files/1/0721/1168/5771/files/169735-1600-1600.jpg?v=1766929866","",""
"bota-denim-marrom-clash","","","","","","","","","39","","","","","","0","","","deny","manual","89.97","299.90","TRUE","TRUE","","https://cdn.shopify.com/s/files/1/0721/1168/5771/files/169737-1600-1600.jpg?v=1766929868","3","https://cdn.shopify.com/s/files/1/0721/1168/5771/files/169735-1600-1600.jpg?v=1766929866","",""
"bota-denim-marrom-clash","","","","","","","","","40","","","","","","0","","","deny","manual","89.97","299.90","TRUE","TRUE","","https://cdn.shopify.com/s/files/1/0721/1168/5771/files/169738-1600-1600.jpg?v=1766929869","4","https://cdn.shopify.com/s/files/1/0721/1168/5771/files/169735-1600-1600.jpg?v=1766929866","",""
"bota-denim-marrom-clash","","","","","","","","","41","","","","","","0","","","deny","manual","89.97","299.90","TRUE","TRUE","","","","https://cdn.shopify.com/s/files/1/0721/1168/5771/files/169735-1600-1600.jpg?v=1766929866","",""
"bota-denim-marrom-clash","","","","","","","","","42","","","","","","0","","","deny","manual","89.97","299.90","TRUE","TRUE","","","","https://cdn.shopify.com/s/files/1/0721/1168/5771/files/169735-1600-1600.jpg?v=1766929866","",""
"bota-denim-marrom-clash","","","","","","","","","43","","","","","","0","","","deny","manual","89.97","299.90","TRUE","TRUE","","","","https://cdn.shopify.com/s/files/1/0721/1168/5771/files/169735-1600-1600.jpg?v=1766929866","",""
"bota-denim-marrom-clash","","","","","","","","","44","","","","","","0","","","deny","manual","89.97","299.90","TRUE","TRUE","","","","https://cdn.shopify.com/s/files/1/0721/1168/5771/files/169735-1600-1600.jpg?v=1766929866","",""
"bota-denim-clash-preto","Bota Denim Clash Preto","<div class=""vtex-flex-layout-0-x-flexColChild vtex-flex-layout-0-x-flexColChild--pdp__main-content-info pb2"">
<div id=""id-0bq9rk"" class=""vtex-disclosure-layout-1-x-content vtex-disclosure-layout-1-x-content--description-and-specification vtex-disclosure-layout-1-x-content--visible vtex-disclosure-layout-1-x-content--description-and-specification--visible"">
<div class=""vtex-store-components-3-x-productDescriptionContainer"">
<div class=""vtex-store-components-3-x-productDescriptionText c-muted-1"">
<div class=""vtex-flex-layout-0-x-flexColChild vtex-flex-layout-0-x-flexColChild--pdp__main-content-info pb2"">
<div id=""id-q6svuq"" class=""vtex-disclosure-layout-1-x-content vtex-disclosure-layout-1-x-content--description-and-specification vtex-disclosure-layout-1-x-content--visible vtex-disclosure-layout-1-x-content--description-and-specification--visible"">
<div class=""vtex-store-components-3-x-productDescriptionContainer"">
<div class=""vtex-store-components-3-x-productDescriptionText c-muted-1"">
<div class=""vtex-flex-layout-0-x-flexColChild vtex-flex-layout-0-x-flexColChild--pdp__main-content-info pb2"">
<div id=""id-88bu9d"" class=""vtex-disclosure-layout-1-x-content vtex-disclosure-layout-1-x-content--description-and-specification vtex-disclosure-layout-1-x-content--visible vtex-disclosure-layout-1-x-content--description-and-specification--visible"">
<div class=""vtex-store-components-3-x-productDescriptionContainer"">
<div class=""vtex-store-components-3-x-productDescriptionText c-muted-1"">
<div class=""vtex-flex-layout-0-x-flexColChild vtex-flex-layout-0-x-flexColChild--pdp__main-content-info pb2"">
<div id=""id-88eldj"" class=""vtex-disclosure-layout-1-x-content vtex-disclosure-layout-1-x-content--description-and-specification vtex-disclosure-layout-1-x-content--visible vtex-disclosure-layout-1-x-content--description-and-specification--visible"">
<div class=""vtex-store-components-3-x-productDescriptionContainer"">
<div class=""vtex-store-components-3-x-productDescriptionText c-muted-1"">
<p class=""MsoNormal"">A bota de couro Preto Denim Clash é um produto robusto, moderno e estiloso.</p>
<p class=""MsoNormal"">A Bota Denim Clash é confeccionado em couro na preto. Possui fechamento em cadarço de amarrar, facilitando o calce, tag com o logo da marca na língua e puxador de tecido no calcanhar, costura na parte superior do cabedal feita a mão. Sua sola é feita de Micro Expandido e blaqueada na lateral, além de contar com uma palmilha macia feita de P.U e bico arredondado.</p>
<p class=""MsoNormal""> </p>
<p class=""MsoNormal"">Conceito Denim - Liberdade para transitar de uma reunião de trabalho para um happy hour e estar bem vestido. Contemporâneo, despojado, confortável e leve, perfeito para o uso no dia a dia.</p>
</div>
</div>
</div>
</div>
</div>
</div>
</div>
</div>
</div>
</div>
</div>
</div>
</div>
</div>
</div>
</div>","Tema Conversão","","","","true","Tamanho do calçado","37","","","","","","0","","","deny","manual","89.97","299.90","TRUE","TRUE","","https://cdn.shopify.com/s/files/1/0721/1168/5771/files/169726-1600-1600.jpg?v=1766929870","1","https://cdn.shopify.com/s/files/1/0721/1168/5771/files/169728-1600-1600.jpg?v=1766929883","","active"
"bota-denim-clash-preto","","","","","","","","","38","","","","","","0","","","deny","manual","89.97","299.90","TRUE","TRUE","","https://cdn.shopify.com/s/files/1/0721/1168/5771/files/169728-1600-1600.jpg?v=1766929883","2","https://cdn.shopify.com/s/files/1/0721/1168/5771/files/169728-1600-1600.jpg?v=1766929883","",""
"bota-denim-clash-preto","","","","","","","","","39","","","","","","0","","","deny","manual","89.97","299.90","TRUE","TRUE","","https://cdn.shopify.com/s/files/1/0721/1168/5771/files/169729-1600-1600.jpg?v=1766929869","3","https://cdn.shopify.com/s/files/1/0721/1168/5771/files/169728-1600-1600.jpg?v=1766929883","",""
"bota-denim-clash-preto","","","","","","","","","40","","","","","","0","","","deny","manual","89.97","299.90","TRUE","TRUE","","https://cdn.shopify.com/s/files/1/0721/1168/5771/files/169730-1600-1600.jpg?v=1766929870","4","https://cdn.shopify.com/s/files/1/0721/1168/5771/files/169728-1600-1600.jpg?v=1766929883","",""
"bota-denim-clash-preto","","","","","","","","","41","","","","","","0","","","deny","manual","89.97","299.90","TRUE","TRUE","","","","https://cdn.shopify.com/s/files/1/0721/1168/5771/files/169728-1600-1600.jpg?v=1766929883","",""
"bota-denim-clash-preto","","","","","","","","","42","","","","","","0","","","deny","manual","89.97","299.90","TRUE","TRUE","","","","https://cdn.shopify.com/s/files/1/0721/1168/5771/files/169728-1600-1600.jpg?v=1766929883","",""
"bota-denim-clash-preto","","","","","","","","","43","","","","","","0","","","deny","manual","89.97","299.90","TRUE","TRUE","","","","https://cdn.shopify.com/s/files/1/0721/1168/5771/files/169728-1600-1600.jpg?v=1766929883","",""
"bota-denim-clash-preto","","","","","","","","","44","","","","","","0","","","deny","manual","89.97","299.90","TRUE","TRUE","","","","https://cdn.shopify.com/s/files/1/0721/1168/5771/files/169728-1600-1600.jpg?v=1766929883","",""
"bota-denim-clash-cafe","Bota Denim Clash Café","<div class=""vtex-flex-layout-0-x-flexColChild vtex-flex-layout-0-x-flexColChild--pdp__main-content-info pb2"">
<div id=""id-0bq9rk"" class=""vtex-disclosure-layout-1-x-content vtex-disclosure-layout-1-x-content--description-and-specification vtex-disclosure-layout-1-x-content--visible vtex-disclosure-layout-1-x-content--description-and-specification--visible"">
<div class=""vtex-store-components-3-x-productDescriptionContainer"">
<div class=""vtex-store-components-3-x-productDescriptionText c-muted-1"">
<div class=""vtex-flex-layout-0-x-flexColChild vtex-flex-layout-0-x-flexColChild--pdp__main-content-info pb2"">
<div id=""id-q6svuq"" class=""vtex-disclosure-layout-1-x-content vtex-disclosure-layout-1-x-content--description-and-specification vtex-disclosure-layout-1-x-content--visible vtex-disclosure-layout-1-x-content--description-and-specification--visible"">
<div class=""vtex-store-components-3-x-productDescriptionContainer"">
<div class=""vtex-store-components-3-x-productDescriptionText c-muted-1"">
<div class=""vtex-flex-layout-0-x-flexColChild vtex-flex-layout-0-x-flexColChild--pdp__main-content-info pb2"">
<div id=""id-88bu9d"" class=""vtex-disclosure-layout-1-x-content vtex-disclosure-layout-1-x-content--description-and-specification vtex-disclosure-layout-1-x-content--visible vtex-disclosure-layout-1-x-content--description-and-specification--visible"">
<div class=""vtex-store-components-3-x-productDescriptionContainer"">
<div class=""vtex-store-components-3-x-productDescriptionText c-muted-1"">
<div class=""vtex-flex-layout-0-x-flexColChild vtex-flex-layout-0-x-flexColChild--pdp__main-content-info pb2"">
<div id=""id-88eldj"" class=""vtex-disclosure-layout-1-x-content vtex-disclosure-layout-1-x-content--description-and-specification vtex-disclosure-layout-1-x-content--visible vtex-disclosure-layout-1-x-content--description-and-specification--visible"">
<div class=""vtex-store-components-3-x-productDescriptionContainer"">
<div class=""vtex-store-components-3-x-productDescriptionText c-muted-1"">
<p class=""MsoNormal"">A bota de couro Café Denim Clash é um produto robusto, moderno e estiloso.</p>
<p class=""MsoNormal"">A Bota Denim Clash é confeccionado em couro na café, possui fechamento em cadarço de amarrar facilitando o calce, tag com o logo da marca na língua e puxador de tecido no calcanhar, costura na parte superior do cabedal feita a mão. Sua sola é feita de Micro Expandido e blaqueada na lateral, além de contar com uma palmilha macia feita de P.U e bico arredondado.</p>
<p class=""MsoNormal"">Conceito Denim - Liberdade para transitar de uma reunião de trabalho para um happy hour e estar bem vestido. Contemporâneo, despojado, confortável e leve, perfeito para o uso no dia a dia.</p>
</div>
</div>
</div>
</div>
</div>
</div>
</div>
</div>
</div>
</div>
</div>
</div>
</div>
</div>
</div>
</div>","Tema Conversão","","","","true","Tamanho do calçado","37","","","","","","0","","","deny","manual","89.97","299.90","TRUE","TRUE","","https://cdn.shopify.com/s/files/1/0721/1168/5771/files/169731-1600-1600.jpg?v=1766929883","1","https://cdn.shopify.com/s/files/1/0721/1168/5771/files/169731-1600-1600.jpg?v=1766929883","","active"
"bota-denim-clash-cafe","","","","","","","","","38","","","","","","0","","","deny","manual","89.97","299.90","TRUE","TRUE","","https://cdn.shopify.com/s/files/1/0721/1168/5771/files/169732-1600-1600.jpg?v=1766929866","2","https://cdn.shopify.com/s/files/1/0721/1168/5771/files/169731-1600-1600.jpg?v=1766929883","",""
"bota-denim-clash-cafe","","","","","","","","","39","","","","","","0","","","deny","manual","89.97","299.90","TRUE","TRUE","","https://cdn.shopify.com/s/files/1/0721/1168/5771/files/169733-1600-1600.jpg?v=1766929869","3","https://cdn.shopify.com/s/files/1/0721/1168/5771/files/169731-1600-1600.jpg?v=1766929883","",""
"bota-denim-clash-cafe","","","","","","","","","40","","","","","","0","","","deny","manual","89.97","299.90","TRUE","TRUE","","https://cdn.shopify.com/s/files/1/0721/1168/5771/files/169734-1600-1600.jpg?v=1766929868","4","https://cdn.shopify.com/s/files/1/0721/1168/5771/files/169731-1600-1600.jpg?v=1766929883","",""
"bota-denim-clash-cafe","","","","","","","","","41","","","","","","0","","","deny","manual","89.97","299.90","TRUE","TRUE","","","","https://cdn.shopify.com/s/files/1/0721/1168/5771/files/169731-1600-1600.jpg?v=1766929883","",""
"bota-denim-clash-cafe","","","","","","","","","42","","","","","","0","","","deny","manual","89.97","299.90","TRUE","TRUE","","","","https://cdn.shopify.com/s/files/1/0721/1168/5771/files/169731-1600-1600.jpg?v=1766929883","",""
"bota-denim-clash-cafe","","","","","","","","","43","","","","","","0","","","deny","manual","89.97","299.90","TRUE","TRUE","","","","https://cdn.shopify.com/s/files/1/0721/1168/5771/files/169731-1600-1600.jpg?v=1766929883","",""
"bota-denim-clash-cafe","","","","","","","","","44","","","","","","0","","","deny","manual","89.97","299.90","TRUE","TRUE","","","","https://cdn.shopify.com/s/files/1/0721/1168/5771/files/169731-1600-1600.jpg?v=1766929883","",""
"bota-denim-bold-marrom","Bota Denim Bold Marrom","<div class=""vtex-flex-layout-0-x-flexColChild vtex-flex-layout-0-x-flexColChild--pdp__main-content-info pb2"">
<div class=""vtex-disclosure-layout-1-x-content vtex-disclosure-layout-1-x-content--description-and-specification vtex-disclosure-layout-1-x-content--visible vtex-disclosure-layout-1-x-content--description-and-specification--visible"" id=""id-0bq9rk"">
<div class=""vtex-store-components-3-x-productDescriptionContainer"">
<div class=""vtex-store-components-3-x-productDescriptionText c-muted-1"">
<div class=""vtex-flex-layout-0-x-flexColChild vtex-flex-layout-0-x-flexColChild--pdp__main-content-info pb2"">
<div class=""vtex-disclosure-layout-1-x-content vtex-disclosure-layout-1-x-content--description-and-specification vtex-disclosure-layout-1-x-content--visible vtex-disclosure-layout-1-x-content--description-and-specification--visible"" id=""id-q6svuq"">
<div class=""vtex-store-components-3-x-productDescriptionContainer"">
<div class=""vtex-store-components-3-x-productDescriptionText c-muted-1"">
<div class=""vtex-flex-layout-0-x-flexColChild vtex-flex-layout-0-x-flexColChild--pdp__main-content-info pb2"">
<div class=""vtex-disclosure-layout-1-x-content vtex-disclosure-layout-1-x-content--description-and-specification vtex-disclosure-layout-1-x-content--visible vtex-disclosure-layout-1-x-content--description-and-specification--visible"" id=""id-88bu9d"">
<div class=""vtex-store-components-3-x-productDescriptionContainer"">
<div class=""vtex-store-components-3-x-productDescriptionText c-muted-1"">
<div class=""vtex-flex-layout-0-x-flexColChild vtex-flex-layout-0-x-flexColChild--pdp__main-content-info pb2"">
<div class=""vtex-disclosure-layout-1-x-content vtex-disclosure-layout-1-x-content--description-and-specification vtex-disclosure-layout-1-x-content--visible vtex-disclosure-layout-1-x-content--description-and-specification--visible"" id=""id-88eldj"">
<div class=""vtex-store-components-3-x-productDescriptionContainer"">
<div class=""vtex-store-components-3-x-productDescriptionText c-muted-1"">
<p class=""MsoNormal"">A Bota de Couro Marrom Denim Bold é um produto robusto e moderno, se destacando pelo solado com caixa alta que possui grande durabilidade.</p>
<p class=""MsoNormal"">Confeccionado em couro na cor marrom, possui o fechamento em cadarço de amarrar, bico arredondado e possui uma costura na parte superior do cabedal.</p>
<p class=""MsoNormal"">O solado é feito de Micro Expandido aumentando a sua durabilidade A palmilha é composto de P.U com forro de tecido. Contém detalhe da logo da marca na lateral e a língua é acolchoada.</p>
<p class=""MsoNormal"">O conceito Denim oferece liberdade para transitar de uma reunião de trabalho para um happy hour e estar bem vestido. Contemporâneo, despojado, confortável e leve, perfeito para o uso no dia a dia.</p>
</div>
</div>
</div>
</div>
</div>
</div>
</div>
</div>
</div>
</div>
</div>
</div>
</div>
</div>
</div>
</div>","Tema Conversão","","","","true","Tamanho do calçado","37","","","","","","0","","","deny","manual","98.97","329.90","TRUE","TRUE","","https://cdn.shopify.com/s/files/1/0721/1168/5771/files/169669-1600-1600.jpg?v=1766929875","1","https://cdn.shopify.com/s/files/1/0721/1168/5771/files/169669-1600-1600.jpg?v=1766929875","","active"
"bota-denim-bold-marrom","","","","","","","","","38","","","","","","0","","","deny","manual","98.97","329.90","TRUE","TRUE","","https://cdn.shopify.com/s/files/1/0721/1168/5771/files/169670-1600-1600.jpg?v=1766929868","2","https://cdn.shopify.com/s/files/1/0721/1168/5771/files/169669-1600-1600.jpg?v=1766929875","",""
"bota-denim-bold-marrom","","","","","","","","","39","","","","","","0","","","deny","manual","98.97","329.90","TRUE","TRUE","","https://cdn.shopify.com/s/files/1/0721/1168/5771/files/169671-1600-1600.jpg?v=1766929870","3","https://cdn.shopify.com/s/files/1/0721/1168/5771/files/169669-1600-1600.jpg?v=1766929875","",""
"bota-denim-bold-marrom","","","","","","","","","40","","","","","","0","","","deny","manual","98.97","329.90","TRUE","TRUE","","https://cdn.shopify.com/s/files/1/0721/1168/5771/files/169672-1600-1600.jpg?v=1766929872","4","https://cdn.shopify.com/s/files/1/0721/1168/5771/files/169669-1600-1600.jpg?v=1766929875","",""
"bota-denim-bold-marrom","","","","","","","","","41","","","","","","0","","","deny","manual","98.97","329.90","TRUE","TRUE","","","","https://cdn.shopify.com/s/files/1/0721/1168/5771/files/169669-1600-1600.jpg?v=1766929875","",""
"bota-denim-bold-marrom","","","","","","","","","42","","","","","","0","","","deny","manual","98.97","329.90","TRUE","TRUE","","","","https://cdn.shopify.com/s/files/1/0721/1168/5771/files/169669-1600-1600.jpg?v=1766929875","",""
"bota-denim-bold-marrom","","","","","","","","","43","","","","","","0","","","deny","manual","98.97","329.90","TRUE","TRUE","","","","https://cdn.shopify.com/s/files/1/0721/1168/5771/files/169669-1600-1600.jpg?v=1766929875","",""
"bota-denim-bold-marrom","","","","","","","","","44","","","","","","0","","","deny","manual","98.97","329.90","TRUE","TRUE","","","","https://cdn.shopify.com/s/files/1/0721/1168/5771/files/169669-1600-1600.jpg?v=1766929875","",""
"bota-denim-bold-cinza","Bota Denim Bold Cinza","<div class=""vtex-flex-layout-0-x-flexColChild vtex-flex-layout-0-x-flexColChild--pdp__main-content-info pb2"">
<div class=""vtex-disclosure-layout-1-x-content vtex-disclosure-layout-1-x-content--description-and-specification vtex-disclosure-layout-1-x-content--visible vtex-disclosure-layout-1-x-content--description-and-specification--visible"" id=""id-0bq9rk"">
<div class=""vtex-store-components-3-x-productDescriptionContainer"">
<div class=""vtex-store-components-3-x-productDescriptionText c-muted-1"">
<div class=""vtex-flex-layout-0-x-flexColChild vtex-flex-layout-0-x-flexColChild--pdp__main-content-info pb2"">
<div class=""vtex-disclosure-layout-1-x-content vtex-disclosure-layout-1-x-content--description-and-specification vtex-disclosure-layout-1-x-content--visible vtex-disclosure-layout-1-x-content--description-and-specification--visible"" id=""id-q6svuq"">
<div class=""vtex-store-components-3-x-productDescriptionContainer"">
<div class=""vtex-store-components-3-x-productDescriptionText c-muted-1"">
<div class=""vtex-flex-layout-0-x-flexColChild vtex-flex-layout-0-x-flexColChild--pdp__main-content-info pb2"">
<div class=""vtex-disclosure-layout-1-x-content vtex-disclosure-layout-1-x-content--description-and-specification vtex-disclosure-layout-1-x-content--visible vtex-disclosure-layout-1-x-content--description-and-specification--visible"" id=""id-88bu9d"">
<div class=""vtex-store-components-3-x-productDescriptionContainer"">
<div class=""vtex-store-components-3-x-productDescriptionText c-muted-1"">
<div class=""vtex-flex-layout-0-x-flexColChild vtex-flex-layout-0-x-flexColChild--pdp__main-content-info pb2"">
<div class=""vtex-disclosure-layout-1-x-content vtex-disclosure-layout-1-x-content--description-and-specification vtex-disclosure-layout-1-x-content--visible vtex-disclosure-layout-1-x-content--description-and-specification--visible"" id=""id-88eldj"">
<div class=""vtex-store-components-3-x-productDescriptionContainer"">
<div class=""vtex-store-components-3-x-productDescriptionText c-muted-1"">
<p class=""MsoNormal"">A Bota de Couro Cinza Denim Bold é um produto robusto e moderno, se destacando pelo solado com caixa alta que possui grande durabilidade.</p>
<p class=""MsoNormal"">Confeccionado em couro na cor cinza, possui o fechamento em cadarço de amarrar, bico arredondado e possui uma costura na parte superior do cabedal.</p>
<p class=""MsoNormal"">O solado é feito de Micro Expandido aumentando a sua durabilidade A palmilha é composto de P.U com forro de tecido. Contém detalhe da logo da marca na lateral e a língua é acolchoada.</p>
<p class=""MsoNormal"">Conceito Denim - liberdade para transitar de uma reunião de trabalho para um happy hour e estar bem vestido. Contemporâneo, despojado, confortável e leve, perfeito para o uso no dia a dia.</p>
</div>
</div>
</div>
</div>
</div>
</div>
</div>
</div>
</div>
</div>
</div>
</div>
</div>
</div>
</div>
</div>","Tema Conversão","","","","true","Tamanho do calçado","37","","","","","","0","","","deny","manual","98.97","329.90","TRUE","TRUE","","https://cdn.shopify.com/s/files/1/0721/1168/5771/files/170436-1600-1600.jpg?v=1766929863","1","https://cdn.shopify.com/s/files/1/0721/1168/5771/files/170436-1600-1600.jpg?v=1766929863","","active"
"bota-denim-bold-cinza","","","","","","","","","38","","","","","","0","","","deny","manual","98.97","329.90","TRUE","TRUE","","https://cdn.shopify.com/s/files/1/0721/1168/5771/files/170437-1600-1600.jpg?v=1766929862","2","https://cdn.shopify.com/s/files/1/0721/1168/5771/files/170436-1600-1600.jpg?v=1766929863","",""
"bota-denim-bold-cinza","","","","","","","","","39","","","","","","0","","","deny","manual","98.97","329.90","TRUE","TRUE","","https://cdn.shopify.com/s/files/1/0721/1168/5771/files/170438-1600-1600.jpg?v=1766929865","3","https://cdn.shopify.com/s/files/1/0721/1168/5771/files/170436-1600-1600.jpg?v=1766929863","",""
"bota-denim-bold-cinza","","","","","","","","","40","","","","","","0","","","deny","manual","98.97","329.90","TRUE","TRUE","","https://cdn.shopify.com/s/files/1/0721/1168/5771/files/170439-1600-1600.jpg?v=1766929863","4","https://cdn.shopify.com/s/files/1/0721/1168/5771/files/170436-1600-1600.jpg?v=1766929863","",""
"bota-denim-bold-cinza","","","","","","","","","41","","","","","","0","","","deny","manual","98.97","329.90","TRUE","TRUE","","","","https://cdn.shopify.com/s/files/1/0721/1168/5771/files/170436-1600-1600.jpg?v=1766929863","",""
"bota-denim-bold-cinza","","","","","","","","","42","","","","","","0","","","deny","manual","98.97","329.90","TRUE","TRUE","","","","https://cdn.shopify.com/s/files/1/0721/1168/5771/files/170436-1600-1600.jpg?v=1766929863","",""
"bota-denim-bold-cinza","","","","","","","","","43","","","","","","0","","","deny","manual","98.97","329.90","TRUE","TRUE","","","","https://cdn.shopify.com/s/files/1/0721/1168/5771/files/170436-1600-1600.jpg?v=1766929863","",""
"bota-denim-bold-cinza","","","","","","","","","44","","","","","","0","","","deny","manual","98.97","329.90","TRUE","TRUE","","","","https://cdn.shopify.com/s/files/1/0721/1168/5771/files/170436-1600-1600.jpg?v=1766929863","",""
"bota-astro-garage-marrom","Bota Astro Garage Marrom","<div class=""vtex-flex-layout-0-x-flexColChild vtex-flex-layout-0-x-flexColChild--pdp__main-content-info pb2"">
<div id=""id-0bq9rk"" class=""vtex-disclosure-layout-1-x-content vtex-disclosure-layout-1-x-content--description-and-specification vtex-disclosure-layout-1-x-content--visible vtex-disclosure-layout-1-x-content--description-and-specification--visible"">
<div class=""vtex-store-components-3-x-productDescriptionContainer"">
<div class=""vtex-store-components-3-x-productDescriptionText c-muted-1"">
<div class=""vtex-flex-layout-0-x-flexColChild vtex-flex-layout-0-x-flexColChild--pdp__main-content-info pb2"">
<div id=""id-q6svuq"" class=""vtex-disclosure-layout-1-x-content vtex-disclosure-layout-1-x-content--description-and-specification vtex-disclosure-layout-1-x-content--visible vtex-disclosure-layout-1-x-content--description-and-specification--visible"">
<div class=""vtex-store-components-3-x-productDescriptionContainer"">
<div class=""vtex-store-components-3-x-productDescriptionText c-muted-1"">
<div class=""vtex-flex-layout-0-x-flexColChild vtex-flex-layout-0-x-flexColChild--pdp__main-content-info pb2"">
<div id=""id-88bu9d"" class=""vtex-disclosure-layout-1-x-content vtex-disclosure-layout-1-x-content--description-and-specification vtex-disclosure-layout-1-x-content--visible vtex-disclosure-layout-1-x-content--description-and-specification--visible"">
<div class=""vtex-store-components-3-x-productDescriptionContainer"">
<div class=""vtex-store-components-3-x-productDescriptionText c-muted-1"">
<div class=""vtex-flex-layout-0-x-flexColChild vtex-flex-layout-0-x-flexColChild--pdp__main-content-info pb2"">
<div id=""id-88eldj"" class=""vtex-disclosure-layout-1-x-content vtex-disclosure-layout-1-x-content--description-and-specification vtex-disclosure-layout-1-x-content--visible vtex-disclosure-layout-1-x-content--description-and-specification--visible"">
<div class=""vtex-store-components-3-x-productDescriptionContainer"">
<div class=""vtex-store-components-3-x-productDescriptionText c-muted-1"">
<p>A <span>Bota Garage Astro na cor Marrom</span> é confeccionada <span>em couro</span> hunter, que trás uma rusticidade ao calçado. Possui cabedal com recortes no couro, puxador no calcanhar, forro em couro e tecido,<span> fechamento em cadarço de amarrar </span>e zíper na lateral. Também conta com sola de borracha com salto e antiderrapante, além de palmilha fixa ao calçado.</p>
<p>Linha Garage - Força, design, personalidade e conforto – principais atributos da linha criada para homens de vanguarda, que se distinguem e se destacam entre os demais. Rústicos e elegantes.</p>
<p>Características</p>
<p>Salto: 3cm</p>
<p>Cano: 12,5cm</p>
</div>
</div>
</div>
</div>
</div>
</div>
</div>
</div>
</div>
</div>
</div>
</div>
</div>
</div>
</div>
</div>","Tema Conversão","","","","true","Tamanho do calçado","37","","","","","","0","","","deny","manual","119.97","399.90","TRUE","TRUE","","https://cdn.shopify.com/s/files/1/0721/1168/5771/files/168912-1600-1600.jpg?v=1766929865","1","https://cdn.shopify.com/s/files/1/0721/1168/5771/files/168912-1600-1600.jpg?v=1766929865","","active"
"bota-astro-garage-marrom","","","","","","","","","38","","","","","","0","","","deny","manual","119.97","399.90","TRUE","TRUE","","https://cdn.shopify.com/s/files/1/0721/1168/5771/files/168913-1600-1600.jpg?v=1766929865","2","https://cdn.shopify.com/s/files/1/0721/1168/5771/files/168912-1600-1600.jpg?v=1766929865","",""
"bota-astro-garage-marrom","","","","","","","","","39","","","","","","0","","","deny","manual","119.97","399.90","TRUE","TRUE","","https://cdn.shopify.com/s/files/1/0721/1168/5771/files/168935-1600-1600.jpg?v=1766929866","3","https://cdn.shopify.com/s/files/1/0721/1168/5771/files/168912-1600-1600.jpg?v=1766929865","",""
"bota-astro-garage-marrom","","","","","","","","","40","","","","","","0","","","deny","manual","119.97","399.90","TRUE","TRUE","","https://cdn.shopify.com/s/files/1/0721/1168/5771/files/168936-1600-1600.jpg?v=1766929864","4","https://cdn.shopify.com/s/files/1/0721/1168/5771/files/168912-1600-1600.jpg?v=1766929865","",""
"bota-astro-garage-marrom","","","","","","","","","41","","","","","","0","","","deny","manual","119.97","399.90","TRUE","TRUE","","","","https://cdn.shopify.com/s/files/1/0721/1168/5771/files/168912-1600-1600.jpg?v=1766929865","",""
"bota-astro-garage-marrom","","","","","","","","","42","","","","","","0","","","deny","manual","119.97","399.90","TRUE","TRUE","","","","https://cdn.shopify.com/s/files/1/0721/1168/5771/files/168912-1600-1600.jpg?v=1766929865","",""
"bota-astro-garage-marrom","","","","","","","","","43","","","","","","0","","","deny","manual","119.97","399.90","TRUE","TRUE","","","","https://cdn.shopify.com/s/files/1/0721/1168/5771/files/168912-1600-1600.jpg?v=1766929865","",""
"bota-astro-garage-marrom","","","","","","","","","44","","","","","","0","","","deny","manual","119.97","399.90","TRUE","TRUE","","","","https://cdn.shopify.com/s/files/1/0721/1168/5771/files/168912-1600-1600.jpg?v=1766929865","",""
"bota-astro-garage-cafe","Bota Astro Garage Café","<div class=""vtex-flex-layout-0-x-flexColChild vtex-flex-layout-0-x-flexColChild--pdp__main-content-info pb2"">
<div id=""id-0bq9rk"" class=""vtex-disclosure-layout-1-x-content vtex-disclosure-layout-1-x-content--description-and-specification vtex-disclosure-layout-1-x-content--visible vtex-disclosure-layout-1-x-content--description-and-specification--visible"">
<div class=""vtex-store-components-3-x-productDescriptionContainer"">
<div class=""vtex-store-components-3-x-productDescriptionText c-muted-1"">
<div class=""vtex-flex-layout-0-x-flexColChild vtex-flex-layout-0-x-flexColChild--pdp__main-content-info pb2"">
<div id=""id-q6svuq"" class=""vtex-disclosure-layout-1-x-content vtex-disclosure-layout-1-x-content--description-and-specification vtex-disclosure-layout-1-x-content--visible vtex-disclosure-layout-1-x-content--description-and-specification--visible"">
<div class=""vtex-store-components-3-x-productDescriptionContainer"">
<div class=""vtex-store-components-3-x-productDescriptionText c-muted-1"">
<div class=""vtex-flex-layout-0-x-flexColChild vtex-flex-layout-0-x-flexColChild--pdp__main-content-info pb2"">
<div id=""id-88bu9d"" class=""vtex-disclosure-layout-1-x-content vtex-disclosure-layout-1-x-content--description-and-specification vtex-disclosure-layout-1-x-content--visible vtex-disclosure-layout-1-x-content--description-and-specification--visible"">
<div class=""vtex-store-components-3-x-productDescriptionContainer"">
<div class=""vtex-store-components-3-x-productDescriptionText c-muted-1"">
<div class=""vtex-flex-layout-0-x-flexColChild vtex-flex-layout-0-x-flexColChild--pdp__main-content-info pb2"">
<div id=""id-88eldj"" class=""vtex-disclosure-layout-1-x-content vtex-disclosure-layout-1-x-content--description-and-specification vtex-disclosure-layout-1-x-content--visible vtex-disclosure-layout-1-x-content--description-and-specification--visible"">
<div class=""vtex-store-components-3-x-productDescriptionContainer"">
<div class=""vtex-store-components-3-x-productDescriptionText c-muted-1"">
<p>A <span>Bota Garage Astro na cor Café</span> é confeccionada <span>em couro</span>. Possui cabedal com detalhe em tira de tecido gorgurão, puxador no calcanhar, forro em couro e tecido,<span> fechamento em cadarço de amarrar</span>. Também conta com sola de borracha com salto e antiderrapante, além de palmilha fixa ao calçado.</p>
<p>Linha Garage - Força, design, personalidade e conforto – principais atributos da linha criada para homens de vanguarda, que se distinguem e se destacam entre os demais. Rústicos e elegantes..</p>
<p>Características</p>
<p>Salto: 3cm.</p>
<p>Cano: 9,5cm.</p>
</div>
</div>
</div>
</div>
</div>
</div>
</div>
</div>
</div>
</div>
</div>
</div>
</div>
</div>
</div>
</div>","Tema Conversão","","","","true","Tamanho do calçado","37","","","","","","0","","","deny","manual","90.00","300.00","TRUE","TRUE","","https://cdn.shopify.com/s/files/1/0721/1168/5771/files/168875-1600-1600.jpg?v=1766929936","1","https://cdn.shopify.com/s/files/1/0721/1168/5771/files/168875-1600-1600.jpg?v=1766929936","","active"
"bota-astro-garage-cafe","","","","","","","","","38","","","","","","0","","","deny","manual","90.00","300.00","TRUE","TRUE","","https://cdn.shopify.com/s/files/1/0721/1168/5771/files/168876-1600-1600.jpg?v=1766929937","2","https://cdn.shopify.com/s/files/1/0721/1168/5771/files/168875-1600-1600.jpg?v=1766929936","",""
"bota-astro-garage-cafe","","","","","","","","","39","","","","","","0","","","deny","manual","90.00","300.00","TRUE","TRUE","","https://cdn.shopify.com/s/files/1/0721/1168/5771/files/168877-1600-1600.jpg?v=1766929936","3","https://cdn.shopify.com/s/files/1/0721/1168/5771/files/168875-1600-1600.jpg?v=1766929936","",""
"bota-astro-garage-cafe","","","","","","","","","40","","","","","","0","","","deny","manual","90.00","300.00","TRUE","TRUE","","https://cdn.shopify.com/s/files/1/0721/1168/5771/files/168878-1600-1600.jpg?v=1766929937","4","https://cdn.shopify.com/s/files/1/0721/1168/5771/files/168875-1600-1600.jpg?v=1766929936","",""
"bota-astro-garage-cafe","","","","","","","","","41","","","","","","0","","","deny","manual","90.00","300.00","TRUE","TRUE","","","","https://cdn.shopify.com/s/files/1/0721/1168/5771/files/168875-1600-1600.jpg?v=1766929936","",""
"bota-astro-garage-cafe","","","","","","","","","42","","","","","","0","","","deny","manual","90.00","300.00","TRUE","TRUE","","","","https://cdn.shopify.com/s/files/1/0721/1168/5771/files/168875-1600-1600.jpg?v=1766929936","",""
"bota-astro-garage-cafe","","","","","","","","","43","","","","","","0","","","deny","manual","90.00","300.00","TRUE","TRUE","","","","https://cdn.shopify.com/s/files/1/0721/1168/5771/files/168875-1600-1600.jpg?v=1766929936","",""
"bota-astro-garage-cafe","","","","","","","","","44","","","","","","0","","","deny","manual","90.00","300.00","TRUE","TRUE","","","","https://cdn.shopify.com/s/files/1/0721/1168/5771/files/168875-1600-1600.jpg?v=1766929936","",""
"bolsa-tiracolo-em-couro-preto","Bolsa Tiracolo Em Couro Preto","<p class=""MsoNormal""><span>Prática e funcional, é um produto slim e ideal para o dia a dia e viagens. A divisão para tablet pode ser tanto utilizada para proteger seu equipamento ou também como uma simples divisão e organização dos seus itens. Uma peça perfeita pra quem trabalha carregando poucos itens, ou pra quem viaja e quer ter todo o essencial sempre à mão e organizado.</span></p>
<p class=""MsoNormal""><span>Material externo: Couro <br>Cor: Preto<br>Material interno: Tecido Xadrez 70% algodão / 30% poliéster<br>Metais de alta qualidade.<br><br></span></p>
<ul>
<li class=""MsoNormal""><span>Divisão principal com zíper</span></li>
<li class=""MsoNormal""><span>Compartimento acolchoado e seguro para tablet de até 12”</span></li>
<li class=""MsoNormal""><span>Porta caneta e um bolso organizador para itens pequenos</span></li>
<li class=""MsoNormal""><span>Bolso prático e seguro, com zíper, nas costas da bolsa</span></li>
<li class=""MsoNormal""><span>Alça de ombro regulável</span></li>
</ul>
<p class=""MsoNormal""><span>DIMENSÕES<br>Medidas: 26 cm L x 30 cm A x 6 cm P<br>Peso: 0,7 kg</span></p>","Tema Conversão","","","","true","Title","Default Title","","","","","","0","","","deny","manual","239.97","799.90","TRUE","TRUE","","https://cdn.shopify.com/s/files/1/0721/1168/5771/files/164463-1600-1600.jpg?v=1766929829","1","","","active"
"bolsa-tiracolo-em-couro-preto","","","","","","","","","","","","","","","","","","","","","","","","","https://cdn.shopify.com/s/files/1/0721/1168/5771/files/164465-1600-1600.jpg?v=1766929829","2","","",""
"bolsa-tiracolo-em-couro-preto","","","","","","","","","","","","","","","","","","","","","","","","","https://cdn.shopify.com/s/files/1/0721/1168/5771/files/165534-1600-1600.jpg?v=1766929827","3","","",""
"bolsa-tiracolo-em-couro-preto","","","","","","","","","","","","","","","","","","","","","","","","","https://cdn.shopify.com/s/files/1/0721/1168/5771/files/169557-1600-1600.jpg?v=1766929828","4","","",""
"bolsa-tiracolo-em-couro-preto","","","","","","","","","","","","","","","","","","","","","","","","","https://cdn.shopify.com/s/files/1/0721/1168/5771/files/169558-1600-1600.jpg?v=1766929827","5","","",""
"bolsa-tiracolo-em-couro-cafe","Bolsa Tiracolo Em Couro Café","<p class=""MsoNormal""><span>Prática e funcional, é um produto slim e ideal para o dia a dia e viagens. A divisão para tablet pode ser tanto utilizada para proteger seu equipamento ou também como uma simples divisão e organização dos seus itens. Uma peça perfeita pra quem trabalha carregando poucos itens, ou pra quem viaja e quer ter todo o essencial sempre à mão e organizado.</span></p>
<p class=""MsoNormal""><span>Material externo: Couro <br>Cor: Café<br>Material interno: Tecido Xadrez 70% algodão / 30% poliéster<br>Metais de alta qualidade.<br><br></span></p>
<ul>
<li class=""MsoNormal""><span>Divisão principal com zíper</span></li>
<li class=""MsoNormal""><span>Compartimento acolchoado e seguro para tablet de até 12”</span></li>
<li class=""MsoNormal""><span>Porta caneta e um bolso organizador para itens pequenos</span></li>
<li class=""MsoNormal""><span>Bolso prático e seguro, com zíper, nas costas da bolsa</span></li>
<li class=""MsoNormal""><span>Alça de ombro regulável</span></li>
</ul>
<p> </p>
<p class=""MsoNormal""><span>DIMENSÕES<br>Medidas: 26 cm L x 30 cm A x 6 cm P<br>Peso: 0,7 kg</span></p>","Tema Conversão","","","","true","Title","Default Title","","","","","","0","","","deny","manual","240.00","800.00","TRUE","TRUE","","https://cdn.shopify.com/s/files/1/0721/1168/5771/files/165531-1600-1600.jpg?v=1766929822","1","","","active"
"bolsa-tiracolo-em-couro-cafe","","","","","","","","","","","","","","","","","","","","","","","","","https://cdn.shopify.com/s/files/1/0721/1168/5771/files/165532-1600-1600.jpg?v=1766929820","2","","",""
"bolsa-tiracolo-em-couro-cafe","","","","","","","","","","","","","","","","","","","","","","","","","https://cdn.shopify.com/s/files/1/0721/1168/5771/files/165533-1600-1600.jpg?v=1766929823","3","","",""
"bolsa-tiracolo-em-couro-cafe","","","","","","","","","","","","","","","","","","","","","","","","","https://cdn.shopify.com/s/files/1/0721/1168/5771/files/166530-1600-1600.jpg?v=1766929821","4","","",""
"bolsa-carteiro-em-couro-preto","Bolsa Carteiro em Couro Preto","<p></p>","Tema Conversão","","","","true","Title","Default Title","","","","","","0","","","deny","manual","180.00","900.00","TRUE","TRUE","","https://cdn.shopify.com/s/files/1/0721/1168/5771/files/170712-1600-1600.jpg?v=1766929891","1","","","active"
"bolsa-carteiro-em-couro-preto","","","","","","","","","","","","","","","","","","","","","","","","","https://cdn.shopify.com/s/files/1/0721/1168/5771/files/170713-1600-1600.jpg?v=1766929821","2","","",""
"bolsa-carteiro-em-couro-preto","","","","","","","","","","","","","","","","","","","","","","","","","https://cdn.shopify.com/s/files/1/0721/1168/5771/files/170714-1600-1600.jpg?v=1766929818","3","","",""
"bolsa-carteiro-em-couro-preto","","","","","","","","","","","","","","","","","","","","","","","","","https://cdn.shopify.com/s/files/1/0721/1168/5771/files/170715-1600-1600.jpg?v=1766929832","4","","",""
"bolsa-carteiro-em-couro-preto","","","","","","","","","","","","","","","","","","","","","","","","","https://cdn.shopify.com/s/files/1/0721/1168/5771/files/170716-1600-1600.jpg?v=1766929886","5","","",""
"bolsa-carteiro-em-couro-camel","Bolsa Carteiro Em Couro Camel","<p class=""MsoNormal""><span>Com seu design clean ela agrada a todos. Um produto leve e funcional, que comporta notebook de até 15,4"", e possui espaço para livros, documentos, e demais objetos. Um bolso com zíper e porta objetos têm fácil acesso ao abrir a sua tampa.</span></p>
<p class=""MsoNormal""><span>Material externo: Couro<br>Cor: Camel<br>Material interno: Tecido Xadrez 70% algodão / 30% poliéster<br>Metais de alta qualidade cor ônix</span></p>
<ul>
<li class=""MsoNormal""><span>Divisão principal com zíper</span></li>
<li class=""MsoNormal""><span>Compartimento acolchoado e seguro para notebook de até 15,4”</span></li>
<li class=""MsoNormal""><span>Porta caneta e dois bolsos organizadores para itens pequenos</span></li>
<li class=""MsoNormal""><span>Bolso interno com zíper embaixo da tampa</span></li>
<li class=""MsoNormal""><span>Bolso prático e seguro nas costas da bolsa com zíper</span></li>
<li class=""MsoNormal""><span>Alça de ombro regulável</span></li>
</ul>
<p> </p>
<p class=""MsoNormal""><span>DIMENSÕES<br>Medidas: 38 cm L x 29 cm A x 8 cm P<br>Peso: 1,0 kg<br>Tamanho máximo do notebook: 15,4 polegadas</span></p>","Tema Conversão","","","","true","Title","Default Title","","","","","","0","","","deny","manual","180.00","900.00","TRUE","TRUE","","https://cdn.shopify.com/s/files/1/0721/1168/5771/files/165529-1600-1600.jpg?v=1766929894","1","","","active"
"bolsa-carteiro-em-couro-camel","","","","","","","","","","","","","","","","","","","","","","","","","https://cdn.shopify.com/s/files/1/0721/1168/5771/files/164479-1600-1600.jpg?v=1766929833","2","","",""
"bolsa-carteiro-em-couro-camel","","","","","","","","","","","","","","","","","","","","","","","","","https://cdn.shopify.com/s/files/1/0721/1168/5771/files/165530-1600-1600.jpg?v=1766929819","3","","",""
"bolsa-carteiro-em-couro-camel","","","","","","","","","","","","","","","","","","","","","","","","","https://cdn.shopify.com/s/files/1/0721/1168/5771/files/169560-1600-1600.jpg?v=1766929819","4","","",""
"bolsa-carteiro-em-couro-camel","","","","","","","","","","","","","","","","","","","","","","","","","https://cdn.shopify.com/s/files/1/0721/1168/5771/files/169561-1600-1600.jpg?v=1766929820","5","","",""